Workbook

Sheet DiagnosticSessionControl_0x10
B1: Test Level | C1: SYS.5
A2: Sequence Number | B2: System Requirement ID | C2: Test Case | G2: Design Method | H2: Precondition | I2: Test Procedure | J2: Expected Output | K2: Actual Output | L2: Judgement Result | M2: Defect ID
C3: ID | D3: Name | E3: Priority | F3: Author
A4: 1.Application Service_Physical Addressing
A5: 1.1 Session Layer Test
A6: 1 | B6: 1.General 2.DiagnosticServices | C6: Diag_0x10_Phy_001 | D6: Service 0x10 Default To Default | E6: High | F6: 陈亚-80025578 | G6: Based on analysis of requirements | H6: 1.Power On; | I6: 1.Send DiagBy[Physical]Data[10 01]; 2.Send DiagBy[Physical]Data[10 01]; | J6: 1.Check DiagData[50 01 00 32 00 C8]Within[50]ms; 2.Check DiagData[50 01 00 32 00 C8]Within[50]ms; | L6: Pass
A7: 2 | B7: 1.General 2.DiagnosticServices | C7: Diag_0x10_Phy_002 | D7: Service 0x10 Default To Programming | E7: High | F7: 陈亚-80025578 | G7: Based on analysis of requirements | H7: 1.Power On; | I7: 1.Send DiagBy[Physical]Data[10 01]; 2.Send DiagBy[Physical]Data[10 02]; | J7: 1.Check DiagData[50 01 00 32 00 C8]Within[50]ms; 2.Check DiagData[7F 10 22]Within[50]ms; | L7: Pass
A8: 3 | B8: 1.General 2.DiagnosticServices | C8: Diag_0x10_Phy_003 | D8: Service 0x10 Default To Extended | E8: High | F8: 陈亚-80025578 | G8: Based on analysis of requirements | H8: 1.Power On; | I8: 1.Send DiagBy[Physical]Data[10 01]; 2.Send DiagBy[Physical]Data[10 03]; | J8: 1.Check DiagData[50 01 00 32 00 C8]Within[50]ms; 2.Check DiagData[50 03 00 32 00 C8]Within[50]ms; | L8: Pass
A9: 4 | B9: 1.General 2.DiagnosticServices | C9: Diag_0x10_Phy_004 | D9: Service 0x10 Extended To Default | E9: High | F9: 陈亚-80025578 | G9: Based on analysis of requirements | H9: 1.Power On; | I9: 1.Send DiagBy[Physical]Data[10 01]; 2.Delay[1000]ms; 3.Send DiagBy[Physical]Data[10 03]; 4.Send DiagBy[Physical]Data[10 01]; | J9: 1.Check DiagData[50 01 00 32 00 C8]Within[50]ms; 3.Check DiagData[50 03 00 32 00 C8]Within[50]ms; 4.Check DiagData[50 01 00 32 00 C8]Within[50]ms; | L9: Pass
A10: 5 | B10: 1.General 2.DiagnosticServices | C10: Diag_0x10_Phy_005 | D10: Service 0x10 Extended To Programming | E10: High | F10: 陈亚-80025578 | G10: Based on analysis of requirements | H10: 1.Power On; | I10: 1.Send DiagBy[Physical]Data[10 01]; 2.Delay[1000]ms; 3.Send DiagBy[Physical]Data[10 03]; 4.Send DiagBy[Physical]Data[10 02]; | J10: 1.Check DiagData[50 01 00 32 00 C8]Within[50]ms; 3.Check DiagData[50 03 00 32 00 C8]Within[50]ms; 4.Check DiagData[50 02 00 32 00 C8]Within[50]ms; | L10: Pass
A11: 6 | B11: 1.General 2.DiagnosticServices | C11: Diag_0x10_Phy_006 | D11: Service 0x10 Extended To Extended | E11: High | F11: 陈亚-80025578 | G11: Based on analysis of requirements | H11: 1.Power On; | I11: 1.Send DiagBy[Physical]Data[10 01]; 2.Delay[1000]ms; 3.Send DiagBy[Physical]Data[10 03]; 4.Send DiagBy[Physical]Data[10 03]; | J11: 1.Check DiagData[50 01 00 32 00 C8]Within[50]ms; 3.Check DiagData[50 03 00 32 00 C8]Within[50]ms; 4.Check DiagData[50 03 00 32 00 C8]Within[50]ms; | L11: Pass
A12: 7 | B12: 1.General 2.DiagnosticServices | C12: Diag_0x10_Phy_007 | D12: Service 0x10 Programming To Default | E12: High | F12: 陈亚-80025578 | G12: Based on analysis of requirements | H12: 1.Power On; | I12: 1.Send DiagBy[Physical]Data[10 01]; 2.Delay[1000]ms; 3.Send DiagBy[Physical]Data[10 03]; 4.Send DiagBy[Physical]Data[10 02]; 5.Send DiagBy[Physical]Data[10 01]; | J12: 1.Check DiagData[50 01 00 32 00 C8]Within[50]ms; 3.Check DiagData[50 03 00 32 00 C8]Within[50]ms; 4.Check DiagData[50 02 00 32 00 C8]Within[50]ms; 5.Check DiagData[50 01 00 32 00 C8]Within[50]ms; | L12: Pass
A13: 8 | B13: 1.General 2.DiagnosticServices | C13: Diag_0x10_Phy_008 | D13: Service 0x10 Programming To Programming | E13: High | F13: 陈亚-80025578 | G13: Based on analysis of requirements | H13: 1.Power On; | I13: 1.Send DiagBy[Physical]Data[10 01]; 2.Delay[1000]ms; 3.Send DiagBy[Physical]Data[10 03]; 4.Send DiagBy[Physical]Data[10 02]; 5.Send DiagBy[Physical]Data[10 02]; | J13: 1.Check DiagData[50 01 00 32 00 C8]Within[50]ms; 3.Check DiagData[50 03 00 32 00 C8]Within[50]ms; 4.Check DiagData[50 02 00 32 00 C8]Within[50]ms; 5.Check DiagData[50 02 00 32 00 C8]Within[50]ms; | L13: Pass
A14: 9 | B14: 1.General 2.DiagnosticServices | C14: Diag_0x10_Phy_009 | D14: Service 0x10 Programming To Extended | E14: High | F14: 陈亚-80025578 | G14: Based on analysis of requirements | H14: 1.Power On; | I14: 1.Send DiagBy[Physical]Data[10 01]; 2.Delay[1000]ms; 3.Send DiagBy[Physical]Data[10 03]; 4.Send DiagBy[Physical]Data[10 02]; 5.Send DiagBy[Physical]Data[10 03]; | J14: 1.Check DiagData[50 01 00 32 00 C8]Within[50]ms; 3.Check DiagData[50 03 00 32 00 C8]Within[50]ms; 4.Check DiagData[50 02 00 32 00 C8]Within[50]ms; 5.Check DiagData[50 03 00 32 00 C8]Within[50]ms; | L14: Pass
A15: 1.2 SPRMIB Test
A16: 10 | B16: 1.General 2.DiagnosticServices | C16: Diag_0x10_Phy_010 | D16: Service 0x10 Default To Default with SPRMIB | E16: High | F16: 陈亚-80025578 | G16: Based on analysis of requirements | H16: 1.Power On; | I16: 1.Send DiagBy[Physical]Data[10 01]; 2.Send DiagBy[Physical]Data[10 81]; | J16: 1.Check DiagData[50 01 00 32 00 C8]Within[50]ms; 2.Check No_Response Within[1000]ms; | L16: Pass
A17: 11 | B17: 1.General 2.DiagnosticServices | C17: Diag_0x10_Phy_011 | D17: Service 0x10 Default To Programming with SPRMIB | E17: High | F17: 陈亚-80025578 | G17: Based on analysis of requirements | H17: 1.Power On; | I17: 1.Send DiagBy[Physical]Data[10 01]; 2.Send DiagBy[Physical]Data[10 82]; | J17: 1.Check DiagData[50 01 00 32 00 C8]Within[50]ms; 2.Check DiagData[7F 10 22]Within[50]ms; | K17: NRC回复错误，此时应该回复NRC 12,因为在表格中编程会话不支持抑制位 | L17: Fail
A18: 12 | B18: 1.General 2.DiagnosticServices | C18: Diag_0x10_Phy_012 | D18: Service 0x10 Default To Extended with SPRMIB | E18: High | F18: 陈亚-80025578 | G18: Based on analysis of requirements | H18: 1.Power On; | I18: 1.Send DiagBy[Physical]Data[10 01]; 2.Send DiagBy[Physical]Data[10 83]; | J18: 1.Check DiagData[50 01 00 32 00 C8]Within[50]ms; 2.Check No_Response Within[1000]ms; | L18: Pass
A19: 13 | B19: 1.General 2.DiagnosticServices | C19: Diag_0x10_Phy_013 | D19: Service 0x10 Extended To Default with SPRMIB | E19: High | F19: 陈亚-80025578 | G19: Based on analysis of requirements | H19: 1.Power On; | I19: 1.Send DiagBy[Physical]Data[10 01]; 2.Delay[1000]ms; 3.Send DiagBy[Physical]Data[10 03]; 4.Send DiagBy[Physical]Data[10 81]; | J19: 1.Check DiagData[50 01 00 32 00 C8]Within[50]ms; 3.Check DiagData[50 03 00 32 00 C8]Within[50]ms; 4.Check No_Response Within[1000]ms; | L19: Pass
A20: 14 | B20: 1.General 2.DiagnosticServices | C20: Diag_0x10_Phy_014 | D20: Service 0x10 Extended To Programming with SPRMIB | E20: High | F20: 陈亚-80025578 | G20: Based on analysis of requirements | H20: 1.Power On; | I20: 1.Send DiagBy[Physical]Data[10 01]; 2.Delay[1000]ms; 3.Send DiagBy[Physical]Data[10 03]; 4.Send DiagBy[Physical]Data[10 82]; | J20: 1.Check DiagData[50 01 00 32 00 C8]Within[50]ms; 3.Check DiagData[50 03 00 32 00 C8]Within[50]ms; 4.Check DiagData[50 02 00 32 00 C8]Within[50]ms; | K20: NRC回复错误，此时应该回复NRC 12,因为在表格中编程会话不支持抑制位 | L20: Fail
A21: 15 | B21: 1.General 2.DiagnosticServices | C21: Diag_0x10_Phy_015 | D21: Service 0x10 Extended To Extended with SPRMIB | E21: High | F21: 陈亚-80025578 | G21: Based on analysis of requirements | H21: 1.Power On; | I21: 1.Send DiagBy[Physical]Data[10 01]; 2.Delay[1000]ms; 3.Send DiagBy[Physical]Data[10 03]; 4.Send DiagBy[Physical]Data[10 83]; | J21: 1.Check DiagData[50 01 00 32 00 C8]Within[50]ms; 3.Check DiagData[50 03 00 32 00 C8]Within[50]ms; 4.Check No_Response Within[1000]ms; | L21: Pass
A22: 16 | B22: 1.General 2.DiagnosticServices | C22: Diag_0x10_Phy_016 | D22: Service 0x10 Programming To Default with SPRMIB | E22: High | F22: 陈亚-80025578 | G22: Based on analysis of requirements | H22: 1.Power On; | I22: 1.Send DiagBy[Physical]Data[10 01]; 2.Delay[1000]ms; 3.Send DiagBy[Physical]Data[10 03]; 4.Send DiagBy[Physical]Data[10 02]; 5.Send DiagBy[Physical]Data[10 81]; | J22: 1.Check DiagData[50 01 00 32 00 C8]Within[50]ms; 3.Check DiagData[50 03 00 32 00 C8]Within[50]ms; 4.Check DiagData[50 02 00 32 00 C8]Within[50]ms; 5.Check No_Response Within[1000]ms; | L22: Pass
A23: 17 | B23: 1.General 2.DiagnosticServices | C23: Diag_0x10_Phy_017 | D23: Service 0x10 Programming To Programming with SPRMIB | E23: High | F23: 陈亚-80025578 | G23: Based on analysis of requirements | H23: 1.Power On; | I23: 1.Send DiagBy[Physical]Data[10 01]; 2.Delay[1000]ms; 3.Send DiagBy[Physical]Data[10 03]; 4.Send DiagBy[Physical]Data[10 02]; 5.Send DiagBy[Physical]Data[10 82]; | J23: 1.Check DiagData[50 01 00 32 00 C8]Within[50]ms; 3.Check DiagData[50 03 00 32 00 C8]Within[50]ms; 4.Check DiagData[50 02 00 32 00 C8]Within[50]ms; 5.Check DiagData[50 02 00 32 00 C8]Within[50]ms; | K23: NRC回复错误，此时应该回复NRC 12,因为在表格中编程会话不支持抑制位 | L23: Fail
A24: 18 | B24: 1.General 2.DiagnosticServices | C24: Diag_0x10_Phy_018 | D24: Service 0x10 Programming To Extended with SPRMIB | E24: High | F24: 陈亚-80025578 | G24: Based on analysis of requirements | H24: 1.Power On; | I24: 1.Send DiagBy[Physical]Data[10 01]; 2.Delay[1000]ms; 3.Send DiagBy[Physical]Data[10 03]; 4.Send DiagBy[Physical]Data[10 02]; 5.Send DiagBy[Physical]Data[10 83]; | J24: 1.Check DiagData[50 01 00 32 00 C8]Within[50]ms; 3.Check DiagData[50 03 00 32 00 C8]Within[50]ms; 4.Check DiagData[50 02 00 32 00 C8]Within[50]ms; 5.Check No_Response Within[1000]ms; | L24: Pass
A25: 1.3 Secure Access Test
A26: 19 | B26: 1.General 2.DiagnosticServices | C26: Diag_0x10_Phy_019 | D26: Security access L1 unlock supports jumping to Programming Session | E26: High | F26: 陈亚-80025578 | G26: Based on analysis of requirements | H26: 1.Power On; | I26: 1.Send DiagBy[Physical]Data[10 01]; 2.Delay[1000]ms; 3.Send DiagBy[Physical]Data[10 03]; 4.Send DiagBy[Physical]Data[27 01]AndCheckResp[PositiveResponse]; 5.Send Security Right KeyBy[Physical]Level[02]; 6.Send DiagBy[Physical]Data[10 02]; | J26: 1.Check DiagData[50 01 00 32 00 C8]Within[50]ms; 3.Check DiagData[50 03 00 32 00 C8]Within[50]ms; 5.Check DiagData[67 02]Within[50]ms; 6.Check DiagData[50 02 00 32 00 C8]Within[50]ms; | L26: Pass
A27: 1.4 ECU Reset Test
A28: 20 | B28: 1.General 2.DiagnosticServices | C28: Diag_0x10_Phy_020 | D28: ECU Power reset Session returns to the Default Session | E28: Low | F28: 陈亚-80025578 | G28: Based on analysis of requirements | H28: 1.Power On; | I28: 1.Send DiagBy[Physical]Data[10 01]; 2.Delay[1000]ms; 3.Send DiagBy[Physical]Data[10 03]; 4.Set Voltage[0]V; 5.Delay[3000]ms; 6.Set Voltage[12]V; 7.Delay[3000]ms; 8.Send DiagBy[Physical]Data[27 01]; | J28: 1.Check DiagData[50 01 00 32 00 C8]Within[50]ms; 3.Check DiagData[50 03 00 32 00 C8]Within[50]ms; 8.Check DiagData[7F 27 7F]Within[50]ms; | L28: Pass
A29: 21 | B29: 1.General 2.DiagnosticServices | C29: Diag_0x10_Phy_021 | D29: ECU HardReset reset Session returns to the Default Session | E29: Low | F29: 陈亚-80025578 | G29: Based on analysis of requirements | H29: 1.Power On; | I29: 1.Send DiagBy[Physical]Data[10 01]; 2.Delay[1000]ms; 3.Send DiagBy[Physical]Data[10 03]; 4.Send DiagBy[Physical]Data[11 01]; 5.Delay[1000]ms; 6.Send DiagBy[Physical]Data[27 01]; | J29: 1.Check DiagData[50 01 00 32 00 C8]Within[50]ms; 3.Check DiagData[50 03 00 32 00 C8]Within[50]ms; 4.Check DiagData[51 01]Within[50]ms; 6.Check DiagData[7F 27 7F]Within[50]ms; | L29: Pass
A30: 1.5 Sub-function Traversal Test
A31: 22 | B31: 1.General 2.DiagnosticServices | C31: Diag_0x10_Phy_022 | D31: Subfunction traversal test in the Default Session | E31: Medium | F31: 陈亚-80025578 | G31: Based on analysis of requirements | H31: 1.Power On; | I31: 1.Send DiagBy[Physical]Data[10 01]; 2.Send SubTraversalBy[Physical]Service[0x10]Excluding[01 02 03 81 83]AndCheckResp[0x12]; | J31: 1.Check DiagData[50 01 00 32 00 C8]Within[50]ms; | L31: Pass
A32: 23 | B32: 1.General 2.DiagnosticServices | C32: Diag_0x10_Phy_023 | D32: Subfunction traversal test in the Extended Session | E32: Medium | F32: 陈亚-80025578 | G32: Based on analysis of requirements | H32: 1.Power On; | I32: 1.Send DiagBy[Physical]Data[10 01]; 2.Delay[1000]ms; 3.Send DiagBy[Physical]Data[10 03]; 4.Send SubTraversalBy[Physical]Service[0x10]Excluding[01 02 03 81 83]AndCheckResp[0x12]; | J32: 1.Check DiagData[50 01 00 32 00 C8]Within[50]ms; 3.Check DiagData[50 03 00 32 00 C8]Within[50]ms; | L32: Pass
A33: 24 | B33: 1.General 2.DiagnosticServices | C33: Diag_0x10_Phy_024 | D33: Subfunction traversal test in the Programming Session | E33: Medium | F33: 陈亚-80025578 | G33: Based on analysis of requirements | H33: 1.Power On; | I33: 1.Send DiagBy[Physical]Data[10 01]; 2.Delay[1000]ms; 3.Send DiagBy[Physical]Data[10 03]; 4.Send DiagBy[Physical]Data[10 02]; 5.Send SubTraversalBy[Physical]Service[0x10]Excluding[01 02 03 81 83]AndCheckResp[0x12]; | J33: 1.Check DiagData[50 01 00 32 00 C8]Within[50]ms; 3.Check DiagData[50 03 00 32 00 C8]Within[50]ms; 4.Check DiagData[50 02 00 32 00 C8]Within[50]ms; | L33: Pass
A34: 1.6 S3 Server Timer Test
A35: 25 | B35: 1.General 2.DiagnosticServices | C35: Diag_0x10_Phy_025 | D35: S3Server maintains the Session without timeout | E35: High | F35: 陈亚-80025578 | G35: Based on analysis of requirements | H35: 1.Power On; | I35: 1.Send DiagBy[Physical]Data[10 01]; 2.Delay[1000]ms; 3.Send DiagBy[Physical]Data[10 03]; 4.Delay[4900]ms; 5.Send DiagBy[Physical]Data[27 01]; | J35: 1.Check DiagData[50 01 00 32 00 C8]Within[50]ms; 3.Check DiagData[50 03 00 32 00 C8]Within[50]ms; 5.Check DiagData[67 01]Within[50]ms; | K35: 测似步骤5中，函数使用错误 | L35: Fail
A36: 26 | B36: 1.General 2.DiagnosticServices | C36: Diag_0x10_Phy_026 | D36: S3Server returns to the default Session upon timeout | E36: High | F36: 陈亚-80025578 | G36: Based on analysis of requirements | H36: 1.Power On; | I36: 1.Send DiagBy[Physical]Data[10 01]; 2.Delay[1000]ms; 3.Send DiagBy[Physical]Data[10 03]; 4.Delay[5100]ms; 5.Send DiagBy[Physical]Data[27 01]; | J36: 1.Check DiagData[50 01 00 32 00 C8]Within[50]ms; 3.Check DiagData[50 03 00 32 00 C8]Within[50]ms; 5.Check DiagData[7F 27 7F]Within[50]ms; | L36: Pass
A37: 1.7 Incorrect Diagnostic Command Test
A38: 27 | B38: 1.General 2.DiagnosticServices | C38: Diag_0x10_Phy_027 | D38: Valid SF_DL=2, invalid SF_DL > 2 | E38: Low | F38: 陈亚-80025578 | G38: Based on analysis of requirements | H38: 1.Power On; | I38: 1.Send DiagBy[Physical]Data[10 01]; 2.Send DiagBy[Physical]Data[10 01]WithLen[3]; | J38: 1.Check DiagData[50 01 00 32 00 C8]Within[50]ms; 2.Check DiagData[7F 10 13]Within[50]ms; | L38: Pass
A39: 28 | B39: 1.General 2.DiagnosticServices | C39: Diag_0x10_Phy_028 | D39: Valid SF_DL=2, invalid SF_DL < 2 | E39: Low | F39: 陈亚-80025578 | G39: Based on analysis of requirements | H39: 1.Power On; | I39: 1.Send DiagBy[Physical]Data[10 01]; 2.Send DiagBy[Physical]Data[10 01]WithLen[1]; | J39: 1.Check DiagData[50 01 00 32 00 C8]Within[50]ms; 2.Check DiagData[7F 10 13]Within[50]ms; | L39: Pass
A40: 1.8 NRC Priority Test
A41: 29 | B41: 1.General 2.DiagnosticServices | C41: Diag_0x10_Phy_029 | D41: NRC 13(min Size) > 12 | E41: High | F41: 陈亚-80025578 | G41: Based on analysis of requirements | H41: 1.Power On; | I41: 1.Send DiagBy[Physical]Data[10 01]; 2.Send DiagBy[Physical]Data[10 FF]WithLen[1]; | J41: 1.Check DiagData[50 01 00 32 00 C8]Within[50]ms; 2.Check DiagData[7F 10 13]Within[50]ms; | L41: Pass
A42: 30 | B42: 1.General 2.DiagnosticServices | C42: Diag_0x10_Phy_030 | D42: NRC 12 > 7E | E42: High | F42: 陈亚-80025578 | G42: Based on analysis of requirements | H42: 1.Power On; | I42: 1.Send DiagBy[Physical]Data[10 01]; 2.Send DiagBy[Physical]Data[10 FF]WithLen[3]; | J42: 1.Check DiagData[50 01 00 32 00 C8]Within[50]ms; 2.Check DiagData[7F 10 12]Within[50]ms; | L42: Pass
A43: 31 | B43: 1.General 2.DiagnosticServices | C43: Diag_0x10_Phy_031 | D43: NRC 7E > 22 | E43: High | F43: 陈亚-80025578 | G43: Based on analysis of requirements | H43: 1.Power On; | I43: 1.Send DiagBy[Physical]Data[10 01]; 2.Send DiagBy[Physical]Data[10 02]; | J43: 1.Check DiagData[50 01 00 32 00 C8]Within[50]ms; 2.Check DiagData[7F 10 22]Within[50]ms; | L43: Pass
A44: 2.Application Service_Functional Addressing
A45: 2.1 Session Layer Test
A46: 32 | B46: 1.General 2.DiagnosticServices | C46: Diag_0x10_Fun_001 | D46: Service 0x10 Default To Default | E46: High | F46: 陈亚-80025578 | G46: Based on analysis of requirements | H46: 1.Power On; | I46: 1.Send DiagBy[Physical]Data[10 01]; 2.Send DiagBy[Function]Data[10 01]; | J46: 1.Check DiagData[50 01 00 32 00 C8]Within[50]ms; 2.Check No_Response Within[1000]ms; | L46: Pass
A47: 33 | B47: 1.General 2.DiagnosticServices | C47: Diag_0x10_Fun_002 | D47: Service 0x10 Default To Programming | E47: High | F47: 陈亚-80025578 | G47: Based on analysis of requirements | H47: 1.Power On; | I47: 1.Send DiagBy[Physical]Data[10 01]; 2.Send DiagBy[Function]Data[10 02]; | J47: 1.Check DiagData[50 01 00 32 00 C8]Within[50]ms; 2.Check DiagData[7F 10 11]Within[50]ms; | L47: Pass
A48: 34 | B48: 1.General 2.DiagnosticServices | C48: Diag_0x10_Fun_003 | D48: Service 0x10 Default To Extended | E48: High | F48: 陈亚-80025578 | G48: Based on analysis of requirements | H48: 1.Power On; | I48: 1.Send DiagBy[Physical]Data[10 01]; 2.Send DiagBy[Function]Data[10 03]; | J48: 1.Check DiagData[50 01 00 32 00 C8]Within[50]ms; 2.Check No_Response Within[1000]ms; | L48: Pass
A49: 35 | B49: 1.General 2.DiagnosticServices | C49: Diag_0x10_Fun_004 | D49: Service 0x10 Extended To Default | E49: High | F49: 陈亚-80025578 | G49: Based on analysis of requirements | H49: 1.Power On; | I49: 1.Send DiagBy[Physical]Data[10 01]; 2.Delay[1000]ms; 3.Send DiagBy[Physical]Data[10 03]; 4.Send DiagBy[Function]Data[10 01]; | J49: 1.Check DiagData[50 01 00 32 00 C8]Within[50]ms; 3.Check DiagData[50 03 00 32 00 C8]Within[50]ms; 4.Check No_Response Within[1000]ms; | L49: Pass
A50: 36 | B50: 1.General 2.DiagnosticServices | C50: Diag_0x10_Fun_005 | D50: Service 0x10 Extended To Programming | E50: High | F50: 陈亚-80025578 | G50: Based on analysis of requirements | H50: 1.Power On; | I50: 1.Send DiagBy[Physical]Data[10 01]; 2.Delay[1000]ms; 3.Send DiagBy[Physical]Data[10 03]; 4.Send DiagBy[Function]Data[10 02]; | J50: 1.Check DiagData[50 01 00 32 00 C8]Within[50]ms; 3.Check DiagData[50 03 00 32 00 C8]Within[50]ms; 4.Check DiagData[7F 10 11]Within[50]ms; | L50: Pass
A51: 37 | B51: 1.General 2.DiagnosticServices | C51: Diag_0x10_Fun_006 | D51: Service 0x10 Extended To Extended | E51: High | F51: 陈亚-80025578 | G51: Based on analysis of requirements | H51: 1.Power On; | I51: 1.Send DiagBy[Physical]Data[10 01]; 2.Delay[1000]ms; 3.Send DiagBy[Physical]Data[10 03]; 4.Send DiagBy[Function]Data[10 03]; | J51: 1.Check DiagData[50 01 00 32 00 C8]Within[50]ms; 3.Check DiagData[50 03 00 32 00 C8]Within[50]ms; 4.Check No_Response Within[1000]ms; | L51: Pass
A52: 38 | B52: 1.General 2.DiagnosticServices | C52: Diag_0x10_Fun_007 | D52: Service 0x10 Programming To Default | E52: High | F52: 陈亚-80025578 | G52: Based on analysis of requirements | H52: 1.Power On; | I52: 1.Send DiagBy[Physical]Data[10 01]; 2.Delay[1000]ms; 3.Send DiagBy[Physical]Data[10 03]; 4.Send DiagBy[Physical]Data[10 02]; 5.Send DiagBy[Function]Data[10 01]; | J52: 1.Check DiagData[50 01 00 32 00 C8]Within[50]ms; 3.Check DiagData[50 03 00 32 00 C8]Within[50]ms; 4.Check DiagData[50 02 00 32 00 C8]Within[50]ms; 5.Check No_Response Within[1000]ms; | L52: Pass
A53: 39 | B53: 1.General 2.DiagnosticServices | C53: Diag_0x10_Fun_008 | D53: Service 0x10 Programming To Programming | E53: High | F53: 陈亚-80025578 | G53: Based on analysis of requirements | H53: 1.Power On; | I53: 1.Send DiagBy[Physical]Data[10 01]; 2.Delay[1000]ms; 3.Send DiagBy[Physical]Data[10 03]; 4.Send DiagBy[Physical]Data[10 02]; 5.Send DiagBy[Function]Data[10 02]; | J53: 1.Check DiagData[50 01 00 32 00 C8]Within[50]ms; 3.Check DiagData[50 03 00 32 00 C8]Within[50]ms; 4.Check DiagData[50 02 00 32 00 C8]Within[50]ms; 5.Check DiagData[7F 10 11]Within[50]ms; | L53: Pass
A54: 40 | B54: 1.General 2.DiagnosticServices | C54: Diag_0x10_Fun_009 | D54: Service 0x10 Programming To Extended | E54: High | F54: 陈亚-80025578 | G54: Based on analysis of requirements | H54: 1.Power On; | I54: 1.Send DiagBy[Physical]Data[10 01]; 2.Delay[1000]ms; 3.Send DiagBy[Physical]Data[10 03]; 4.Send DiagBy[Physical]Data[10 02]; 5.Send DiagBy[Function]Data[10 03]; | J54: 1.Check DiagData[50 01 00 32 00 C8]Within[50]ms; 3.Check DiagData[50 03 00 32 00 C8]Within[50]ms; 4.Check DiagData[50 02 00 32 00 C8]Within[50]ms; 5.Check No_Response Within[1000]ms; | L54: Pass
A55: 41 | B55: 1.General 2.DiagnosticServices | C55: Diag_0x10_Fun_001 | D55: Service 0x10 Default To Default | E55: High | F55: 陈亚-80025578 | G55: Based on analysis of requirements | H55: 1.Power On; | I55: 1.Send DiagBy[Physical]Data[10 01]; 2.Send DiagBy[Function]Data[10 01]; | J55: 1.Check DiagData[50 01 00 32 00 C8]Within[50]ms; 2.Check No_Response Within[1000]ms; | L55: Pass
A56: 42 | B56: 1.General 2.DiagnosticServices | C56: Diag_0x10_Fun_002 | D56: Service 0x10 Default To Programming | E56: High | F56: 陈亚-80025578 | G56: Based on analysis of requirements | H56: 1.Power On; | I56: 1.Send DiagBy[Physical]Data[10 01]; 2.Send DiagBy[Function]Data[10 02]; | J56: 1.Check DiagData[50 01 00 32 00 C8]Within[50]ms; 2.Check No_Response Within[1000]ms; | L56: Pass
A57: 43 | B57: 1.General 2.DiagnosticServices | C57: Diag_0x10_Fun_003 | D57: Service 0x10 Default To Extended | E57: High | F57: 陈亚-80025578 | G57: Based on analysis of requirements | H57: 1.Power On; | I57: 1.Send DiagBy[Physical]Data[10 01]; 2.Send DiagBy[Function]Data[10 03]; | J57: 1.Check DiagData[50 01 00 32 00 C8]Within[50]ms; 2.Check No_Response Within[1000]ms; | L57: Pass
... A63: 49 | B63: 1.General 2.DiagnosticServices | C63: Diag_0x10_Fun_009 | D63: Service 0x10 Programming To Extended | E63: High | F63: 陈亚-80025578 | G63: Based on analysis of requirements | H63: 1.Power On; | I63: 1.Send DiagBy[Physical]Data[10 01]; 2.Delay[1000]ms; 3.Send DiagBy[Physical]Data[10 03]; 4.Send DiagBy[Physical]Data[10 02]; 5.Send DiagBy[Function]Data[10 03]; | J63: 1.Check DiagData[50 01 00 32 00 C8]Within[50]ms; 3.Check DiagData[50 03 00 32 00 C8]Within[50]ms; 4.Check DiagData[50 02 00 32 00 C8]Within[50]ms; 5.Check No_Response Within[1000]ms; | L63: Pass
A64: 2.2 SPRMIB Test
A65: 50 | B65: 1.General 2.DiagnosticServices | C65: Diag_0x10_Fun_010 | D65: Service 0x10 Default To Default with SPRMIB | E65: High | F65: 陈亚-80025578 | G65: Based on analysis of requirements | H65: 1.Power On; | I65: 1.Send DiagBy[Physical]Data[10 01]; 2.Send DiagBy[Function]Data[10 81]; | J65: 1.Check DiagData[50 01 00 32 00 C8]Within[50]ms; 2.Check No_Response Within[1000]ms; | L65: Pass
A66: 51 | B66: 1.General 2.DiagnosticServices | C66: Diag_0x10_Fun_011 | D66: Service 0x10 Default To Extended with SPRMIB | E66: High | F66: 陈亚-80025578 | G66: Based on analysis of requirements | H66: 1.Power On; | I66: 1.Send DiagBy[Physical]Data[10 01]; 2.Send DiagBy[Function]Data[10 83]; | J66: 1.Check DiagData[50 01 00 32 00 C8]Within[50]ms; 2.Check No_Response Within[1000]ms; | L66: Pass
A67: 52 | B67: 1.General 2.DiagnosticServices | C67: Diag_0x10_Fun_012 | D67: Service 0x10 Extended To Default with SPRMIB | E67: High | F67: 陈亚-80025578 | G67: Based on analysis of requirements | H67: 1.Power On; | I67: 1.Send DiagBy[Physical]Data[10 01]; 2.Delay[1000]ms; 3.Send DiagBy[Physical]Data[10 03]; 4.Send DiagBy[Function]Data[10 81]; | J67: 1.Check DiagData[50 01 00 32 00 C8]Within[50]ms; 3.Check DiagData[50 03 00 32 00 C8]Within[50]ms; 4.Check No_Response Within[1000]ms; | L67: Pass
A68: 53 | B68: 1.General 2.DiagnosticServices | C68: Diag_0x10_Fun_013 | D68: Service 0x10 Extended To Extended with SPRMIB | E68: High | F68: 陈亚-80025578 | G68: Based on analysis of requirements | H68: 1.Power On; | I68: 1.Send DiagBy[Physical]Data[10 01]; 2.Delay[1000]ms; 3.Send DiagBy[Physical]Data[10 03]; 4.Send DiagBy[Function]Data[10 83]; | J68: 1.Check DiagData[50 01 00 32 00 C8]Within[50]ms; 3.Check DiagData[50 03 00 32 00 C8]Within[50]ms; 4.Check No_Response Within[1000]ms; | L68: Pass
A69: 54 | B69: 1.General 2.DiagnosticServices | C69: Diag_0x10_Fun_014 | D69: Service 0x10 Programming To Default with SPRMIB | E69: High | F69: 陈亚-80025578 | G69: Based on analysis of requirements | H69: 1.Power On; | I69: 1.Send DiagBy[Physical]Data[10 01]; 2.Delay[1000]ms; 3.Send DiagBy[Physical]Data[10 03]; 4.Send DiagBy[Physical]Data[10 02]; 5.Send DiagBy[Function]Data[10 81]; | J69: 1.Check DiagData[50 01 00 32 00 C8]Within[50]ms; 3.Check DiagData[50 03 00 32 00 C8]Within[50]ms; 4.Check DiagData[50 02 00 32 00 C8]Within[50]ms; 5.Check No_Response Within[1000]ms; | L69: Pass
A70: 55 | B70: 1.General 2.DiagnosticServices | C70: Diag_0x10_Fun_015 | D70: Service 0x10 Programming To Extended with SPRMIB | E70: High | F70: 陈亚-80025578 | G70: Based on analysis of requirements | H70: 1.Power On; | I70: 1.Send DiagBy[Physical]Data[10 01]; 2.Delay[1000]ms; 3.Send DiagBy[Physical]Data[10 03]; 4.Send DiagBy[Physical]Data[10 02]; 5.Send DiagBy[Function]Data[10 83]; | J70: 1.Check DiagData[50 01 00 32 00 C8]Within[50]ms; 3.Check DiagData[50 03 00 32 00 C8]Within[50]ms; 4.Check DiagData[50 02 00 32 00 C8]Within[50]ms; 5.Check No_Response Within[1000]ms; | L70: Pass
A71: 2.4 ECU Reset Test
A72: 56 | B72: 1.General 2.DiagnosticServices | C72: Diag_0x10_Fun_016 | D72: ECU Power reset Session returns to the Default Session | E72: Low | F72: 陈亚-80025578 | G72: Based on analysis of requirements | H72: 1.Power On; | I72: 1.Send DiagBy[Function]Data[10 03]; 2.Delay[1000]ms; 3.Set Voltage[0]V; 4.Delay[3000]ms; 5.Set Voltage[12]V; 6.Delay[3000]ms; 7.Send DiagBy[Physical]Data[27 01]; | J72: 1.Check No_Response Within[1000]ms; 7.Check DiagData[7F 27 7F]Within[50]ms; | L72: Pass
A73: 57 | B73: 1.General 2.DiagnosticServices | C73: Diag_0x10_Fun_017 | D73: ECU HardReset reset Session returns to the Default Session | E73: Low | F73: 陈亚-80025578 | G73: Based on analysis of requirements | H73: 1.Power On; | I73: 1.Send DiagBy[Function]Data[10 03]; 2.Delay[1000]ms; 3.Send DiagBy[Physical]Data[11 01]; 4.Delay[1000]ms; 5.Send DiagBy[Physical]Data[27 01]; | J73: 1.Check No_Response Within[1000]ms; 3.Check DiagData[51 01]Within[50]ms; 5.Check DiagData[7F 27 7F]Within[50]ms; | L73: Pass
A74: 2.5 Sub-function Traversal Test
A75: 58 | B75: 1.General 2.DiagnosticServices | C75: Diag_0x10_Fun_018 | D75: Subfunction traversal test in the Default Session | E75: Medium | F75: 陈亚-80025578 | G75: Based on analysis of requirements | H75: 1.Power On; | I75: 1.Send DiagBy[Physical]Data[10 01]; 2.Send SubTraversalBy[Function]Service[0x10]Excluding[01 03 81 83]AndCheckResp[NoResponse]; | J75: 1.Check DiagData[50 01 00 32 00 C8]Within[50]ms; | L75: Pass
A76: 59 | B76: 1.General 2.DiagnosticServices | C76: Diag_0x10_Fun_019 | D76: Subfunction traversal test in the Extended Session | E76: Medium | F76: 陈亚-80025578 | G76: Based on analysis of requirements | H76: 1.Power On; | I76: 1.Send DiagBy[Physical]Data[10 01]; 2.Delay[1000]ms; 3.Send DiagBy[Physical]Data[10 03]; 4.Send SubTraversalBy[Function]Service[0x10]Excluding[01 03 81 83]AndCheckResp[NoResponse]; | J76: 1.Check DiagData[50 01 00 32 00 C8]Within[50]ms; 3.Check DiagData[50 03 00 32 00 C8]Within[50]ms; | L76: Pass
A77: 60 | B77: 1.General 2.DiagnosticServices | C77: Diag_0x10_Fun_020 | D77: Subfunction traversal test in the Programming Session | E77: Medium | F77: 陈亚-80025578 | G77: Based on analysis of requirements | H77: 1.Power On; | I77: 1.Send DiagBy[Physical]Data[10 01]; 2.Delay[1000]ms; 3.Send DiagBy[Physical]Data[10 03]; 4.Send DiagBy[Physical]Data[10 02]; 5.Send SubTraversalBy[Function]Service[0x10]Excluding[01 03 81 83]AndCheckResp[NoResponse]; | J77: 1.Check DiagData[50 01 00 32 00 C8]Within[50]ms; 3.Check DiagData[50 03 00 32 00 C8]Within[50]ms; 4.Check DiagData[50 02 00 32 00 C8]Within[50]ms; | L77: Pass
A78: 2.6 S3 Server Timer Test
A79: 61 | B79: 1.General 2.DiagnosticServices | C79: Diag_0x10_Fun_021 | D79: S3Server maintains the Session without timeout | E79: High | F79: 陈亚-80025578 | G79: Based on analysis of requirements | H79: 1.Power On; | I79: 1.Send DiagBy[Physical]Data[10 01]; 2.Delay[1000]ms; 3.Send DiagBy[Function]Data[10 03]; 4.Delay[4900]ms; 5.Send DiagBy[Physical]Data[27 01]; | J79: 1.Check DiagData[50 01 00 32 00 C8]Within[50]ms; 3.Check No_Response Within[1000]ms; 5.Check DiagData[67 01]Within[50]ms; | L79: Pass
A80: 62 | B80: 1.General 2.DiagnosticServices | C80: Diag_0x10_Fun_022 | D80: S3Server returns to the default Session upon timeout | E80: High | F80: 陈亚-80025578 | G80: Based on analysis of requirements | H80: 1.Power On; | I80: 1.Send DiagBy[Physical]Data[10 01]; 2.Delay[1000]ms; 3.Send DiagBy[Function]Data[10 03]; 4.Delay[5100]ms; 5.Send DiagBy[Physical]Data[27 01]; | J80: 1.Check DiagData[50 01 00 32 00 C8]Within[50]ms; 3.Check No_Response Within[1000]ms; 5.Check DiagData[7F 27 7F]Within[50]ms; | L80: Pass
A81: 2.7 Incorrect Diagnostic Command Test
A82: 63 | B82: 1.General 2.DiagnosticServices | C82: Diag_0x10_Fun_023 | D82: Valid SF_DL=2, invalid SF_DL > 2 | E82: Low | F82: 陈亚-80025578 | G82: Based on analysis of requirements | H82: 1.Power On; | I82: 1.Send DiagBy[Physical]Data[10 01]; 2.Send DiagBy[Function]Data[10 01]WithLen[3]; | J82: 1.Check DiagData[50 01 00 32 00 C8]Within[50]ms; 2.Check DiagData[7F 10 13]Within[50]ms; | L82: Pass
A83: 64 | B83: 1.General 2.DiagnosticServices | C83: Diag_0x10_Fun_024 | D83: Valid SF_DL=2, invalid SF_DL < 2 | E83: Low | F83: 陈亚-80025578 | G83: Based on analysis of requirements | H83: 1.Power On; | I83: 1.Send DiagBy[Physical]Data[10 01]; 2.Send DiagBy[Function]Data[10 01]WithLen[1]; | J83: 1.Check DiagData[50 01 00 32 00 C8]Within[50]ms; 2.Check DiagData[7F 10 13]Within[50]ms; | L83: Pass
A84: 2.8 NRC Priority Test
A85: 65 | B85: 1.General 2.DiagnosticServices | C85: Diag_0x10_Fun_025 | D85: NRC 13(min Size) > 12 | E85: High | F85: 陈亚-80025578 | G85: Based on analysis of requirements | H85: 1.Power On; | I85: 1.Send DiagBy[Physical]Data[10 01]; 2.Send DiagBy[Function]Data[10 FF]WithLen[1]; | J85: 1.Check DiagData[50 01 00 32 00 C8]Within[50]ms; 2.Check DiagData[7F 10 13]Within[50]ms; | L85: Pass
A86: 66 | B86: 1.General 2.DiagnosticServices | C86: Diag_0x10_Fun_026 | D86: NRC 12 > 7E | E86: High | F86: 陈亚-80025578 | G86: Based on analysis of requirements | H86: 1.Power On; | I86: 1.Send DiagBy[Physical]Data[10 01]; 2.Send DiagBy[Function]Data[10 FF]WithLen[3]; | J86: 1.Check DiagData[50 01 00 32 00 C8]Within[50]ms; 2.Check No_Response Within[1000]ms; | L86: Pass
A87: 67 | B87: 1.General 2.DiagnosticServices | C87: Diag_0x10_Fun_027 | D87: NRC 7E > 22 | E87: High | F87: 陈亚-80025578 | G87: Based on analysis of requirements | H87: 1.Power On; | I87: 1.Send DiagBy[Physical]Data[10 01]; 2.Send DiagBy[Function]Data[10 02]; | J87: 1.Check DiagData[50 01 00 32 00 C8]Within[50]ms; 2.Check No_Response Within[1000]ms; | L87: Pass
A88: 3.Boot Service_Physical Addressing
A89: 3.1 Session Layer Test
A90: 68 | B90: 1.General 2.DiagnosticServices | C90: Diag_0x10_Phy_001 | D90: Service 0x10 Default To Default | E90: High | F90: 陈亚-80025578 | G90: Based on analysis of requirements | H90: 1.Power On; | I90: 1.Send DiagBy[Physical]Data[10 01]; 2.Delay[1000]ms; 3.Send DiagBy[Physical]Data[10 03]; 4.Send DiagBy[Physical]Data[10 02]; 5.Delay[1000]ms; 6.Send DiagBy[Physical]Data[10 01]; 7.Delay[1000]ms; 8.Send DiagBy[Physical]Data[10 01]; | J90: 1.Check DiagData[50 01 00 32 00 C8]Within[50]ms; 3.Check DiagData[50 03 00 32 00 C8]Within[50]ms; 4.Check DiagData[50 02 00 32 00 C8]Within[50]ms; 6.Check DiagData[50 01 00 32 00 C8]Within[50]ms; 8.Check DiagData[50 01 00 32 00 C8]Within[50]ms; | L90: Pass
A91: 69 | B91: 1.General 2.DiagnosticServices | C91: Diag_0x10_Phy_002 | D91: Service 0x10 Default To Programming | E91: High | F91: 陈亚-80025578 | G91: Based on analysis of requirements | H91: 1.Power On; | I91: 1.Send DiagBy[Physical]Data[10 01]; 2.Delay[1000]ms; 3.Send DiagBy[Physical]Data[10 03]; 4.Send DiagBy[Physical]Data[10 02]; 5.Delay[1000]ms; 6.Send DiagBy[Physical]Data[10 01]; 7.Delay[1000]ms; 8.Send DiagBy[Physical]Data[10 02]; | J91: 1.Check DiagData[50 01 00 32 00 C8]Within[50]ms; 3.Check DiagData[50 03 00 32 00 C8]Within[50]ms; 4.Check DiagData[50 02 00 32 00 C8]Within[50]ms; 6.Check DiagData[50 01 00 32 00 C8]Within[50]ms; 8.Check DiagData[7F 10 22]Within[50]ms; | L91: Fail
A92: 70 | B92: 1.General 2.DiagnosticServices | C92: Diag_0x10_Phy_003 | D92: Service 0x10 Default To Extended | E92: High | F92: 陈亚-80025578 | G92: Based on analysis of requirements | H92: 1.Power On; | I92: 1.Send DiagBy[Physical]Data[10 01]; 2.Delay[1000]ms; 3.Send DiagBy[Physical]Data[10 03]; 4.Send DiagBy[Physical]Data[10 02]; 5.Delay[1000]ms; 6.Send DiagBy[Physical]Data[10 01]; 7.Delay[1000]ms; 8.Send DiagBy[Physical]Data[10 03]; | J92: 1.Check DiagData[50 01 00 32 00 C8]Within[50]ms; 3.Check DiagData[50 03 00 32 00 C8]Within[50]ms; 4.Check DiagData[50 02 00 32 00 C8]Within[50]ms; 6.Check DiagData[50 01 00 32 00 C8]Within[50]ms; 8.Check DiagData[50 03 00 32 00 C8]Within[50]ms; | L92: Pass
A93: 71 | B93: 1.General 2.DiagnosticServices | C93: Diag_0x10_Phy_004 | D93: Service 0x10 Programming To Default | E93: High | F93: 陈亚-80025578 | G93: Based on analysis of requirements | H93: 1.Power On; | I93: 1.Send DiagBy[Physical]Data[10 01]; 2.Delay[1000]ms; 3.Send DiagBy[Physical]Data[10 03]; 4.Send DiagBy[Physical]Data[10 02]; 5.Send DiagBy[Physical]Data[10 01]; | J93: 1.Check DiagData[50 01 00 32 00 C8]Within[50]ms; 3.Check DiagData[50 03 00 32 00 C8]Within[50]ms; 4.Check DiagData[50 02 00 32 00 C8]Within[50]ms; 5.Check DiagData[50 01 00 32 00 C8]Within[50]ms; | L93: Pass
A94: 72 | B94: 1.General 2.DiagnosticServices | C94: Diag_0x10_Phy_005 | D94: Service 0x10 Programming To Programming | E94: High | F94: 陈亚-80025578 | G94: Based on analysis of requirements | H94: 1.Power On; | I94: 1.Send DiagBy[Physical]Data[10 01]; 2.Delay[1000]ms; 3.Send DiagBy[Physical]Data[10 03]; 4.Send DiagBy[Physical]Data[10 02]; 5.Send DiagBy[Physical]Data[10 02]; | J94: 1.Check DiagData[50 01 00 32 00 C8]Within[50]ms; 3.Check DiagData[50 03 00 32 00 C8]Within[50]ms; 4.Check DiagData[50 02 00 32 00 C8]Within[50]ms; 5.Check DiagData[50 02 00 32 00 C8]Within[50]ms; | L94: Pass
A95: 73 | B95: 1.General 2.DiagnosticServices | C95: Diag_0x10_Phy_006 | D95: Service 0x10 Programming To Extended | E95: High | F95: 陈亚-80025578 | G95: Based on analysis of requirements | H95: 1.Power On; | I95: 1.Send DiagBy[Physical]Data[10 01]; 2.Delay[1000]ms; 3.Send DiagBy[Physical]Data[10 03]; 4.Send DiagBy[Physical]Data[10 02]; 5.Send DiagBy[Physical]Data[10 03]; | J95: 1.Check DiagData[50 01 00 32 00 C8]Within[50]ms; 3.Check DiagData[50 03 00 32 00 C8]Within[50]ms; 4.Check DiagData[50 02 00 32 00 C8]Within[50]ms; 5.Check DiagData[50 03 00 32 00 C8]Within[50]ms; | L95: Pass
A96: 74 | B96: 1.General 2.DiagnosticServices | C96: Diag_0x10_Phy_007 | D96: Service 0x10 Extended To Default | E96: High | F96: 陈亚-80025578 | G96: Based on analysis of requirements | H96: 1.Power On; | I96: 1.Send DiagBy[Physical]Data[10 01]; 2.Delay[1000]ms; 3.Send DiagBy[Physical]Data[10 03]; 4.Send DiagBy[Physical]Data[10 02]; 5.Delay[1000]ms; 6.Send DiagBy[Physical]Data[10 01]; 7.Delay[1000]ms; 8.Send DiagBy[Physical]Data[10 03]; 9.Send DiagBy[Physical]Data[10 01]; | J96: 1.Check DiagData[50 01 00 32 00 C8]Within[50]ms; 3.Check DiagData[50 03 00 32 00 C8]Within[50]ms; 4.Check DiagData[50 02 00 32 00 C8]Within[50]ms; 6.Check DiagData[50 01 00 32 00 C8]Within[50]ms; 8.Check DiagData[50 03 00 32 00 C8]Within[50]ms; 9.Check DiagData[50 01 00 32 00 C8]Within[50]ms; | L96: Pass
A97: 75 | B97: 1.General 2.DiagnosticServices | C97: Diag_0x10_Phy_008 | D97: Service 0x10 Extended To Programming | E97: High | F97: 陈亚-80025578 | G97: Based on analysis of requirements | H97: 1.Power On; | I97: 1.Send DiagBy[Physical]Data[10 01]; 2.Delay[1000]ms; 3.Send DiagBy[Physical]Data[10 03]; 4.Send DiagBy[Physical]Data[10 02]; 5.Delay[1000]ms; 6.Send DiagBy[Physical]Data[10 01]; 7.Delay[1000]ms; 8.Send DiagBy[Physical]Data[10 03]; 9.Send DiagBy[Physical]Data[10 02]; | J97: 1.Check DiagData[50 01 00 32 00 C8]Within[50]ms; 3.Check DiagData[50 03 00 32 00 C8]Within[50]ms; 4.Check DiagData[50 02 00 32 00 C8]Within[50]ms; 6.Check DiagData[50 01 00 32 00 C8]Within[50]ms; 8.Check DiagData[50 03 00 32 00 C8]Within[50]ms; 9.Check DiagData[50 02 00 32 00 C8]Within[50]ms; | L97: Pass
A98: 76 | B98: 1.General 2.DiagnosticServices | C98: Diag_0x10_Phy_009 | D98: Service 0x10 Extended To Extended | E98: High | F98: 陈亚-80025578 | G98: Based on analysis of requirements | H98: 1.Power On; | I98: 1.Send DiagBy[Physical]Data[10 01]; 2.Delay[1000]ms; 3.Send DiagBy[Physical]Data[10 03]; 4.Send DiagBy[Physical]Data[10 02]; 5.Delay[1000]ms; 6.Send DiagBy[Physical]Data[10 01]; 7.Delay[1000]ms; 8.Send DiagBy[Physical]Data[10 03]; 9.Send DiagBy[Physical]Data[10 03]; | J98: 1.Check DiagData[50 01 00 32 00 C8]Within[50]ms; 3.Check DiagData[50 03 00 32 00 C8]Within[50]ms; 4.Check DiagData[50 02 00 32 00 C8]Within[50]ms; 6.Check DiagData[50 01 00 32 00 C8]Within[50]ms; 8.Check DiagData[50 03 00 32 00 C8]Within[50]ms; 9.Check DiagData[50 03 00 32 00 C8]Within[50]ms; | L98: Pass
A99: 3.2 SPRMIB Test
A100: 77 | B100: 1.General 2.DiagnosticServices | C100: Diag_0x10_Phy_010 | D100: Service 0x10 Default To Default with SPRMIB | E100: High | F100: 陈亚-80025578 | G100: Based on analysis of requirements | H100: 1.Power On; | I100: 1.Send DiagBy[Physical]Data[10 01]; 2.Delay[1000]ms; 3.Send DiagBy[Physical]Data[10 03]; 4.Send DiagBy[Physical]Data[10 02]; 5.Delay[1000]ms; 6.Send DiagBy[Physical]Data[10 01]; 7.Delay[1000]ms; 8.Send DiagBy[Physical]Data[10 81]; | J100: 1.Check DiagData[50 01 00 32 00 C8]Within[50]ms; 3.Check DiagData[50 03 00 32 00 C8]Within[50]ms; 4.Check DiagData[50 02 00 32 00 C8]Within[50]ms; 6.Check DiagData[50 01 00 32 00 C8]Within[50]ms; 8.Check No_Response Within[1000]ms; | L100: Pass
A101: 78 | B101: 1.General 2.DiagnosticServices | C101: Diag_0x10_Phy_011 | D101: Service 0x10 Default To Programming with SPRMIB | E101: High | F101: 陈亚-80025578 | G101: Based on analysis of requirements | H101: 1.Power On; | I101: 1.Send DiagBy[Physical]Data[10 01]; 2.Delay[1000]ms; 3.Send DiagBy[Physical]Data[10 03]; 4.Send DiagBy[Physical]Data[10 02]; 5.Delay[1000]ms; 6.Send DiagBy[Physical]Data[10 01]; 7.Delay[1000]ms; 8.Send DiagBy[Physical]Data[10 82]; | J101: 1.Check DiagData[50 01 00 32 00 C8]Within[50]ms; 3.Check DiagData[50 03 00 32 00 C8]Within[50]ms; 4.Check DiagData[50 02 00 32 00 C8]Within[50]ms; 6.Check DiagData[50 01 00 32 00 C8]Within[50]ms; 8.Check DiagData[7F 10 22]Within[50]ms; | L101: Fail
A102: 79 | B102: 1.General 2.DiagnosticServices | C102: Diag_0x10_Phy_012 | D102: Service 0x10 Default To Extended with SPRMIB | E102: High | F102: 陈亚-80025578 | G102: Based on analysis of requirements | H102: 1.Power On; | I102: 1.Send DiagBy[Physical]Data[10 01]; 2.Delay[1000]ms; 3.Send DiagBy[Physical]Data[10 03]; 4.Send DiagBy[Physical]Data[10 02]; 5.Delay[1000]ms; 6.Send DiagBy[Physical]Data[10 01]; 7.Delay[1000]ms; 8.Send DiagBy[Physical]Data[10 83]; | J102: 1.Check DiagData[50 01 00 32 00 C8]Within[50]ms; 3.Check DiagData[50 03 00 32 00 C8]Within[50]ms; 4.Check DiagData[50 02 00 32 00 C8]Within[50]ms; 6.Check DiagData[50 01 00 32 00 C8]Within[50]ms; 8.Check No_Response Within[1000]ms; | L102: Pass
A103: 80 | B103: 1.General 2.DiagnosticServices | C103: Diag_0x10_Phy_013 | D103: Service 0x10 Programming To Default with SPRMIB | E103: High | F103: 陈亚-80025578 | G103: Based on analysis of requirements | H103: 1.Power On; | I103: 1.Send DiagBy[Physical]Data[10 01]; 2.Delay[1000]ms; 3.Send DiagBy[Physical]Data[10 03]; 4.Send DiagBy[Physical]Data[10 02]; 5.Send DiagBy[Physical]Data[10 81]; | J103: 1.Check DiagData[50 01 00 32 00 C8]Within[50]ms; 3.Check DiagData[50 03 00 32 00 C8]Within[50]ms; 4.Check DiagData[50 02 00 32 00 C8]Within[50]ms; 5.Check No_Response Within[1000]ms; | L103: Pass
A104: 81 | B104: 1.General 2.DiagnosticServices | C104: Diag_0x10_Phy_014 | D104: Service 0x10 Programming To Programming with SPRMIB | E104: High | F104: 陈亚-80025578 | G104: Based on analysis of requirements | H104: 1.Power On; | I104: 1.Send DiagBy[Physical]Data[10 01]; 2.Delay[1000]ms; 3.Send DiagBy[Physical]Data[10 03]; 4.Send DiagBy[Physical]Data[10 02]; 5.Send DiagBy[Physical]Data[10 82]; | J104: 1.Check DiagData[50 01 00 32 00 C8]Within[50]ms; 3.Check DiagData[50 03 00 32 00 C8]Within[50]ms; 4.Check DiagData[50 02 00 32 00 C8]Within[50]ms; 5.Check DiagData[50 02 00 32 00 C8]Within[50]ms; | L104: Pass
A105: 82 | B105: 1.General 2.DiagnosticServices | C105: Diag_0x10_Phy_015 | D105: Service 0x10 Programming To Extended with SPRMIB | E105: High | F105: 陈亚-80025578 | G105: Based on analysis of requirements | H105: 1.Power On; | I105: 1.Send DiagBy[Physical]Data[10 01]; 2.Delay[1000]ms; 3.Send DiagBy[Physical]Data[10 03]; 4.Send DiagBy[Physical]Data[10 02]; 5.Send DiagBy[Physical]Data[10 83]; | J105: 1.Check DiagData[50 01 00 32 00 C8]Within[50]ms; 3.Check DiagData[50 03 00 32 00 C8]Within[50]ms; 4.Check DiagData[50 02 00 32 00 C8]Within[50]ms; 5.Check No_Response Within[1000]ms; | L105: Pass
...

Sheet ECUReset_0x11
B1: Test Level | C1: SYS.5
A2: Sequence Number | B2: System Requirement ID | C2: Test Case | G2: Design Method | H2: Precondition | I2: Test Procedure | J2: Expected Output | K2: Actual Output | L2: Judgement Result | M2: Defect ID
C3: ID | D3: Name | E3: Priority | F3: Author
A4: 1. Application Service_Physical Addressing
A5: 1.1 Session Layer Test
A6: 1 | B6: 1.General 2.DiagnosticServices | C6: Diag_0x11_Phy_001 | D6: Default Session nonsupport 0x11 services | E6: High | F6: 陈亚-80025578 | G6: Based on analysis of requirements | H6: 1.Power On; | I6: 1.Send DiagBy[Physical]Data[10 01]; | J6: 1.Check DiagData[50 01 00 32 00 C8]Within[50]ms; | K6: 缺少主要步骤，当前应该是在默认会话下验证Service 0x11 | L6: Fail
A7: 2 | B7: 1.General 2.DiagnosticServices | C7: Diag_0x11_Phy_002 | D7: Programming Session support the 0x11 service 0x01 subfunction | E7: High | F7: 陈亚-80025578 | G7: Based on analysis of requirements | H7: 1.Power On; | I7: 1.Send DiagBy[Physical]Data[10 01]; 2.Delay[1000]ms; 3.Send DiagBy[Physical]Data[10 03]; 4.Delay[1000]ms; 5.Send DiagBy[Physical]Data[10 02]; 6.Send DiagBy[Physical]Data[11 01]; 7.Delay[1000]ms; | J7: 1.Check DiagData[50 01 00 32 00 C8]Within[50]ms; 3.Check DiagData[50 03 00 32 00 C8]Within[50]ms; 5.Check DiagData[50 02 00 32 00 C8]Within[50]ms; 6.Check DiagData[51 01]Within[50]ms; | L7: Pass
A8: 3 | B8: 1.General 2.DiagnosticServices | C8: Diag_0x11_Phy_003 | D8: Extended Session support the 0x11 service 0x01 subfunction | E8: High | F8: 陈亚-80025578 | G8: Based on analysis of requirements | H8: 1.Power On; | I8: 1.Send DiagBy[Physical]Data[10 01]; 2.Delay[1000]ms; 3.Send DiagBy[Physical]Data[10 03]; 4.Send DiagBy[Physical]Data[11 01]; 5.Delay[1000]ms; | J8: 1.Check DiagData[50 01 00 32 00 C8]Within[50]ms; 3.Check DiagData[50 03 00 32 00 C8]Within[50]ms; 4.Check DiagData[51 01]Within[50]ms; | L8: Pass
A9: 1.2 SPRMIB Test
A10: 4 | B10: 1.General 2.DiagnosticServices | C10: Diag_0x11_Phy_004 | D10: Programming Session support the 0x11 service 0x01 subfunction with SPRMIB | E10: High | F10: 陈亚-80025578 | G10: Based on analysis of requirements | H10: 1.Power On; | I10: 1.Send DiagBy[Physical]Data[10 01]; 2.Delay[1000]ms; 3.Send DiagBy[Physical]Data[10 03]; 4.Delay[1000]ms; 5.Send DiagBy[Physical]Data[10 02]; 6.Send DiagBy[Physical]Data[11 81]; | J10: 1.Check DiagData[50 01 00 32 00 C8]Within[50]ms; 3.Check DiagData[50 03 00 32 00 C8]Within[50]ms; 5.Check DiagData[50 02 00 32 00 C8]Within[50]ms; 6.Check DiagData[7F 11 12]Within[50]ms; | L10: Pass
A11: 5 | B11: 1.General 2.DiagnosticServices | C11: Diag_0x11_Phy_005 | D11: Extended Session support the 0x11 service 0x01 subfunction with SPRMIB | E11: High | F11: 陈亚-80025578 | G11: Based on analysis of requirements | H11: 1.Power On; | I11: 1.Send DiagBy[Physical]Data[10 01]; 2.Delay[1000]ms; 3.Send DiagBy[Physical]Data[10 03]; 4.Send DiagBy[Physical]Data[11 81]; | J11: 1.Check DiagData[50 01 00 32 00 C8]Within[50]ms; 3.Check DiagData[50 03 00 32 00 C8]Within[50]ms; 4.Check DiagData[7F 11 12]Within[50]ms; | L11: Pass
A12: 6 | B12: 1.General 2.DiagnosticServices | C12: Diag_0x11_Phy_006 | D12: Default Session nonsupport 0x11 services with SPRMIB | E12: High | F12: 陈亚-80025578 | G12: Based on analysis of requirements | H12: 1.Power On; | I12: 1.Send DiagBy[Physical]Data[10 01]; 2.Send DiagBy[Physical]Data[11 81]; | J12: 1.Check DiagData[50 01 00 32 00 C8]Within[50]ms; 2.Check DiagData[7F 11 7F]Within[50]ms; | L12: Pass
A13: 1.3 Secure Access Test
A14: 7 | B14: 1.General 2.DiagnosticServices | C14: Diag_0x11_Phy_007 | D14: Security access L1 unlock supports 0x11 service 0x01 subfunction | E14: High | F14: 陈亚-80025578 | G14: Based on analysis of requirements | H14: 1.Power On; | I14: 1.Send DiagBy[Physical]Data[10 01]; 2.Delay[1000]ms; 3.Send DiagBy[Physical]Data[10 03]; 4.Send DiagBy[Physical]Data[27 01]AndCheckResp[PositiveResponse]; 5.Send Security Right KeyBy[Physical]Level[02]; 6.Send DiagBy[Physical]Data[11 01]; 7.Delay[1000]ms; | J14: 1.Check DiagData[50 01 00 32 00 C8]Within[50]ms; 3.Check DiagData[50 03 00 32 00 C8]Within[50]ms; 5.Check DiagData[67 02]Within[50]ms; 6.Check DiagData[51 01]Within[50]ms; | L14: Pass
A15: A. Service Reset
A16: 8 | B16: 1.General 2.DiagnosticServices | C16: Diag_0x11_Phy_008 | D16: 0x11 Service 0x01 subfunction non-Default Session to Default Session | E16: High | F16: 陈亚-80025578 | G16: Based on analysis of requirements | H16: 1.Power On; | I16: 1.Send DiagBy[Physical]Data[10 01]; 2.Delay[1000]ms; 3.Send DiagBy[Physical]Data[10 03]; 4.Send DiagBy[Physical]Data[11 01]; 5.Delay[1000]ms; 6.Send DiagBy[Physical]Data[22 F6 C3]; | J16: 1.Check DiagData[50 01 00 32 00 C8]Within[50]ms; 3.Check DiagData[50 03 00 32 00 C8]Within[50]ms; 4.Check DiagData[51 01]Within[50]ms; 6.Check DiagData[62 F6 C3]Within[50]ms; | K16: 需要填充数据，但目前调查表没有给出对应格式 | L16: Fail
A17: B. Security Access Reset
A18: 9 | B18: 1.General 2.DiagnosticServices | C18: Diag_0x11_Phy_009 | D18: 0x11 Service 0x01 subfunction Security access reset | E18: High | F18: 陈亚-80025578 | G18: Based on analysis of requirements | H18: 1.Power On; | I18: 1.Send DiagBy[Physical]Data[10 01]; 2.Delay[1000]ms; 3.Send DiagBy[Physical]Data[10 03]; 4.Send DiagBy[Physical]Data[27 01]AndCheckResp[PositiveResponse]; 5.Send Security Right KeyBy[Physical]Level[02]; 6.Send DiagBy[Physical]Data[11 01]; 7.Delay[1000]ms; 8.Send DiagBy[Physical]Data[22 F6 C3]; 9.Send DiagBy[Physical]Data[10 03]; 10.Send DiagBy[Physical]Data[27 01]; | J18: 1.Check DiagData[50 01 00 32 00 C8]Within[50]ms; 3.Check DiagData[50 03 00 32 00 C8]Within[50]ms; 5.Check DiagData[67 02]Within[50]ms; 6.Check DiagData[51 01]Within[50]ms; 8.Check DiagData[62 F6 C3]Within[50]ms; 9.Check DiagData[50 03 00 32 00 C8]Within[50]ms; 10.Check DiagData[67 01]Within[50]ms; | K18: 测试过程第10步，函数使用错误，应该使用Send DiagBy[Physical]Data[27 01]AndCheckResp[PositiveResponse]; | L18: Fail
A19: C. Communication Control State Reset
A20: 10 | B20: 1.General 2.DiagnosticServices | C20: Diag_0x11_Phy_010 | D20: 0x11 Service 0x01 subfunction communication control state reset | E20: High | F20: 陈亚-80025578 | G20: Based on analysis of requirements | H20: 1.Power On; | I20: 1.Send DiagBy[Physical]Data[10 01]; 2.Delay[1000]ms; 3.Send DiagBy[Physical]Data[10 03]; 4.Send DiagBy[Physical]Data[28 01 01]; 5.Send DiagBy[Physical]Data[11 01]; 6.Delay[1000]ms; 7.Send DiagBy[Physical]Data[22 F6 C3]; | J20: 1.Check DiagData[50 01 00 32 00 C8]Within[50]ms; 3.Check DiagData[50 03 00 32 00 C8]Within[50]ms; 4.Check DiagData[68 01]Within[50]ms; 5.Check DiagData[51 01]Within[50]ms; 7.Check DiagData[62 F6 C3]Within[50]ms; | K20: 仅验证服务本身就行，这里发送了Service 0x28，与后面重复，且这里未做任何与信号相关的检查 | L20: Fail
A21: 1.5 Sub-function Traversal Test
A22: 11 | B22: 1.General 2.DiagnosticServices | C22: Diag_0x11_Phy_011 | D22: Subfunction traversal test in the Default Session | E22: Medium | F22: 陈亚-80025578 | G22: Based on analysis of requirements | H22: 1.Power On; | I22: 1.Send DiagBy[Physical]Data[10 01]; 2.Send SubTraversalBy[Physical]Service[0x11]Excluding[01 81]AndCheckResp[0x7F]; | J22: 1.Check DiagData[50 01 00 32 00 C8]Within[50]ms; | L22: Pass
A23: 12 | B23: 1.General 2.DiagnosticServices | C23: Diag_0x11_Phy_012 | D23: Subfunction traversal test in the Programming Session | E23: Medium | F23: 陈亚-80025578 | G23: Based on analysis of requirements | H23: 1.Power On; | I23: 1.Send DiagBy[Physical]Data[10 01]; 2.Delay[1000]ms; 3.Send DiagBy[Physical]Data[10 03]; 4.Delay[1000]ms; 5.Send DiagBy[Physical]Data[10 02]; 6.Send SubTraversalBy[Physical]Service[0x11]Excluding[01 81]AndCheckResp[0x12]; | J23: 1.Check DiagData[50 01 00 32 00 C8]Within[50]ms; 3.Check DiagData[50 03 00 32 00 C8]Within[50]ms; 5.Check DiagData[50 02 00 32 00 C8]Within[50]ms; | L23: Pass
A24: 13 | B24: 1.General 2.DiagnosticServices | C24: Diag_0x11_Phy_013 | D24: Subfunction traversal test in the Extended Session | E24: Medium | F24: 陈亚-80025578 | G24: Based on analysis of requirements | H24: 1.Power On; | I24: 1.Send DiagBy[Physical]Data[10 01]; 2.Delay[1000]ms; 3.Send DiagBy[Physical]Data[10 03]; 4.Send SubTraversalBy[Physical]Service[0x11]Excluding[01 81]AndCheckResp[0x12]; | J24: 1.Check DiagData[50 01 00 32 00 C8]Within[50]ms; 3.Check DiagData[50 03 00 32 00 C8]Within[50]ms; | L24: Pass
A25: A. DLC Error Test
A26: 14 | B26: 1.General 2.DiagnosticServices | C26: Diag_0x11_Phy_014 | D26: When a diagnostic message with DLC < 8 is sent, ECU does not respond | E26: Low | F26: 陈亚-80025578 | G26: Based on analysis of requirements | H26: 1.Power On; | I26: 1.Send DiagBy[Physical]Data[10 01]; 2.Delay[1000]ms; 3.Send DiagBy[Physical]Data[10 03]; 4.Send Msg[ReqCANID]Data[02 11 01]WithDLC[7]; | J26: 1.Check DiagData[50 01 00 32 00 C8]Within[50]ms; 3.Check DiagData[50 03 00 32 00 C8]Within[50]ms; 4.Check No_Response Within[1000]ms; | L26: Pass
A27: 15 | B27: 1.General 2.DiagnosticServices | C27: Diag_0x11_Phy_015 | D27: When a diagnostic message with DLC > 8 is sent, ECU responds normally | E27: Low | F27: 陈亚-80025578 | G27: Based on analysis of requirements | H27: 1.Power On; | I27: 1.Send DiagBy[Physical]Data[10 01]; 2.Delay[1000]ms; 3.Send DiagBy[Physical]Data[10 03]; 4.Send Msg[ReqCANID]Data[02 11 01]WithDLC[9]; | J27: 1.Check DiagData[50 01 00 32 00 C8]Within[50]ms; 3.Check DiagData[50 03 00 32 00 C8]Within[50]ms; 4.Check DiagData[51 01]Within[50]ms; | L27: Pass
A28: B. NRC Priority Test
A29: 16 | B29: 1.General 2.DiagnosticServices | C29: Diag_0x11_Phy_016 | D29: NRC 13(min Size) > 12 | E29: High | F29: 陈亚-80025578 | G29: Based on analysis of requirements | H29: 1.Power On; | I29: 1.Send DiagBy[Physical]Data[10 01]; 2.Delay[1000]ms; 3.Send DiagBy[Physical]Data[10 03]; 4.Send Msg[ReqCANID]Data[01 11]WithDLC[8]; | J29: 1.Check DiagData[50 01 00 32 00 C8]Within[50]ms; 3.Check DiagData[50 03 00 32 00 C8]Within[50]ms; 4.Check DiagData[7F 11 13]Within[50]ms; | L29: Pass
A30: 17 | B30: 1.General 2.DiagnosticServices | C30: Diag_0x11_Phy_017 | D30: NRC 12 > 7E | E30: High | F30: 陈亚-80025578 | G30: Based on analysis of requirements | H30: 1.Power On; | I30: 1.Send DiagBy[Physical]Data[10 01]; 2.Send DiagBy[Physical]Data[11 02]; | J30: 1.Check DiagData[50 01 00 32 00 C8]Within[50]ms; 2.Check DiagData[7F 11 12]Within[50]ms; | L30: Pass
A31: 18 | B31: 1.General 2.DiagnosticServices | C31: Diag_0x11_Phy_018 | D31: NRC 7E > 22 | E31: High | F31: 陈亚-80025578 | G31: Based on analysis of requirements | H31: 1.Power On; | I31: 1.Send DiagBy[Physical]Data[10 01]; 2.Send DiagBy[Physical]Data[11 01]; | J31: 1.Check DiagData[50 01 00 32 00 C8]Within[50]ms; 2.Check DiagData[7F 11 7F]Within[50]ms; | L31: Pass
A32: C. Voltage Condition Test
A33: 19 | B33: 1.General 2.DiagnosticServices | C33: Diag_0x11_Phy_019 | D33: When the preset voltage condition is not met (low), NRC 0x22 is reported | E33: High | F33: 陈亚-80025578 | G33: Based on analysis of requirements | H33: 1.Power On; | I33: 1.Send DiagBy[Physical]Data[10 01]; 2.Delay[1000]ms; 3.Send DiagBy[Physical]Data[10 03]; 4.Set Voltage[6.8]V; 5.Delay[3000]ms; 6.Send DiagBy[Physical]Data[11 01]; | J33: 1.Check DiagData[50 01 00 32 00 C8]Within[50]ms; 3.Check DiagData[50 03 00 32 00 C8]Within[50]ms; 6.Check DiagData[7F 11 22]Within[50]ms; | L33: Pass
A34: 20 | B34: 1.General 2.DiagnosticServices | C34: Diag_0x11_Phy_020 | D34: When the preset voltage condition is not met (high), NRC 0x22 is reported | E34: High | F34: 陈亚-80025578 | G34: Based on analysis of requirements | H34: 1.Power On; | I34: 1.Send DiagBy[Physical]Data[10 01]; 2.Delay[1000]ms; 3.Send DiagBy[Physical]Data[10 03]; 4.Set Voltage[18.0]V; 5.Delay[3000]ms; 6.Send DiagBy[Physical]Data[11 01]; | J34: 1.Check DiagData[50 01 00 32 00 C8]Within[50]ms; 3.Check DiagData[50 03 00 32 00 C8]Within[50]ms; 6.Check DiagData[7F 11 22]Within[50]ms; | L34: Pass
A35: 1.7 Functional Addressing Test
A36: 21 | B36: 1.General 2.DiagnosticServices | C36: Diag_0x11_Phy_021 | D36: 0x11 Service nonsupport functional addressing subfunction 0x01 | E36: High | F36: 陈亚-80025578 | G36: Based on analysis of requirements | H36: 1.Power On; | I36: 1.Send DiagBy[Physical]Data[10 01]; 2.Delay[1000]ms; 3.Send DiagBy[Physical]Data[10 03]; 4.Send DiagBy[Function]Data[11 01]; 5.Delay[1000]ms; | J36: 1.Check DiagData[50 01 00 32 00 C8]Within[50]ms; 3.Check DiagData[50 03 00 32 00 C8]Within[50]ms; 4.Check No_Response Within[1000]ms; | L36: Pass
A37: 22 | B37: 1.General 2.DiagnosticServices | C37: Diag_0x11_Phy_022 | D37: 0x11 Service nonsupport functional addressing subfunction 0x02 | E37: High | F37: 陈亚-80025578 | G37: Based on analysis of requirements | H37: 1.Power On; | I37: 1.Send DiagBy[Physical]Data[10 01]; 2.Delay[1000]ms; 3.Send DiagBy[Physical]Data[10 03]; 4.Send DiagBy[Function]Data[11 02]; 5.Delay[1000]ms; | J37: 1.Check DiagData[50 01 00 32 00 C8]Within[50]ms; 3.Check DiagData[50 03 00 32 00 C8]Within[50]ms; 4.Check No_Response Within[1000]ms; | L37: Pass
A38: 23 | B38: 1.General 2.DiagnosticServices | C38: Diag_0x11_Phy_023 | D38: 0x11 Service nonsupport functional addressing subfunction 0x03 | E38: High | F38: 陈亚-80025578 | G38: Based on analysis of requirements | H38: 1.Power On; | I38: 1.Send DiagBy[Physical]Data[10 01]; 2.Delay[1000]ms; 3.Send DiagBy[Physical]Data[10 03]; 4.Send DiagBy[Function]Data[11 03]; 5.Delay[1000]ms; | J38: 1.Check DiagData[50 01 00 32 00 C8]Within[50]ms; 3.Check DiagData[50 03 00 32 00 C8]Within[50]ms; 4.Check No_Response Within[1000]ms; | L38: Pass
A39: 3. Boot Service_Physical Addressing
A40: 3.1 Session Layer Test
A41: 24 | B41: 1.General 2.DiagnosticServices | C41: Diag_0x11_Phy_024 | D41: Boot Default Session nonsupport 0x11 services | E41: High | F41: 陈亚-80025578 | G41: Based on analysis of requirements | H41: 1.Power On; | I41: 1.Send DiagBy[Physical]Data[10 01]; 2.Delay[1000]ms; 3.Send DiagBy[Physical]Data[10 03]; 4.Delay[1000]ms; 5.Send DiagBy[Physical]Data[10 02]; 6.Send DiagBy[Physical]Data[10 01]; 7.Send DiagBy[Physical]Data[11 01]; | J41: 1.Check DiagData[50 01 00 32 00 C8]Within[50]ms; 3.Check DiagData[50 03 00 32 00 C8]Within[50]ms; 5.Check DiagData[50 02 00 32 00 C8]Within[50]ms; 6.Check DiagData[50 01 00 32 00 C8]Within[50]ms; 7.Check DiagData[7F 11 7F]Within[50]ms; | L41: Pass
A42: 25 | B42: 1.General 2.DiagnosticServices | C42: Diag_0x11_Phy_025 | D42: Boot Programming Session support the 0x11 service 0x01 subfunction | E42: High | F42: 陈亚-80025578 | G42: Based on analysis of requirements | H42: 1.Power On; | I42: 1.Send DiagBy[Physical]Data[10 01]; 2.Delay[1000]ms; 3.Send DiagBy[Physical]Data[10 03]; 4.Delay[1000]ms; 5.Send DiagBy[Physical]Data[10 02]; 6.Send DiagBy[Physical]Data[11 01]; 7.Delay[1000]ms; | J42: 1.Check DiagData[50 01 00 32 00 C8]Within[50]ms; 3.Check DiagData[50 03 00 32 00 C8]Within[50]ms; 5.Check DiagData[50 02 00 32 00 C8]Within[50]ms; 6.Check DiagData[51 01]Within[50]ms; | L42: Pass
A43: 26 | B43: 1.General 2.DiagnosticServices | C43: Diag_0x11_Phy_026 | D43: Boot Extended Session support the 0x11 service 0x01 subfunction | E43: High | F43: 陈亚-80025578 | G43: Based on analysis of requirements | H43: 1.Power On; | I43: 1.Send DiagBy[Physical]Data[10 01]; 2.Delay[1000]ms; 3.Send DiagBy[Physical]Data[10 03]; 4.Delay[1000]ms; 5.Send DiagBy[Physical]Data[10 02]; 6.Send DiagBy[Physical]Data[10 03]; 7.Send DiagBy[Physical]Data[11 01]; 8.Delay[1000]ms; | J43: 1.Check DiagData[50 01 00 32 00 C8]Within[50]ms; 3.Check DiagData[50 03 00 32 00 C8]Within[50]ms; 5.Check DiagData[50 02 00 32 00 C8]Within[50]ms; 6.Check DiagData[50 03 00 32 00 C8]Within[50]ms; 7.Check DiagData[51 01]Within[50]ms; | L43: Pass
A44: 3.2 SPRMIB Test
A45: 27 | B45: 1.General 2.DiagnosticServices | C45: Diag_0x11_Phy_027 | D45: Boot Programming Session support the 0x11 service 0x01 subfunction with SPRMIB | E45: High | F45: 陈亚-80025578 | G45: Based on analysis of requirements | H45: 1.Power On; | I45: 1.Send DiagBy[Physical]Data[10 01]; 2.Delay[1000]ms; 3.Send DiagBy[Physical]Data[10 03]; 4.Delay[1000]ms; 5.Send DiagBy[Physical]Data[10 02]; 6.Send DiagBy[Physical]Data[11 81]; | J45: 1.Check DiagData[50 01 00 32 00 C8]Within[50]ms; 3.Check DiagData[50 03 00 32 00 C8]Within[50]ms; 5.Check DiagData[50 02 00 32 00 C8]Within[50]ms; 6.Check DiagData[7F 11 12]Within[50]ms; | L45: Pass
A46: 28 | B46: 1.General 2.DiagnosticServices | C46: Diag_0x11_Phy_028 | D46: Boot Extended Session support the 0x11 service 0x01 subfunction with SPRMIB | E46: High | F46: 陈亚-80025578 | G46: Based on analysis of requirements | H46: 1.Power On; | I46: 1.Send DiagBy[Physical]Data[10 01]; 2.Delay[1000]ms; 3.Send DiagBy[Physical]Data[10 03]; 4.Delay[1000]ms; 5.Send DiagBy[Physical]Data[10 02]; 6.Send DiagBy[Physical]Data[10 03]; 7.Send DiagBy[Physical]Data[11 81]; | J46: 1.Check DiagData[50 01 00 32 00 C8]Within[50]ms; 3.Check DiagData[50 03 00 32 00 C8]Within[50]ms; 5.Check DiagData[50 02 00 32 00 C8]Within[50]ms; 6.Check DiagData[50 03 00 32 00 C8]Within[50]ms; 7.Check DiagData[7F 11 12]Within[50]ms; | L46: Pass
A47: 29 | B47: 1.General 2.DiagnosticServices | C47: Diag_0x11_Phy_029 | D47: Boot Default Session nonsupport 0x11 services with SPRMIB | E47: High | F47: 陈亚-80025578 | G47: Based on analysis of requirements | H47: 1.Power On; | I47: 1.Send DiagBy[Physical]Data[10 01]; 2.Delay[1000]ms; 3.Send DiagBy[Physical]Data[10 03]; 4.Delay[1000]ms; 5.Send DiagBy[Physical]Data[10 02]; 6.Send DiagBy[Physical]Data[10 01]; 7.Send DiagBy[Physical]Data[11 81]; | J47: 1.Check DiagData[50 01 00 32 00 C8]Within[50]ms; 3.Check DiagData[50 03 00 32 00 C8]Within[50]ms; 5.Check DiagData[50 02 00 32 00 C8]Within[50]ms; 6.Check DiagData[50 01 00 32 00 C8]Within[50]ms; 7.Check DiagData[7F 11 7F]Within[50]ms; | L47: Pass
A48: 3.3 Secure Access Test
A49: 30 | B49: 1.General 2.DiagnosticServices | C49: Diag_0x11_Phy_030 | D49: Boot Security access L1 unlock supports 0x11 service 0x01 subfunction | E49: High | F49: 陈亚-80025578 | G49: Based on analysis of requirements | H49: 1.Power On; | I49: 1.Send DiagBy[Physical]Data[10 01]; 2.Delay[1000]ms; 3.Send DiagBy[Physical]Data[10 03]; 4.Delay[1000]ms; 5.Send DiagBy[Physical]Data[10 02]; 6.Send DiagBy[Physical]Data[27 01]AndCheckResp[PositiveResponse]; 7.Send Security Right KeyBy[Physical]Level[02]; 8.Send DiagBy[Physical]Data[11 01]; 9.Delay[1000]ms; | J49: 1.Check DiagData[50 01 00 32 00 C8]Within[50]ms; 3.Check DiagData[50 03 00 32 00 C8]Within[50]ms; 5.Check DiagData[50 02 00 32 00 C8]Within[50]ms; 7.Check DiagData[67 02]Within[50]ms; 8.Check DiagData[51 01]Within[50]ms; | L49: Pass
A50: A. Service Reset
A51: 31 | B51: 1.General 2.DiagnosticServices | C51: Diag_0x11_Phy_031 | D51: Boot 0x11 Service 0x01 subfunction non-Default Session to Default Session | E51: High | F51: 陈亚-80025578 | G51: Based on analysis of requirements | H51: 1.Power On; | I51: 1.Send DiagBy[Physical]Data[10 01]; 2.Delay[1000]ms; 3.Send DiagBy[Physical]Data[10 03]; 4.Delay[1000]ms; 5.Send DiagBy[Physical]Data[10 02]; 6.Send DiagBy[Physical]Data[10 03]; 7.Send DiagBy[Physical]Data[11 01]; 8.Delay[1000]ms; 9.Send DiagBy[Physical]Data[22 F6 C3]; | J51: 1.Check DiagData[50 01 00 32 00 C8]Within[50]ms; 3.Check DiagData[50 03 00 32 00 C8]Within[50]ms; 5.Check DiagData[50 02 00 32 00 C8]Within[50]ms; 6.Check DiagData[50 03 00 32 00 C8]Within[50]ms; 7.Check DiagData[51 01]Within[50]ms; 9.Check DiagData[62 F6 C3]Within[50]ms; | L51: Pass
A52: B. Security Access Reset
A53: 32 | B53: 1.General 2.DiagnosticServices | C53: Diag_0x11_Phy_032 | D53: Boot 0x11 Service 0x01 subfunction Security access reset | E53: High | F53: 陈亚-80025578 | G53: Based on analysis of requirements | H53: 1.Power On; | I53: 1.Send DiagBy[Physical]Data[10 01]; 2.Delay[1000]ms; 3.Send DiagBy[Physical]Data[10 03]; 4.Delay[1000]ms; 5.Send DiagBy[Physical]Data[10 02]; 6.Send DiagBy[Physical]Data[27 01]AndCheckResp[PositiveResponse]; 7.Send Security Right KeyBy[Physical]Level[02]; 8.Send DiagBy[Physical]Data[11 01]; 9.Delay[1000]ms; 10.Send DiagBy[Physical]Data[22 F6 C3]; 11.Send DiagBy[Physical]Data[10 03]; 12.Send DiagBy[Physical]Data[27 01]; | J53: 1.Check DiagData[50 01 00 32 00 C8]Within[50]ms; 3.Check DiagData[50 03 00 32 00 C8]Within[50]ms; 5.Check DiagData[50 02 00 32 00 C8]Within[50]ms; 7.Check DiagData[67 02]Within[50]ms; 8.Check DiagData[51 01]Within[50]ms; 10.Check DiagData[62 F6 C3]Within[50]ms; 11.Check DiagData[50 03 00 32 00 C8]Within[50]ms; 12.Check DiagData[67 01]Within[50]ms; | L53: Pass
A54: C. Communication Control State Reset
A55: 33 | B55: 1.General 2.DiagnosticServices | C55: Diag_0x11_Phy_033 | D55: Boot 0x11 Service 0x01 subfunction communication control state reset | E55: High | F55: 陈亚-80025578 | G55: Based on analysis of requirements | H55: 1.Power On; | I55: 1.Send DiagBy[Physical]Data[10 01]; 2.Delay[1000]ms; 3.Send DiagBy[Physical]Data[10 03]; 4.Delay[1000]ms; 5.Send DiagBy[Physical]Data[10 02]; 6.Send DiagBy[Physical]Data[28 01 01]; 7.Send DiagBy[Physical]Data[11 01]; 8.Delay[1000]ms; 9.Send DiagBy[Physical]Data[22 F6 C3]; | J55: 1.Check DiagData[50 01 00 32 00 C8]Within[50]ms; 3.Check DiagData[50 03 00 32 00 C8]Within[50]ms; 5.Check DiagData[50 02 00 32 00 C8]Within[50]ms; 6.Check DiagData[68 01]Within[50]ms; 7.Check DiagData[51 01]Within[50]ms; 9.Check DiagData[62 F6 C3]Within[50]ms; | L55: Pass
A56: 3.5 Sub-function Traversal Test
A57: 34 | B57: 1.General 2.DiagnosticServices | C57: Diag_0x11_Phy_034 | D57: Boot Subfunction traversal test in the Default Session | E57: Medium | F57: 陈亚-80025578 | G57: Based on analysis of requirements | H57: 1.Power On; | I57: 1.Send DiagBy[Physical]Data[10 01]; 2.Delay[1000]ms; 3.Send DiagBy[Physical]Data[10 03]; 4.Delay[1000]ms; 5.Send DiagBy[Physical]Data[10 02]; 6.Send DiagBy[Physical]Data[10 01]; 7.Send SubTraversalBy[Physical]Service[0x11]Excluding[01 81]AndCheckResp[0x7F]; | J57: 1.Check DiagData[50 01 00 32 00 C8]Within[50]ms; 3.Check DiagData[50 03 00 32 00 C8]Within[50]ms; 5.Check DiagData[50 02 00 32 00 C8]Within[50]ms; 6.Check DiagData[50 01 00 32 00 C8]Within[50]ms; | L57: Pass
A58: 35 | B58: 1.General 2.DiagnosticServices | C58: Diag_0x11_Phy_035 | D58: Boot Subfunction traversal test in the Programming Session | E58: Medium | F58: 陈亚-80025578 | G58: Based on analysis of requirements | H58: 1.Power On; | I58: 1.Send DiagBy[Physical]Data[10 01]; 2.Delay[1000]ms; 3.Send DiagBy[Physical]Data[10 03]; 4.Delay[1000]ms; 5.Send DiagBy[Physical]Data[10 02]; 6.Send SubTraversalBy[Physical]Service[0x11]Excluding[01 81]AndCheckResp[0x12]; | J58: 1.Check DiagData[50 01 00 32 00 C8]Within[50]ms; 3.Check DiagData[50 03 00 32 00 C8]Within[50]ms; 5.Check DiagData[50 02 00 32 00 C8]Within[50]ms; | L58: Pass
A59: 36 | B59: 1.General 2.DiagnosticServices | C59: Diag_0x11_Phy_036 | D59: Boot Subfunction traversal test in the Extended Session | E59: Medium | F59: 陈亚-80025578 | G59: Based on analysis of requirements | H59: 1.Power On; | I59: 1.Send DiagBy[Physical]Data[10 01]; 2.Delay[1000]ms; 3.Send DiagBy[Physical]Data[10 03]; 4.Delay[1000]ms; 5.Send DiagBy[Physical]Data[10 02]; 6.Send DiagBy[Physical]Data[10 03]; 7.Send SubTraversalBy[Physical]Service[0x11]Excluding[01 81]AndCheckResp[0x12]; | J59: 1.Check DiagData[50 01 00 32 00 C8]Within[50]ms; 3.Check DiagData[50 03 00 32 00 C8]Within[50]ms; 5.Check DiagData[50 02 00 32 00 C8]Within[50]ms; 6.Check DiagData[50 03 00 32 00 C8]Within[50]ms; | L59: Pass
A60: A. DLC Error Test
A61: 37 | B61: 1.General 2.DiagnosticServices | C61: Diag_0x11_Phy_037 | D61: Boot When a diagnostic message with DLC < 8 is sent, ECU does not respond | E61: Low | F61: 陈亚-80025578 | G61: Based on analysis of requirements | H61: 1.Power On; | I61: 1.Send DiagBy[Physical]Data[10 01]; 2.Delay[1000]ms; 3.Send DiagBy[Physical]Data[10 03]; 4.Delay[1000]ms; 5.Send DiagBy[Physical]Data[10 02]; 6.Send Msg[ReqCANID]Data[02 11 01]WithDLC[7]; | J61: 1.Check DiagData[50 01 00 32 00 C8]Within[50]ms; 3.Check DiagData[50 03 00 32 00 C8]Within[50]ms; 5.Check DiagData[50 02 00 32 00 C8]Within[50]ms; 6.Check No_Response Within[1000]ms; | L61: Pass
A62: 38 | B62: 1.General 2.DiagnosticServices | C62: Diag_0x11_Phy_038 | D62: Boot When a diagnostic message with DLC > 8 is sent, ECU responds normally | E62: Low | F62: 陈亚-80025578 | G62: Based on analysis of requirements | H62: 1.Power On; | I62: 1.Send DiagBy[Physical]Data[10 01]; 2.Delay[1000]ms; 3.Send DiagBy[Physical]Data[10 03]; 4.Delay[1000]ms; 5.Send DiagBy[Physical]Data[10 02]; 6.Send Msg[ReqCANID]Data[02 11 01]WithDLC[9]; | J62: 1.Check DiagData[50 01 00 32 00 C8]Within[50]ms; 3.Check DiagData[50 03 00 32 00 C8]Within[50]ms; 5.Check DiagData[50 02 00 32 00 C8]Within[50]ms; 6.Check DiagData[51 01]Within[50]ms; | L62: Pass
A63: B. NRC Priority Test
A64: 39 | B64: 1.General 2.DiagnosticServices | C64: Diag_0x11_Phy_039 | D64: Boot NRC 13(min Size) > 12 | E64: High | F64: 陈亚-80025578 | G64: Based on analysis of requirements | H64: 1.Power On; | I64: 1.Send DiagBy[Physical]Data[10 01]; 2.Delay[1000]ms; 3.Send DiagBy[Physical]Data[10 03]; 4.Delay[1000]ms; 5.Send DiagBy[Physical]Data[10 02]; 6.Send Msg[ReqCANID]Data[01 11]WithDLC[8]; | J64: 1.Check DiagData[50 01 00 32 00 C8]Within[50]ms; 3.Check DiagData[50 03 00 32 00 C8]Within[50]ms; 5.Check DiagData[50 02 00 32 00 C8]Within[50]ms; 6.Check DiagData[7F 11 13]Within[50]ms; | L64: Pass
A65: 40 | B65: 1.General 2.DiagnosticServices | C65: Diag_0x11_Phy_040 | D65: Boot NRC 12 > 7E | E65: High | F65: 陈亚-80025578 | G65: Based on analysis of requirements | H65: 1.Power On; | I65: 1.Send DiagBy[Physical]Data[10 01]; 2.Delay[1000]ms; 3.Send DiagBy[Physical]Data[10 03]; 4.Delay[1000]ms; 5.Send DiagBy[Physical]Data[10 02]; 6.Send DiagBy[Physical]Data[10 01]; 7.Send DiagBy[Physical]Data[11 02]; | J65: 1.Check DiagData[50 01 00 32 00 C8]Within[50]ms; 3.Check DiagData[50 03 00 32 00 C8]Within[50]ms; 5.Check DiagData[50 02 00 32 00 C8]Within[50]ms; 6.Check DiagData[50 01 00 32 00 C8]Within[50]ms; 7.Check DiagData[7F 11 12]Within[50]ms; | L65: Pass
A66: 41 | B66: 1.General 2.DiagnosticServices | C66: Diag_0x11_Phy_041 | D66: Boot NRC 7E > 22 | E66: High | F66: 陈亚-80025578 | G66: Based on analysis of requirements | H66: 1.Power On; | I66: 1.Send DiagBy[Physical]Data[10 01]; 2.Delay[1000]ms; 3.Send DiagBy[Physical]Data[10 03]; 4.Delay[1000]ms; 5.Send DiagBy[Physical]Data[10 02]; 6.Send DiagBy[Physical]Data[10 01]; 7.Send DiagBy[Physical]Data[11 01]; | J66: 1.Check DiagData[50 01 00 32 00 C8]Within[50]ms; 3.Check DiagData[50 03 00 32 00 C8]Within[50]ms; 5.Check DiagData[50 02 00 32 00 C8]Within[50]ms; 6.Check DiagData[50 01 00 32 00 C8]Within[50]ms; 7.Check DiagData[7F 11 7F]Within[50]ms; | L66: Pass
A67: C. Voltage Condition Test
A68: 42 | B68: 1.General 2.DiagnosticServices | C68: Diag_0x11_Phy_042 | D68: Boot When the preset voltage condition is not met (low), NRC 0x22 is reported | E68: High | F68: 陈亚-80025578 | G68: Based on analysis of requirements | H68: 1.Power On; | I68: 1.Send DiagBy[Physical]Data[10 01]; 2.Delay[1000]ms; 3.Send DiagBy[Physical]Data[10 03]; 4.Delay[1000]ms; 5.Send DiagBy[Physical]Data[10 02]; 6.Set Voltage[6.8]V; 7.Delay[3000]ms; 8.Send DiagBy[Physical]Data[11 01]; | J68: 1.Check DiagData[50 01 00 32 00 C8]Within[50]ms; 3.Check DiagData[50 03 00 32 00 C8]Within[50]ms; 5.Check DiagData[50 02 00 32 00 C8]Within[50]ms; 8.Check DiagData[7F 11 22]Within[50]ms; | L68: Pass
A69: 43 | B69: 1.General 2.DiagnosticServices | C69: Diag_0x11_Phy_043 | D69: Boot When the preset voltage condition is not met (high), NRC 0x22 is reported | E69: High | F69: 陈亚-80025578 | G69: Based on analysis of requirements | H69: 1.Power On; | I69: 1.Send DiagBy[Physical]Data[10 01]; 2.Delay[1000]ms; 3.Send DiagBy[Physical]Data[10 03]; 4.Delay[1000]ms; 5.Send DiagBy[Physical]Data[10 02]; 6.Set Voltage[18.0]V; 7.Delay[3000]ms; 8.Send DiagBy[Physical]Data[11 01]; | J69: 1.Check DiagData[50 01 00 32 00 C8]Within[50]ms; 3.Check DiagData[50 03 00 32 00 C8]Within[50]ms; 5.Check DiagData[50 02 00 32 00 C8]Within[50]ms; 8.Check DiagData[7F 11 22]Within[50]ms; | L69: Pass
A70: 3.7 Functional Addressing Test
A71: 44 | B71: 1.General 2.DiagnosticServices | C71: Diag_0x11_Phy_044 | D71: Boot 0x11 Service nonsupport functional addressing subfunction 0x01 | E71: High | F71: 陈亚-80025578 | G71: Based on analysis of requirements | H71: 1.Power On; | I71: 1.Send DiagBy[Physical]Data[10 01]; 2.Delay[1000]ms; 3.Send DiagBy[Physical]Data[10 03]; 4.Delay[1000]ms; 5.Send DiagBy[Physical]Data[10 02]; 6.Send DiagBy[Function]Data[11 01]; 7.Delay[1000]ms; | J71: 1.Check DiagData[50 01 00 32 00 C8]Within[50]ms; 3.Check DiagData[50 03 00 32 00 C8]Within[50]ms; 5.Check DiagData[50 02 00 32 00 C8]Within[50]ms; 6.Check No_Response Within[1000]ms; | L71: Pass
A72: 45 | B72: 1.General 2.DiagnosticServices | C72: Diag_0x11_Phy_045 | D72: Boot 0x11 Service nonsupport functional addressing subfunction 0x02 | E72: High | F72: 陈亚-80025578 | G72: Based on analysis of requirements | H72: 1.Power On; | I72: 1.Send DiagBy[Physical]Data[10 01]; 2.Delay[1000]ms; 3.Send DiagBy[Physical]Data[10 03]; 4.Delay[1000]ms; 5.Send DiagBy[Physical]Data[10 02]; 6.Send DiagBy[Function]Data[11 02]; 7.Delay[1000]ms; | J72: 1.Check DiagData[50 01 00 32 00 C8]Within[50]ms; 3.Check DiagData[50 03 00 32 00 C8]Within[50]ms; 5.Check DiagData[50 02 00 32 00 C8]Within[50]ms; 6.Check No_Response Within[1000]ms; | L72: Pass
A73: 46 | B73: 1.General 2.DiagnosticServices | C73: Diag_0x11_Phy_046 | D73: Boot 0x11 Service nonsupport functional addressing subfunction 0x03 | E73: High | F73: 陈亚-80025578 | G73: Based on analysis of requirements | H73: 1.Power On; | I73: 1.Send DiagBy[Physical]Data[10 01]; 2.Delay[1000]ms; 3.Send DiagBy[Physical]Data[10 03]; 4.Delay[1000]ms; 5.Send DiagBy[Physical]Data[10 02]; 6.Send DiagBy[Function]Data[11 03]; 7.Delay[1000]ms; | J73: 1.Check DiagData[50 01 00 32 00 C8]Within[50]ms; 3.Check DiagData[50 03 00 32 00 C8]Within[50]ms; 5.Check DiagData[50 02 00 32 00 C8]Within[50]ms; 6.Check No_Response Within[1000]ms; | L73: Pass

Sheet ClearDiagnosticInformation_0x14
B1: Test Level | C1: SYS.5
A2: Sequence Number | B2: System Requirement ID | C2: Test Case | G2: Design Method | H2: Precondition | I2: Test Procedure | J2: Expected Output | K2: Actual Output | L2: Judgement Result | M2: Defect ID
C3: ID | D3: Name | E3: Priority | F3: Author
A4: 1. Application Service_Physical Addressing
A5: 1.1 Session Layer Test
A6: 1 | B6: 1.General 2.DiagnosticServices | C6: Diag_0x14_Phy_001 | D6: Default Session nonsupport 0x14 services | E6: High | F6: 陈亚-80025578 | G6: Based on analysis of requirements | H6: 1.Power On; | I6: 1. Send DiagBy[Physical]Data[10 01]; 2. Send DiagBy[Physical]Data[14 FF FF FF]; | J6: 1. Check DiagData[50 01 XX XX XX XX]Within[50]ms; 2. Check DiagData[7F 14 11]Within[50]ms; | K6: 未正确填充数据 | L6: Fail
A7: 2 | B7: 1.General 2.DiagnosticServices | C7: Diag_0x14_Phy_002 | D7: Extended Session nonsupport 0x14 services | E7: High | F7: 陈亚-80025578 | G7: Based on analysis of requirements | H7: 1.Power On; | I7: 1. Send DiagBy[Physical]Data[10 01]; 2. Send DiagBy[Physical]Data[10 03]; 3. Send DiagBy[Physical]Data[14 FF FF FF]; | J7: 1. Check DiagData[50 01 XX XX XX XX]Within[50]ms; 2. Check DiagData[50 03 XX XX XX XX]Within[50]ms; 3. Check DiagData[7F 14 11]Within[50]ms; | L7: Pass
A8: 3 | B8: 1.General 2.DiagnosticServices | C8: Diag_0x14_Phy_003 | D8: Programming Session nonsupport 0x14 services | E8: High | F8: 陈亚-80025578 | G8: Based on analysis of requirements | H8: 1.Power On; | I8: 1. Send DiagBy[Physical]Data[10 01]; 2. Delay[1000]ms; 3. Send DiagBy[Physical]Data[10 03]; 4. Send DiagBy[Physical]Data[31 01 02 03]; 5. Send DiagBy[Physical]Data[10 02]; 6. Send DiagBy[Physical]Data[14 FF FF FF]; | J8: 1. Check DiagData[50 01 XX XX XX XX]Within[50]ms; 3. Check DiagData[50 03 XX XX XX XX]Within[50]ms; 4. Check DiagData[71 01 02 03 00]Within[50]ms; 5. Check DiagData[50 02 XX XX XX XX]Within[50]ms; 6. Check DiagData[7F 14 11]Within[50]ms; | L8: Pass
A9: 2. Application Service_Functional Addressing
A10: 2.1 Session Layer Test
A11: 4 | B11: 1.General 2.DiagnosticServices | C11: Diag_0x14_Fun_001 | D11: Default Session nonsupport 0x14 services | E11: High | F11: 陈亚-80025578 | G11: Based on analysis of requirements | H11: 1.Power On; | I11: 1. Send DiagBy[Physical]Data[10 01]; 2. Send DiagBy[Function]Data[14 FF FF FF]; | J11: 1. Check DiagData[50 01 XX XX XX XX]Within[50]ms; 2. Check No_Response Within[1000]ms; | K11: 需要回复NRC 0x11 | L11: Fail
A12: 5 | B12: 1.General 2.DiagnosticServices | C12: Diag_0x14_Fun_002 | D12: Extended Session nonsupport 0x14 services | E12: High | F12: 陈亚-80025578 | G12: Based on analysis of requirements | H12: 1.Power On; | I12: 1. Send DiagBy[Physical]Data[10 01]; 2. Send DiagBy[Physical]Data[10 03]; 3. Send DiagBy[Function]Data[14 FF FF FF]; | J12: 1. Check DiagData[50 01 XX XX XX XX]Within[50]ms; 2. Check DiagData[50 03 XX XX XX XX]Within[50]ms; 3. Check No_Response Within[1000]ms; | K12: 需要回复NRC 0x11 | L12: Fail
A13: 6 | B13: 1.General 2.DiagnosticServices | C13: Diag_0x14_Fun_003 | D13: Programming Session nonsupport 0x14 services | E13: High | F13: 陈亚-80025578 | G13: Based on analysis of requirements | H13: 1.Power On; | I13: 1. Send DiagBy[Physical]Data[10 01]; 2. Delay[1000]ms; 3. Send DiagBy[Physical]Data[10 03]; 4. Send DiagBy[Physical]Data[31 01 02 03]; 5. Send DiagBy[Physical]Data[10 02]; 6. Send DiagBy[Function]Data[14 FF FF FF]; | J13: 1. Check DiagData[50 01 XX XX XX XX]Within[50]ms; 3. Check DiagData[50 03 XX XX XX XX]Within[50]ms; 4. Check DiagData[71 01 02 03 00]Within[50]ms; 5. Check DiagData[50 02 XX XX XX XX]Within[50]ms; 6. Check No_Response Within[1000]ms; | K13: 需要回复NRC 0x11 | L13: Fail
A14: 3. Boot Service_Physical Addressing
A15: 3.1 Session Layer Test
A16: 7 | B16: 1.General 2.DiagnosticServices | C16: Diag_0x14_Phy_004 | D16: Default Session nonsupport 0x14 services | E16: High | F16: 陈亚-80025578 | G16: Based on analysis of requirements | H16: 1.Power On; | I16: 1. Send DiagBy[Physical]Data[10 01]; 2. Delay[1000]ms; 3. Send DiagBy[Physical]Data[10 03]; 4. Send DiagBy[Physical]Data[31 01 02 03]; 5. Send DiagBy[Physical]Data[10 02]; 6. Send DiagBy[Physical]Data[10 01]; 7. Send DiagBy[Physical]Data[14 FF FF FF]; | J16: 1. Check DiagData[50 01 XX XX XX XX]Within[50]ms; 3. Check DiagData[50 03 XX XX XX XX]Within[50]ms; 4. Check DiagData[71 01 02 03 00]Within[50]ms; 5. Check DiagData[50 02 XX XX XX XX]Within[50]ms; 6. Check DiagData[50 01 XX XX XX XX]Within[50]ms; 7. Check DiagData[7F 14 11]Within[50]ms; | L16: Pass
A17: 8 | B17: 1.General 2.DiagnosticServices | C17: Diag_0x14_Phy_005 | D17: Programming Session nonsupport 0x14 services | E17: High | F17: 陈亚-80025578 | G17: Based on analysis of requirements | H17: 1.Power On; | I17: 1. Send DiagBy[Physical]Data[10 01]; 2. Delay[1000]ms; 3. Send DiagBy[Physical]Data[10 03]; 4. Send DiagBy[Physical]Data[31 01 02 03]; 5. Send DiagBy[Physical]Data[10 02]; 6. Send DiagBy[Physical]Data[14 FF FF FF]; | J17: 1. Check DiagData[50 01 XX XX XX XX]Within[50]ms; 3. Check DiagData[50 03 XX XX XX XX]Within[50]ms; 4. Check DiagData[71 01 02 03 00]Within[50]ms; 5. Check DiagData[50 02 XX XX XX XX]Within[50]ms; 6. Check DiagData[7F 14 11]Within[50]ms; | L17: Pass
A18: 9 | B18: 1.General 2.DiagnosticServices | C18: Diag_0x14_Phy_006 | D18: Extended Session nonsupport 0x14 services | E18: High | F18: 陈亚-80025578 | G18: Based on analysis of requirements | H18: 1.Power On; | I18: 1. Send DiagBy[Physical]Data[10 01]; 2. Delay[1000]ms; 3. Send DiagBy[Physical]Data[10 03]; 4. Send DiagBy[Physical]Data[31 01 02 03]; 5. Send DiagBy[Physical]Data[10 02]; 6. Send DiagBy[Physical]Data[10 03]; 7. Send DiagBy[Physical]Data[14 FF FF FF]; | J18: 1. Check DiagData[50 01 XX XX XX XX]Within[50]ms; 3. Check DiagData[50 03 XX XX XX XX]Within[50]ms; 4. Check DiagData[71 01 02 03 00]Within[50]ms; 5. Check DiagData[50 02 XX XX XX XX]Within[50]ms; 6. Check DiagData[50 03 XX XX XX XX]Within[50]ms; 7. Check DiagData[7F 14 11]Within[50]ms; | L18: Pass
A19: 4. Boot Service_Functional Addressing
A20: 4.1 Session Layer Test
A21: 10 | B21: 1.General 2.DiagnosticServices | C21: Diag_0x14_Fun_004 | D21: Default Session nonsupport 0x14 services | E21: High | F21: 陈亚-80025578 | G21: Based on analysis of requirements | H21: 1.Power On; | I21: 1. Send DiagBy[Physical]Data[10 01]; 2. Delay[1000]ms; 3. Send DiagBy[Physical]Data[10 03]; 4. Send DiagBy[Physical]Data[31 01 02 03]; 5. Send DiagBy[Physical]Data[10 02]; 6. Send DiagBy[Physical]Data[10 01]; 7. Send DiagBy[Function]Data[14 FF FF FF]; | J21: 1. Check DiagData[50 01 XX XX XX XX]Within[50]ms; 3. Check DiagData[50 03 XX XX XX XX]Within[50]ms; 4. Check DiagData[71 01 02 03 00]Within[50]ms; 5. Check DiagData[50 02 XX XX XX XX]Within[50]ms; 6. Check DiagData[50 01 XX XX XX XX]Within[50]ms; 7. Check No_Response Within[1000]ms; | K21: 1.31 01 02 03不支持 2.要回复NRC 0x11 | L21: Fail
A22: 11 | B22: 1.General 2.DiagnosticServices | C22: Diag_0x14_Fun_005 | D22: Programming Session nonsupport 0x14 services | E22: High | F22: 陈亚-80025578 | G22: Based on analysis of requirements | H22: 1.Power On; | I22: 1. Send DiagBy[Physical]Data[10 01]; 2. Delay[1000]ms; 3. Send DiagBy[Physical]Data[10 03]; 4. Send DiagBy[Physical]Data[31 01 02 03]; 5. Send DiagBy[Physical]Data[10 02]; 6. Send DiagBy[Function]Data[14 FF FF FF]; | J22: 1. Check DiagData[50 01 XX XX XX XX]Within[50]ms; 3. Check DiagData[50 03 XX XX XX XX]Within[50]ms; 4. Check DiagData[71 01 02 03 00]Within[50]ms; 5. Check DiagData[50 02 XX XX XX XX]Within[50]ms; 6. Check No_Response Within[1000]ms; | K22: 1.31 01 02 03不支持 2.要回复NRC 0x11 | L22: Fail
A23: 12 | B23: 1.General 2.DiagnosticServices | C23: Diag_0x14_Fun_006 | D23: Extended Session nonsupport 0x14 services | E23: High | F23: 陈亚-80025578 | G23: Based on analysis of requirements | H23: 1.Power On; | I23: 1. Send DiagBy[Physical]Data[10 01]; 2. Delay[1000]ms; 3. Send DiagBy[Physical]Data[10 03]; 4. Send DiagBy[Physical]Data[31 01 02 03]; 5. Send DiagBy[Physical]Data[10 02]; 6. Send DiagBy[Physical]Data[10 03]; 7. Send DiagBy[Function]Data[14 FF FF FF]; | J23: 1. Check DiagData[50 01 XX XX XX XX]Within[50]ms; 3. Check DiagData[50 03 XX XX XX XX]Within[50]ms; 4. Check DiagData[71 01 02 03 00]Within[50]ms; 5. Check DiagData[50 02 XX XX XX XX]Within[50]ms; 6. Check DiagData[50 03 XX XX XX XX]Within[50]ms; 7. Check No_Response Within[1000]ms; | K23: 1.31 01 02 03不支持 2.要回复NRC 0x11 | L23: Fail

Sheet SecurityAccess_0x27
B1: Test Level | C1: SYS.5
A2: Sequence Number | B2: System Requirement ID | C2: Test Case | G2: Design Method | H2: Precondition | I2: Test Procedure | J2: Expected Output | K2: Actual Output | L2: Judgement Result | M2: Defect ID
C3: ID | D3: Name | E3: Priority | F3: Author
A4: APP 域 Physical 寻址测试用例
A5: 1.1 Session Layer Test (APP)
A6: 1 | B6: 1.General 2.DiagnosticServices | C6: Diag_0x27_Phy_001 | D6: Default Session nonsupport 0x27 Service security access level 1 Negativecase-$27 | E6: High | F6: 陈亚-80025578 | G6: Based on analysis of requirements | H6: 1.Power On; | I6: 1.Send DiagBy[Physical]Data[10 01]; 2.Send DiagBy[Physical]Data[27 01]AndCheckResp[7F 27 7F]; | J6: 1.Check DiagData[50 01 XX XX XX XX]Within[50]ms; | K6: 格式错误 | L6: Fail
A7: 2 | B7: 1.General 2.DiagnosticServices | C7: Diag_0x27_Phy_002 | D7: Default Session nonsupport 0x27 Service security access level 2 Negativecase-$27 | E7: High | F7: 陈亚-80025578 | G7: Based on analysis of requirements | H7: 1.Power On; | I7: 1.Send DiagBy[Physical]Data[10 01]; 2.Send DiagBy[Physical]Data[27 03]AndCheckResp[7F 27 7F]; | J7: 1.Check DiagData[50 01 XX XX XX XX]Within[50]ms; | L7: Fail
A8: 3 | B8: 1.General 2.DiagnosticServices | C8: Diag_0x27_Phy_003 | D8: Programming Session support 0x27 Service security access level 1 PositiveResponsecase-$27 | E8: High | F8: 陈亚-80025578 | G8: Based on analysis of requirements | H8: 1.Power On; | I8: 1.Send DiagBy[Physical]Data[10 01]; 2.Delay[1000]ms; 3.Send DiagBy[Physical]Data[10 03]; 4.Send DiagBy[Physical]Data[31 01 02 03]; 5.Send DiagBy[Physical]Data[10 02]; 6.Send DiagBy[Physical]Data[27 01]AndCheckResp[PositiveResponse]; 7.Send Security Right KeyBy[Physical]Level[02]; | J8: 1.Check DiagData[50 01 XX XX XX XX]Within[50]ms; 3.Check DiagData[50 03 XX XX XX XX]Within[50]ms; 4.Check DiagData[71 01 02 03 00]Within[50]ms; 5.Check DiagData[50 02 XX XX XX XX]Within[50]ms; 7.Check DiagData[67 02]Within[50]ms; | K8: 不支持31 01 02 03 | L8: Fail
A9: 4 | B9: 1.General 2.DiagnosticServices | C9: Diag_0x27_Phy_004 | D9: Programming Session support 0x27 Service security access level 2 PositiveResponsecase-$27 | E9: High | F9: 陈亚-80025578 | G9: Based on analysis of requirements | H9: 1.Power On; | I9: 1.Send DiagBy[Physical]Data[10 01]; 2.Delay[1000]ms; 3.Send DiagBy[Physical]Data[10 03]; 4.Send DiagBy[Physical]Data[31 01 02 03]; 5.Send DiagBy[Physical]Data[10 02]; 6.Send DiagBy[Physical]Data[27 03]AndCheckResp[PositiveResponse]; 7.Send Security Right KeyBy[Physical]Level[04]; | J9: 1.Check DiagData[50 01 XX XX XX XX]Within[50]ms; 3.Check DiagData[50 03 XX XX XX XX]Within[50]ms; 4.Check DiagData[71 01 02 03 00]Within[50]ms; 5.Check DiagData[50 02 XX XX XX XX]Within[50]ms; 7.Check DiagData[67 04]Within[50]ms; | K9: 不支持31 01 02 03 | L9: Fail
A10: 5 | B10: 1.General 2.DiagnosticServices | C10: Diag_0x27_Phy_005 | D10: Extended Session support 0x27 Service security access level 1 PositiveResponsecase-$27 | E10: High | F10: 陈亚-80025578 | G10: Based on analysis of requirements | H10: 1.Power On; | I10: 1.Send DiagBy[Physical]Data[10 03]; 2.Send DiagBy[Physical]Data[27 01]AndCheckResp[PositiveResponse]; 3.Send Security Right KeyBy[Physical]Level[02]; | J10: 1.Check DiagData[50 03 XX XX XX XX]Within[50]ms; 3.Check DiagData[67 02]Within[50]ms; | L10: Pass
A11: 6 | B11: 1.General 2.DiagnosticServices | C11: Diag_0x27_Phy_006 | D11: Extended Session support 0x27 Service security access level 2 PositiveResponsecase-$27 | E11: High | F11: 陈亚-80025578 | G11: Based on analysis of requirements | H11: 1.Power On; | I11: 1.Send DiagBy[Physical]Data[10 03]; 2.Send DiagBy[Physical]Data[27 03]AndCheckResp[PositiveResponse]; 3.Send Security Right KeyBy[Physical]Level[04]; | J11: 1.Check DiagData[50 03 XX XX XX XX]Within[50]ms; 3.Check DiagData[67 04]Within[50]ms; | K11: 不支持27 03，这里要回复NRC 12，而不是PositiveResponse | L11: Fail
A12: 1.2 Secure Access Process Test (APP)
A13: 7 | B13: 1.General 2.DiagnosticServices | C13: Diag_0x27_Phy_007 | D13: Does not meet the secure access process, only requests seeds, a negative test case where secure access cannot be unlocked | E13: High | F13: 陈亚-80025578 | G13: Based on analysis of requirements | H13: 1.Power On; | I13: 1.Send DiagBy[Physical]Data[10 03]; 2.Send DiagBy[Physical]Data[27 01]AndCheckResp[PositiveResponse]; | J13: 1.Check DiagData[50 03 XX XX XX XX]Within[50]ms; | L13: Pass
A14: 8 | B14: 1.General 2.DiagnosticServices | C14: Diag_0x27_Phy_008 | D14: Does not meet the secure access process, only sending the key; a negative test case | E14: High | F14: 陈亚-80025578 | G14: Based on analysis of requirements | H14: 1.Power On; | I14: 1.Send DiagBy[Physical]Data[10 03]; 2.Send DiagBy[Physical]Data[27 02]; | J14: 1.Check DiagData[50 03 XX XX XX XX]Within[50]ms; 2.Check DiagData[7F 27 24]Within[50]ms; | L14: Pass
A15: 9 | B15: 1.General 2.DiagnosticServices | C15: Diag_0x27_Phy_009 | D15: Meet the secure access process: request the seed first, then send the key – a PositiveResponse use case | E15: High | F15: 陈亚-80025578 | G15: Based on analysis of requirements | H15: 1.Power On; | I15: 1.Send DiagBy[Physical]Data[10 03]; 2.Send DiagBy[Physical]Data[27 01]AndCheckResp[PositiveResponse]; 3.Send Security Right KeyBy[Physical]Level[02]; | J15: 1.Check DiagData[50 03 XX XX XX XX]Within[50]ms; 3.Check DiagData[67 02]Within[50]ms; | L15: Pass
A16: 10 | B16: 1.General 2.DiagnosticServices | C16: Diag_0x27_Phy_010 | D16: Failure to comply with the secure access process: sending the key first, then requesting the seed - same level | E16: High | F16: 陈亚-80025578 | G16: Based on analysis of requirements | H16: 1.Power On; | I16: 1.Send DiagBy[Physical]Data[10 03]; 2.Send DiagBy[Physical]Data[27 02]; 3.Send DiagBy[Physical]Data[27 01]AndCheckResp[PositiveResponse]; | J16: 1.Check DiagData[50 03 XX XX XX XX]Within[50]ms; 2.Check DiagData[7F 27 24]Within[50]ms; | L16: Pass
A17: 11 | B17: 1.General 2.DiagnosticServices | C17: Diag_0x27_Phy_011 | D17: Failure to comply with the secure access process: sending the key first, then requesting the seed - cross level | E17: High | F17: 陈亚-80025578 | G17: Based on analysis of requirements | H17: 1.Power On; | I17: 1.Send DiagBy[Physical]Data[10 03]; 2.Send DiagBy[Physical]Data[27 04]; 3.Send DiagBy[Physical]Data[27 01]AndCheckResp[PositiveResponse]; | J17: 1.Check DiagData[50 03 XX XX XX XX]Within[50]ms; 2.Check DiagData[7F 27 24]Within[50]ms; | K17: 不支持27 03，这里要回复NRC 12，而不是PositiveResponse | L17: Fail
A18: 12 | B18: 1.General 2.DiagnosticServices | C18: Diag_0x27_Phy_012 | D18: Repeated seed requests return the same seed data - PositiveResponse | E18: High | F18: 陈亚-80025578 | G18: Based on analysis of requirements | H18: 1.Power On; | I18: 1.Send DiagBy[Physical]Data[10 03]; 2.Send DiagBy[Physical]Data[27 01]AndCheckResp[PositiveResponse]; 3.Send DiagBy[Physical]Data[27 01]AndCheckResp[PositiveResponse]; | J18: 1.Check DiagData[50 03 XX XX XX XX]Within[50]ms; | L18: Pass
A19: 13 | B19: 1.General 2.DiagnosticServices | C19: Diag_0x27_Phy_013 | D19: After successful unlock, request seed returns all zeros - PositiveResponse | E19: High | F19: 陈亚-80025578 | G19: Based on analysis of requirements | H19: 1.Power On; | I19: 1.Send DiagBy[Physical]Data[10 03]; 2.Send DiagBy[Physical]Data[27 01]AndCheckResp[PositiveResponse]; 3.Send Security Right KeyBy[Physical]Level[02]; 4.Send DiagBy[Physical]Data[27 01]AndCheckResp[PositiveResponse]; | J19: 1.Check DiagData[50 03 XX XX XX XX]Within[50]ms; 3.Check DiagData[67 02]Within[50]ms; | L19: Pass
A20: 1.3 Security Access Mechanism Test (APP) — Path A: Wrong Key
A21: 14 | B21: 1.General 2.DiagnosticServices | C21: Diag_0x27_Phy_014 | D21: Meets the maximum of 3 failed attempts (wrong key); does not meet the reverse test case with a lockout time of 10 seconds | E21: High | F21: 陈亚-80025578 | G21: Based on analysis of requirements | H21: 1.Power On; | I21: 1.Send DiagBy[Physical]Data[10 03]; 2.Send DiagBy[Physical]Data[27 01]AndCheckResp[PositiveResponse]; 3.Send Security Wrong KeyBy[Physical]Level[02]; 4.Send DiagBy[Physical]Data[27 01]AndCheckResp[PositiveResponse]; 5.Send Security Wrong KeyBy[Physical]Level[02]; 6.Send DiagBy[Physical]Data[27 01]AndCheckResp[PositiveResponse]; 7.Send Security Wrong KeyBy[Physical]Level[02]; 8.Send DiagBy[Physical]Data[27 01]AndCheckResp[7F 27 37]; | J21: 1.Check DiagData[50 03 XX XX XX XX]Within[50]ms; 3.Check DiagData[7F 27 35]Within[50]ms; 5.Check DiagData[7F 27 35]Within[50]ms; 7.Check DiagData[7F 27 36]Within[50]ms; | L21: Pass
A22: 15 | B22: 1.General 2.DiagnosticServices | C22: Diag_0x27_Phy_015 | D22: A PositiveResponse test case that meets a maximum of 3 failed attempts (wrong key) and a lockout duration of 10 seconds | E22: High | F22: 陈亚-80025578 | G22: Based on analysis of requirements | H22: 1.Power On; | I22: 1.Send DiagBy[Physical]Data[10 03]; 2.Send DiagBy[Physical]Data[27 01]AndCheckResp[PositiveResponse]; 3.Send Security Wrong KeyBy[Physical]Level[02]; 4.Send DiagBy[Physical]Data[27 01]AndCheckResp[PositiveResponse]; 5.Send Security Wrong KeyBy[Physical]Level[02]; 6.Send DiagBy[Physical]Data[27 01]AndCheckResp[PositiveResponse]; 7.Send Security Wrong KeyBy[Physical]Level[02]; 8.Delay[10000]ms; 9.Send DiagBy[Physical]Data[27 01]AndCheckResp[PositiveResponse]; | J22: 1.Check DiagData[50 03 XX XX XX XX]Within[50]ms; 3.Check DiagData[7F 27 35]Within[50]ms; 5.Check DiagData[7F 27 35]Within[50]ms; 7.Check DiagData[7F 27 36]Within[50]ms; | L22: Pass
A23: 16 | B23: 1.General 2.DiagnosticServices | C23: Diag_0x27_Phy_016 | D23: A negative test case where the maximum number of secure access attempts (with incorrect keys) is reached and the 10-second delay has not expired | E23: Low | F23: 陈亚-80025578 | G23: Based on analysis of requirements | H23: 1.Power On; | I23: 1.Send DiagBy[Physical]Data[10 03]; 2.Send DiagBy[Physical]Data[27 01]AndCheckResp[PositiveResponse]; 3.Send Security Wrong KeyBy[Physical]Level[02]; 4.Send DiagBy[Physical]Data[27 01]AndCheckResp[PositiveResponse]; 5.Send Security Wrong KeyBy[Physical]Level[02]; 6.Send DiagBy[Physical]Data[27 01]AndCheckResp[PositiveResponse]; 7.Send Security Wrong KeyBy[Physical]Level[02]; 8.Delay[5000]ms; 9.Send DiagBy[Physical]Data[27 01]AndCheckResp[7F 27 37]; | J23: 1.Check DiagData[50 03 XX XX XX XX]Within[50]ms; 3.Check DiagData[7F 27 35]Within[50]ms; 5.Check DiagData[7F 27 35]Within[50]ms; 7.Check DiagData[7F 27 36]Within[50]ms; | L23: Pass
A24: 17 | B24: 1.General 2.DiagnosticServices | C24: Diag_0x27_Phy_017 | D24: When the maximum number of safe access attempts (wrong key) = 4 is reached, successfully unlock once to reset counter | E24: High | F24: 陈亚-80025578 | G24: Based on analysis of requirements | H24: 1.Power On; | I24: 1.Send DiagBy[Physical]Data[10 03]; 2.Send DiagBy[Physical]Data[27 01]AndCheckResp[PositiveResponse]; 3.Send Security Wrong KeyBy[Physical]Level[02]; 4.Send DiagBy[Physical]Data[27 01]AndCheckResp[PositiveResponse]; 5.Send Security Wrong KeyBy[Physical]Level[02]; 6.Send DiagBy[Physical]Data[27 01]AndCheckResp[PositiveResponse]; 7.Send Security Right KeyBy[Physical]Level[02]; 8.Send DiagBy[Physical]Data[10 01]; 9.Send DiagBy[Physical]Data[10 03]; 10.Send DiagBy[Physical]Data[27 01]AndCheckResp[PositiveResponse]; 11.Send Security Wrong KeyBy[Physical]Level[02]; 12.Send DiagBy[Physical]Data[27 01]AndCheckResp[PositiveResponse]; 13.Send Security Wrong KeyBy[Physical]Level[02]; 14.Send DiagBy[Physical]Data[27 01]AndCheckResp[PositiveResponse]; 15.Send Security Wrong KeyBy[Physical]Level[02]; 16.Send DiagBy[Physical]Data[27 01]AndCheckResp[7F 27 37]; | J24: 1.Check DiagData[50 03 XX XX XX XX]Within[50]ms; 3.Check DiagData[7F 27 35]Within[50]ms; 5.Check DiagData[7F 27 35]Within[50]ms; 7.Check DiagData[67 02]Within[50]ms; 8.Check DiagData[50 01 XX XX XX XX]Within[50]ms; 9.Check DiagData[50 03 XX XX XX XX]Within[50]ms; 11.Check DiagData[7F 27 35]Within[50]ms; 13.Check DiagData[7F 27 35]Within[50]ms; 15.Check DiagData[7F 27 36]Within[50]ms; | L24: Pass
A25: 18 | B25: 1.General 2.DiagnosticServices | C25: Diag_0x27_Phy_018 | D25: SAcounter equals 3 after reset when FAAflag = True (wrong key path) - PositiveResponse | E25: High | F25: 陈亚-80025578 | G25: Based on analysis of requirements | H25: 1.Power On; | I25: 1.Send DiagBy[Physical]Data[10 03]; 2.Send DiagBy[Physical]Data[27 01]AndCheckResp[PositiveResponse]; 3.Send Security Wrong KeyBy[Physical]Level[02]; 4.Send DiagBy[Physical]Data[27 01]AndCheckResp[PositiveResponse]; 5.Send Security Wrong KeyBy[Physical]Level[02]; 6.Send DiagBy[Physical]Data[27 01]AndCheckResp[PositiveResponse]; 7.Send Security Wrong KeyBy[Physical]Level[02]; 8.Set Voltage[0]V; 9.Delay[1000]ms; 10.Set Voltage[12]V; 11.Delay[1000]ms; 12.Send DiagBy[Physical]Data[10 03]; 13.Send DiagBy[Physical]Data[27 01]AndCheckResp[7F 27 37]; | J25: 1.Check DiagData[50 03 XX XX XX XX]Within[50]ms; 3.Check DiagData[7F 27 35]Within[50]ms; 5.Check DiagData[7F 27 35]Within[50]ms; 7.Check DiagData[7F 27 36]Within[50]ms; 12.Check DiagData[50 03 XX XX XX XX]Within[50]ms; | L25: Pass
A26: 19 | B26: 1.General 2.DiagnosticServices | C26: Diag_0x27_Phy_019 | D26: Hardware reset enabled 10s delay time (wrong key path) - PositiveResponse | E26: High | F26: 陈亚-80025578 | G26: Based on analysis of requirements | H26: 1.Power On; | I26: 1.Send DiagBy[Physical]Data[10 03]; 2.Send DiagBy[Physical]Data[27 01]AndCheckResp[PositiveResponse]; 3.Send Security Wrong KeyBy[Physical]Level[02]; 4.Send DiagBy[Physical]Data[27 01]AndCheckResp[PositiveResponse]; 5.Send Security Wrong KeyBy[Physical]Level[02]; 6.Send DiagBy[Physical]Data[27 01]AndCheckResp[PositiveResponse]; 7.Send Security Wrong KeyBy[Physical]Level[02]; 8.Set Voltage[0]V; 9.Delay[1000]ms; 10.Set Voltage[12]V; 11.Delay[1000]ms; 12.Send DiagBy[Physical]Data[10 03]; 13.Delay[10000]ms; 14.Send DiagBy[Physical]Data[27 01]AndCheckResp[PositiveResponse]; | J26: 1.Check DiagData[50 03 XX XX XX XX]Within[50]ms; 3.Check DiagData[7F 27 35]Within[50]ms; 5.Check DiagData[7F 27 35]Within[50]ms; 7.Check DiagData[7F 27 36]Within[50]ms; 12.Check DiagData[50 03 XX XX XX XX]Within[50]ms; | L26: Pass
A27: 20 | B27: 1.General 2.DiagnosticServices | C27: Diag_0x27_Phy_020 | D27: Reverse test case for reaching the maximum number of safe access attempts (wrong key) and the 10-second delay - 4th attempt triggers lock | E27: High | F27: 陈亚-80025578 | G27: Based on analysis of requirements | H27: 1.Power On; | I27: 1.Send DiagBy[Physical]Data[10 03]; 2.Send DiagBy[Physical]Data[27 01]AndCheckResp[PositiveResponse]; 3.Send Security Wrong KeyBy[Physical]Level[02]; 4.Send DiagBy[Physical]Data[27 01]AndCheckResp[PositiveResponse]; 5.Send Security Wrong KeyBy[Physical]Level[02]; 6.Send DiagBy[Physical]Data[27 01]AndCheckResp[PositiveResponse]; 7.Send Security Wrong KeyBy[Physical]Level[02]; 8.Delay[10000]ms; 9.Send DiagBy[Physical]Data[27 01]AndCheckResp[PositiveResponse]; 10.Send Security Wrong KeyBy[Physical]Level[02]; 11.Send DiagBy[Physical]Data[27 01]AndCheckResp[7F 27 37]; | J27: 1.Check DiagData[50 03 XX XX XX XX]Within[50]ms; 3.Check DiagData[7F 27 35]Within[50]ms; 5.Check DiagData[7F 27 35]Within[50]ms; 7.Check DiagData[7F 27 36]Within[50]ms; 10.Check DiagData[7F 27 36]Within[50]ms; | L27: Pass
A28: 1.4 Security Access Mechanism Test (APP) — Path B: Consecutive Seed Request
A29: 21 | B29: 1.General 2.DiagnosticServices | C29: Diag_0x27_Phy_021 | D29: Meets the maximum of 3 failed attempts (request seed); does not meet the reverse test case with a lockout time of 10 seconds | E29: High | F29: 陈亚-80025578 | G29: Based on analysis of requirements | H29: 1.Power On; | I29: 1.Send DiagBy[Physical]Data[10 03]; 2.Send DiagBy[Physical]Data[27 01]AndCheckResp[PositiveResponse]; 3.Send DiagBy[Physical]Data[27 01]AndCheckResp[PositiveResponse]; 4.Send DiagBy[Physical]Data[27 01]AndCheckResp[PositiveResponse]; 5.Send DiagBy[Physical]Data[27 01]AndCheckResp[7F 27 36]; 6.Send DiagBy[Physical]Data[27 01]AndCheckResp[7F 27 37]; | J29: 1.Check DiagData[50 03 XX XX XX XX]Within[50]ms; | L29: Pass
A30: 22 | B30: 1.General 2.DiagnosticServices | C30: Diag_0x27_Phy_022 | D30: A PositiveResponse test case that meets a maximum of 3 failed attempts (request seed) and a lockout duration of 10 seconds | E30: High | F30: 陈亚-80025578 | G30: Based on analysis of requirements | H30: 1.Power On; | I30: 1.Send DiagBy[Physical]Data[10 03]; 2.Send DiagBy[Physical]Data[27 01]AndCheckResp[PositiveResponse]; 3.Send DiagBy[Physical]Data[27 01]AndCheckResp[PositiveResponse]; 4.Send DiagBy[Physical]Data[27 01]AndCheckResp[PositiveResponse]; 5.Send DiagBy[Physical]Data[27 01]AndCheckResp[7F 27 36]; 6.Delay[10000]ms; 7.Send DiagBy[Physical]Data[27 01]AndCheckResp[PositiveResponse]; | J30: 1.Check DiagData[50 03 XX XX XX XX]Within[50]ms; | L30: Pass
A31: 23 | B31: 1.General 2.DiagnosticServices | C31: Diag_0x27_Phy_023 | D31: A negative test case where the maximum number of secure access attempts (request seed) is reached and the 10-second delay has not expired | E31: High | F31: 陈亚-80025578 | G31: Based on analysis of requirements | H31: 1.Power On; | I31: 1.Send DiagBy[Physical]Data[10 03]; 2.Send DiagBy[Physical]Data[27 01]AndCheckResp[PositiveResponse]; 3.Send DiagBy[Physical]Data[27 01]AndCheckResp[PositiveResponse]; 4.Send DiagBy[Physical]Data[27 01]AndCheckResp[PositiveResponse]; 5.Send DiagBy[Physical]Data[27 01]AndCheckResp[7F 27 36]; 6.Delay[5000]ms; 7.Send DiagBy[Physical]Data[27 01]AndCheckResp[7F 27 37]; | J31: 1.Check DiagData[50 03 XX XX XX XX]Within[50]ms; | L31: Pass
A32: 24 | B32: 1.General 2.DiagnosticServices | C32: Diag_0x27_Phy_024 | D32: When the maximum number of safe access attempts (request seed) = 4 is reached, successfully unlock once to reset counter | E32: High | F32: 陈亚-80025578 | G32: Based on analysis of requirements | H32: 1.Power On; | I32: 1.Send DiagBy[Physical]Data[10 03]; 2.Send DiagBy[Physical]Data[27 01]AndCheckResp[PositiveResponse]; 3.Send DiagBy[Physical]Data[27 01]AndCheckResp[PositiveResponse]; 4.Send DiagBy[Physical]Data[27 01]AndCheckResp[PositiveResponse]; 5.Send Security Right KeyBy[Physical]Level[02]; 6.Send DiagBy[Physical]Data[10 01]; 7.Send DiagBy[Physical]Data[10 03]; 8.Send DiagBy[Physical]Data[27 01]AndCheckResp[PositiveResponse]; 9.Send DiagBy[Physical]Data[27 01]AndCheckResp[PositiveResponse]; 10.Send DiagBy[Physical]Data[27 01]AndCheckResp[PositiveResponse]; 11.Send DiagBy[Physical]Data[27 01]AndCheckResp[7F 27 36]; | J32: 1.Check DiagData[50 03 XX XX XX XX]Within[50]ms; 5.Check DiagData[67 02]Within[50]ms; 6.Check DiagData[50 01 XX XX XX XX]Within[50]ms; 7.Check DiagData[50 03 XX XX XX XX]Within[50]ms; | L32: Pass
A33: 25 | B33: 1.General 2.DiagnosticServices | C33: Diag_0x27_Phy_025 | D33: SAcounter equals 3 after reset when FAAflag = True (request seed path) - PositiveResponse | E33: High | F33: 陈亚-80025578 | G33: Based on analysis of requirements | H33: 1.Power On; | I33: 1.Send DiagBy[Physical]Data[10 03]; 2.Send DiagBy[Physical]Data[27 01]AndCheckResp[PositiveResponse]; 3.Send DiagBy[Physical]Data[27 01]AndCheckResp[PositiveResponse]; 4.Send DiagBy[Physical]Data[27 01]AndCheckResp[PositiveResponse]; 5.Send DiagBy[Physical]Data[27 01]AndCheckResp[7F 27 36]; 6.Set Voltage[0]V; 7.Delay[1000]ms; 8.Set Voltage[12]V; 9.Delay[1000]ms; 10.Send DiagBy[Physical]Data[10 03]; 11.Send DiagBy[Physical]Data[27 01]AndCheckResp[7F 27 37]; | J33: 1.Check DiagData[50 03 XX XX XX XX]Within[50]ms; 10.Check DiagData[50 03 XX XX XX XX]Within[50]ms; | L33: Pass
A34: 26 | B34: 1.General 2.DiagnosticServices | C34: Diag_0x27_Phy_026 | D34: Hardware reset enabled 10s delay time (request seed path) - PositiveResponse | E34: High | F34: 陈亚-80025578 | G34: Based on analysis of requirements | H34: 1.Power On; | I34: 1.Send DiagBy[Physical]Data[10 03]; 2.Send DiagBy[Physical]Data[27 01]AndCheckResp[PositiveResponse]; 3.Send DiagBy[Physical]Data[27 01]AndCheckResp[PositiveResponse]; 4.Send DiagBy[Physical]Data[27 01]AndCheckResp[PositiveResponse]; 5.Send DiagBy[Physical]Data[27 01]AndCheckResp[7F 27 36]; 6.Set Voltage[0]V; 7.Delay[1000]ms; 8.Set Voltage[12]V; 9.Delay[1000]ms; 10.Send DiagBy[Physical]Data[10 03]; 11.Delay[10000]ms; 12.Send DiagBy[Physical]Data[27 01]AndCheckResp[PositiveResponse]; | J34: 1.Check DiagData[50 03 XX XX XX XX]Within[50]ms; 10.Check DiagData[50 03 XX XX XX XX]Within[50]ms; | L34: Pass
A35: 27 | B35: 1.General 2.DiagnosticServices | C35: Diag_0x27_Phy_027 | D35: Reverse test case for reaching the maximum number of safe access attempts (request seed) and the 10-second delay - 4th attempt triggers lock | E35: High | F35: 陈亚-80025578 | G35: Based on analysis of requirements | H35: 1.Power On; | I35: 1.Send DiagBy[Physical]Data[10 03]; 2.Send DiagBy[Physical]Data[27 01]AndCheckResp[PositiveResponse]; 3.Send DiagBy[Physical]Data[27 01]AndCheckResp[PositiveResponse]; 4.Send DiagBy[Physical]Data[27 01]AndCheckResp[PositiveResponse]; 5.Send DiagBy[Physical]Data[27 01]AndCheckResp[7F 27 36]; 6.Delay[10000]ms; 7.Send DiagBy[Physical]Data[27 01]AndCheckResp[PositiveResponse]; 8.Send DiagBy[Physical]Data[27 01]AndCheckResp[PositiveResponse]; 9.Send DiagBy[Physical]Data[27 01]AndCheckResp[PositiveResponse]; 10.Send DiagBy[Physical]Data[27 01]AndCheckResp[7F 27 36]; | J35: 1.Check DiagData[50 03 XX XX XX XX]Within[50]ms; | L35: Pass
A36: 1.5 Secure Access Time Test (APP)
A37: 28 | B37: 1.General 2.DiagnosticServices | C37: Diag_0x27_Phy_028 | D37: Duration after unlocking: 5s - PositiveResponse Response Case-$27 | E37: High | F37: 陈亚-80025578 | G37: Based on analysis of requirements | H37: 1.Power On; | I37: 1.Send DiagBy[Physical]Data[10 03]; 2.Send DiagBy[Physical]Data[27 01]AndCheckResp[PositiveResponse]; 3.Send Security Right KeyBy[Physical]Level[02]; 4.Delay[4900]ms; 5.Send DiagBy[Physical]Data[3E 00]; 6.Delay[4900]ms; 7.Send DiagBy[Physical]Data[27 01]AndCheckResp[PositiveResponse]; | J37: 1.Check DiagData[50 03 XX XX XX XX]Within[50]ms; 3.Check DiagData[67 02]Within[50]ms; 5.Check DiagData[7E 00]Within[50]ms; | L37: Pass
A38: 1.6 ECU Reset Test (APP)
A39: 29 | B39: 1.General 2.DiagnosticServices | C39: Diag_0x27_Phy_029 | D39: ECU power reset Session returns to the DefaultSession PositiveResponseCase-$27 | E39: Low | F39: 陈亚-80025578 | G39: Based on analysis of requirements | H39: 1.Power On; | I39: 1.Send DiagBy[Physical]Data[10 03]; 2.Send DiagBy[Physical]Data[27 01]AndCheckResp[PositiveResponse]; 3.Send Security Right KeyBy[Physical]Level[02]; 4.Set Voltage[0]V; 5.Delay[1000]ms; 6.Set Voltage[12]V; 7.Delay[1000]ms; 8.Send DiagBy[Physical]Data[10 03]; 9.Send DiagBy[Physical]Data[27 01]AndCheckResp[PositiveResponse]; | J39: 1.Check DiagData[50 03 XX XX XX XX]Within[50]ms; 3.Check DiagData[67 02]Within[50]ms; 8.Check DiagData[50 03 XX XX XX XX]Within[50]ms; | L39: Pass
A40: 30 | B40: 1.General 2.DiagnosticServices | C40: Diag_0x27_Phy_030 | D40: ECU Hardware reset Session returns to the DefaultSession PositiveResponseCase-$27 | E40: Low | F40: 陈亚-80025578 | G40: Based on analysis of requirements | H40: 1.Power On; | I40: 1.Send DiagBy[Physical]Data[10 03]; 2.Send DiagBy[Physical]Data[27 01]AndCheckResp[PositiveResponse]; 3.Send Security Right KeyBy[Physical]Level[02]; 4.Send DiagBy[Physical]Data[11 01]; 5.Delay[2000]ms; 6.Send DiagBy[Physical]Data[10 03]; 7.Send DiagBy[Physical]Data[27 01]AndCheckResp[PositiveResponse]; | J40: 1.Check DiagData[50 03 XX XX XX XX]Within[50]ms; 3.Check DiagData[67 02]Within[50]ms; 4.Check DiagData[51 01]Within[50]ms; 6.Check DiagData[50 03 XX XX XX XX]Within[50]ms; | L40: Pass
A41: 31 | B41: 1.General 2.DiagnosticServices | C41: Diag_0x27_Phy_031 | D41: Switch default Session 0x27 Security access level reset NegativeCase-$27 | E41: Low | F41: 陈亚-80025578 | G41: Based on analysis of requirements | H41: 1.Power On; | I41: 1.Send DiagBy[Physical]Data[10 03]; 2.Send DiagBy[Physical]Data[27 01]AndCheckResp[PositiveResponse]; 3.Send Security Right KeyBy[Physical]Level[02]; 4.Send DiagBy[Physical]Data[10 01]; 5.Send DiagBy[Physical]Data[10 03]; 6.Send DiagBy[Physical]Data[27 01]AndCheckResp[PositiveResponse]; | J41: 1.Check DiagData[50 03 XX XX XX XX]Within[50]ms; 3.Check DiagData[67 02]Within[50]ms; 4.Check DiagData[50 01 XX XX XX XX]Within[50]ms; 5.Check DiagData[50 03 XX XX XX XX]Within[50]ms; | L41: Pass
A42: 32 | B42: 1.General 2.DiagnosticServices | C42: Diag_0x27_Phy_032 | D42: Software reset, security access function normal request to the seed PositiveResponsecase-$27 | E42: High | F42: 陈亚-80025578 | G42: Based on analysis of requirements | H42: 1.Power On; | I42: 1.Send DiagBy[Physical]Data[10 03]; 2.Send DiagBy[Physical]Data[27 01]AndCheckResp[PositiveResponse]; | J42: 1.Check DiagData[50 03 XX XX XX XX]Within[50]ms; | L42: Pass
A43: 1.7 SPRMIB Test (APP)
A44: 33 | B44: 1.General 2.DiagnosticServices | C44: Diag_0x27_Phy_033 | D44: The 0x27 nonsupport SPRMIB Negativecase-$27 | E44: High | F44: 陈亚-80025578 | G44: Based on analysis of requirements | H44: 1.Power On; | I44: 1.Send DiagBy[Physical]Data[10 03]; 2.Send DiagBy[Physical]Data[27 83]; 3.Send DiagBy[Physical]Data[27 84]; | J44: 1.Check DiagData[50 03 XX XX XX XX]Within[50]ms; 2.Check DiagData[7F 27 12]Within[50]ms; 3.Check DiagData[7F 27 12]Within[50]ms; | L44: Pass
A45: 1.8 Incorrect Diagnostic Command Test (APP)
A46: 34 | B46: 1.General 2.DiagnosticServices | C46: Diag_0x27_Phy_034 | D46: Valid SF_DL=2, invalid SF_DL > 2, and those with invalid equivalence class SF_DL=3 NegativeCase-$27 | E46: Low | F46: 陈亚-80025578 | G46: Based on analysis of requirements | H46: 1.Power On; | I46: 1.Send DiagBy[Physical]Data[10 03]; 2.Send DiagBy[Physical]Data[27 03]WithLen[3]; | J46: 1.Check DiagData[50 03 XX XX XX XX]Within[50]ms; 2.Check DiagData[7F 27 13]Within[50]ms; | L46: Pass
A47: 35 | B47: 1.General 2.DiagnosticServices | C47: Diag_0x27_Phy_035 | D47: Valid SF_DL=2, invalid SF_DL < 2, and those with invalid equivalence class SF_DL=1 NegativeCase-$27 | E47: Low | F47: 陈亚-80025578 | G47: Based on analysis of requirements | H47: 1.Power On; | I47: 1.Send DiagBy[Physical]Data[10 03]; 2.Send DiagBy[Physical]Data[27]WithLen[1]; | J47: 1.Check DiagData[50 03 XX XX XX XX]Within[50]ms; 2.Check DiagData[7F 27 13]Within[50]ms; | L47: Pass
A48: 1.9 NRC Priority Test (APP)
B49: 1.General 2.DiagnosticServices | C49: Diag_0x27_Phy_036 | D49: NRC 13>12>37>22 | E49: High | F49: 陈亚-80025578 | G49: Based on analysis of requirements | H49: 1.Power On; | K49: 优先级覆盖不全 | L49: Block
A50: 36 | B50: 1.General 2.DiagnosticServices | C50: Diag_0x27_Phy_036 | D50: NRC 13>12>37>22 | E50: High | F50: 陈亚-80025578 | G50: Based on analysis of requirements | H50: 1.Power On; | K50: 优先级覆盖不全 | L50: Block
A51: 36 | B51: 1.General 2.DiagnosticServices | C51: Diag_0x27_Phy_036 | D51: NRC 13>12>37>22 | E51: High | F51: 陈亚-80025578 | G51: Based on analysis of requirements | H51: 1.Power On; | K51: 优先级覆盖不全 | L51: Block
A52: 36 | B52: 1.General 2.DiagnosticServices | C52: Diag_0x27_Phy_036 | D52: NRC 13>12>37>22 | E52: High | F52: 陈亚-80025578 | G52: Based on analysis of requirements | H52: 1.Power On; | I52: 1.Send DiagBy[Physical]Data[10 03]; 2.Send DiagBy[Physical]Data[27 01]WithLen[1]; | J52: 1.Check DiagData[50 03 XX XX XX XX]Within[50]ms; 2.Check DiagData[7F 27 13]Within[50]ms; | K52: 需要同时具备多个故障，然后查看ECU具体回复的优先级 | L52: Fail
A53: APP 域 Functional 寻址测试用例
A54: 1.10 Functional Addressing Test (APP)
A55: 37 | B55: 1.General 2.DiagnosticServices | C55: Diag_0x27_Fun_037 | D55: Default Session Functional addressing 0x27 nonsupport No_Response case-$27 | E55: High | F55: 陈亚-80025578 | G55: Based on analysis of requirements | H55: 1.Power On; | I55: 1.Send DiagBy[Physical]Data[10 01]; 2.Send DiagBy[Function]Data[27 01]; | J55: 1.Check DiagData[50 01 XX XX XX XX]Within[50]ms; 2.Check No_Response Within[1000]ms; | L55: Pass
A56: 38 | B56: 1.General 2.DiagnosticServices | C56: Diag_0x27_Fun_038 | D56: Extended Session Functional addressing 0x27 nonsupport No_Response case-$27 | E56: High | F56: 陈亚-80025578 | G56: Based on analysis of requirements | H56: 1.Power On; | I56: 1.Send DiagBy[Physical]Data[10 03]; 2.Send DiagBy[Function]Data[27 03]; | J56: 1.Check DiagData[50 03 XX XX XX XX]Within[50]ms; 2.Check No_Response Within[1000]ms; | L56: Pass
A57: Boot 域 Physical 寻址测试用例
A58: 2.1 Session Layer Test (Boot)
A59: 39 | B59: 1.General 2.DiagnosticServices | C59: Diag_0x27_Phy_039 | D59: Boot Default Session nonsupport 0x27 Service security access level 1 Negativecase-$27 | E59: High | F59: 陈亚-80025578 | G59: Based on analysis of requirements | H59: 1.Power On; | I59: 1.Send DiagBy[Physical]Data[10 01]; 2.Delay[1000]ms; 3.Send DiagBy[Physical]Data[10 03]; 4.Send DiagBy[Physical]Data[31 01 02 03]; 5.Send DiagBy[Physical]Data[10 02]; 6.Send DiagBy[Physical]Data[10 01]; 7.Send DiagBy[Physical]Data[27 01]AndCheckResp[7F 27 7F]; | J59: 1.Check DiagData[50 01 XX XX XX XX]Within[50]ms; 3.Check DiagData[50 03 XX XX XX XX]Within[50]ms; 4.Check DiagData[71 01 02 03 00]Within[50]ms; 5.Check DiagData[50 02 XX XX XX XX]Within[50]ms; 6.Check DiagData[50 01 XX XX XX XX]Within[50]ms; | K59: 格式错误 | L59: Fail
A60: 40 | B60: 1.General 2.DiagnosticServices | C60: Diag_0x27_Phy_040 | D60: Boot Default Session nonsupport 0x27 Service security access level 2 Negativecase-$27 | E60: High | F60: 陈亚-80025578 | G60: Based on analysis of requirements | H60: 1.Power On; | I60: 1.Send DiagBy[Physical]Data[10 01]; 2.Delay[1000]ms; 3.Send DiagBy[Physical]Data[10 03]; 4.Send DiagBy[Physical]Data[31 01 02 03]; 5.Send DiagBy[Physical]Data[10 02]; 6.Send DiagBy[Physical]Data[10 01]; 7.Send DiagBy[Physical]Data[27 03]AndCheckResp[7F 27 7F]; | J60: 1.Check DiagData[50 01 XX XX XX XX]Within[50]ms; 3.Check DiagData[50 03 XX XX XX XX]Within[50]ms; 4.Check DiagData[71 01 02 03 00]Within[50]ms; 5.Check DiagData[50 02 XX XX XX XX]Within[50]ms; 6.Check DiagData[50 01 XX XX XX XX]Within[50]ms; | L60: Fail
A61: 41 | B61: 1.General 2.DiagnosticServices | C61: Diag_0x27_Phy_041 | D61: Boot Programming Session support 0x27 Service security access level 1 PositiveResponsecase-$27 | E61: High | F61: 陈亚-80025578 | G61: Based on analysis of requirements | H61: 1.Power On; | I61: 1.Send DiagBy[Physical]Data[10 01]; 2.Delay[1000]ms; 3.Send DiagBy[Physical]Data[10 03]; 4.Send DiagBy[Physical]Data[31 01 02 03]; 5.Send DiagBy[Physical]Data[10 02]; 6.Send DiagBy[Physical]Data[27 01]AndCheckResp[PositiveResponse]; 7.Send Security Right KeyBy[Physical]Level[02]; | J61: 1.Check DiagData[50 01 XX XX XX XX]Within[50]ms; 3.Check DiagData[50 03 XX XX XX XX]Within[50]ms; 4.Check DiagData[71 01 02 03 00]Within[50]ms; 5.Check DiagData[50 02 XX XX XX XX]Within[50]ms; 7.Check DiagData[67 02]Within[50]ms; | K61: 不支持31 01 02 03 | L61: Fail
A62: 42 | B62: 1.General 2.DiagnosticServices | C62: Diag_0x27_Phy_042 | D62: Boot Programming Session support 0x27 Service security access level 2 PositiveResponsecase-$27 | E62: High | F62: 陈亚-80025578 | G62: Based on analysis of requirements | H62: 1.Power On; | I62: 1.Send DiagBy[Physical]Data[10 01]; 2.Delay[1000]ms; 3.Send DiagBy[Physical]Data[10 03]; 4.Send DiagBy[Physical]Data[31 01 02 03]; 5.Send DiagBy[Physical]Data[10 02]; 6.Send DiagBy[Physical]Data[27 03]AndCheckResp[PositiveResponse]; 7.Send Security Right KeyBy[Physical]Level[04]; | J62: 1.Check DiagData[50 01 XX XX XX XX]Within[50]ms; 3.Check DiagData[50 03 XX XX XX XX]Within[50]ms; 4.Check DiagData[71 01 02 03 00]Within[50]ms; 5.Check DiagData[50 02 XX XX XX XX]Within[50]ms; 7.Check DiagData[67 04]Within[50]ms; | K62: 不支持31 01 02 03 | L62: Fail
A63: 43 | B63: 1.General 2.DiagnosticServices | C63: Diag_0x27_Phy_043 | D63: Boot Extended Session support 0x27 Service security access level 1 PositiveResponsecase-$27 | E63: High | F63: 陈亚-80025578 | G63: Based on analysis of requirements | H63: 1.Power On; | I63: 1.Send DiagBy[Physical]Data[10 01]; 2.Delay[1000]ms; 3.Send DiagBy[Physical]Data[10 03]; 4.Send DiagBy[Physical]Data[31 01 02 03]; 5.Send DiagBy[Physical]Data[10 02]; 6.Send DiagBy[Physical]Data[10 03]; 7.Send DiagBy[Physical]Data[27 01]AndCheckResp[PositiveResponse]; 8.Send Security Right KeyBy[Physical]Level[02]; | J63: 1.Check DiagData[50 01 XX XX XX XX]Within[50]ms; 3.Check DiagData[50 03 XX XX XX XX]Within[50]ms; 4.Check DiagData[71 01 02 03 00]Within[50]ms; 5.Check DiagData[50 02 XX XX XX XX]Within[50]ms; 6.Check DiagData[50 03 XX XX XX XX]Within[50]ms; 8.Check DiagData[67 02]Within[50]ms; | L63: Pass
A64: 44 | B64: 1.General 2.DiagnosticServices | C64: Diag_0x27_Phy_044 | D64: Boot Extended Session support 0x27 Service security access level 2 PositiveResponsecase-$27 | E64: High | F64: 陈亚-80025578 | G64: Based on analysis of requirements | H64: 1.Power On; | I64: 1.Send DiagBy[Physical]Data[10 01]; 2.Delay[1000]ms; 3.Send DiagBy[Physical]Data[10 03]; 4.Send DiagBy[Physical]Data[31 01 02 03]; 5.Send DiagBy[Physical]Data[10 02]; 6.Send DiagBy[Physical]Data[10 03]; 7.Send DiagBy[Physical]Data[27 03]AndCheckResp[PositiveResponse]; 8.Send Security Right KeyBy[Physical]Level[04]; | J64: 1.Check DiagData[50 01 XX XX XX XX]Within[50]ms; 3.Check DiagData[50 03 XX XX XX XX]Within[50]ms; 4.Check DiagData[71 01 02 03 00]Within[50]ms; 5.Check DiagData[50 02 XX XX XX XX]Within[50]ms; 6.Check DiagData[50 03 XX XX XX XX]Within[50]ms; 8.Check DiagData[67 04]Within[50]ms; | K64: 不支持27 03，这里要回复NRC 12，而不是PositiveResponse | L64: Fail
A65: 2.2 Secure Access Process Test (Boot)
A66: 45 | B66: 1.General 2.DiagnosticServices | C66: Diag_0x27_Phy_045 | D66: Boot - Does not meet the secure access process, only requests seeds, a negative test case where secure access cannot be unlocked | E66: High | F66: 陈亚-80025578 | G66: Based on analysis of requirements | H66: 1.Power On; | I66: 1.Send DiagBy[Physical]Data[10 01]; 2.Delay[1000]ms; 3.Send DiagBy[Physical]Data[10 03]; 4.Send DiagBy[Physical]Data[31 01 02 03]; 5.Send DiagBy[Physical]Data[10 02]; 6.Send DiagBy[Physical]Data[27 01]AndCheckResp[PositiveResponse]; | J66: 1.Check DiagData[50 01 XX XX XX XX]Within[50]ms; 3.Check DiagData[50 03 XX XX XX XX]Within[50]ms; 4.Check DiagData[71 01 02 03 00]Within[50]ms; 5.Check DiagData[50 02 XX XX XX XX]Within[50]ms; | L66: Pass
A67: 46 | B67: 1.General 2.DiagnosticServices | C67: Diag_0x27_Phy_046 | D67: Boot - Does not meet the secure access process, only sending the key; a negative test case | E67: High | F67: 陈亚-80025578 | G67: Based on analysis of requirements | H67: 1.Power On; | I67: 1.Send DiagBy[Physical]Data[10 01]; 2.Delay[1000]ms; 3.Send DiagBy[Physical]Data[10 03]; 4.Send DiagBy[Physical]Data[31 01 02 03]; 5.Send DiagBy[Physical]Data[10 02]; 6.Send DiagBy[Physical]Data[27 02]; | J67: 1.Check DiagData[50 01 XX XX XX XX]Within[50]ms; 3.Check DiagData[50 03 XX XX XX XX]Within[50]ms; 4.Check DiagData[71 01 02 03 00]Within[50]ms; 5.Check DiagData[50 02 XX XX XX XX]Within[50]ms; 6.Check DiagData[7F 27 24]Within[50]ms; | L67: Pass
A68: 47 | B68: 1.General 2.DiagnosticServices | C68: Diag_0x27_Phy_047 | D68: Boot - Meet the secure access process: request the seed first, then send the key – a PositiveResponse use case | E68: High | F68: 陈亚-80025578 | G68: Based on analysis of requirements | H68: 1.Power On; | I68: 1.Send DiagBy[Physical]Data[10 01]; 2.Delay[1000]ms; 3.Send DiagBy[Physical]Data[10 03]; 4.Send DiagBy[Physical]Data[31 01 02 03]; 5.Send DiagBy[Physical]Data[10 02]; 6.Send DiagBy[Physical]Data[27 01]AndCheckResp[PositiveResponse]; 7.Send Security Right KeyBy[Physical]Level[02]; | J68: 1.Check DiagData[50 01 XX XX XX XX]Within[50]ms; 3.Check DiagData[50 03 XX XX XX XX]Within[50]ms; 4.Check DiagData[71 01 02 03 00]Within[50]ms; 5.Check DiagData[50 02 XX XX XX XX]Within[50]ms; 7.Check DiagData[67 02]Within[50]ms; | L68: Pass
A69: 48 | B69: 1.General 2.DiagnosticServices | C69: Diag_0x27_Phy_048 | D69: Boot - Failure to comply with the secure access process: sending the key first, then requesting the seed - same level | E69: High | F69: 陈亚-80025578 | G69: Based on analysis of requirements | H69: 1.Power On; | I69: 1.Send DiagBy[Physical]Data[10 01]; 2.Delay[1000]ms; 3.Send DiagBy[Physical]Data[10 03]; 4.Send DiagBy[Physical]Data[31 01 02 03]; 5.Send DiagBy[Physical]Data[10 02]; 6.Send DiagBy[Physical]Data[27 02]; 7.Send DiagBy[Physical]Data[27 01]AndCheckResp[PositiveResponse]; | J69: 1.Check DiagData[50 01 XX XX XX XX]Within[50]ms; 3.Check DiagData[50 03 XX XX XX XX]Within[50]ms; 4.Check DiagData[71 01 02 03 00]Within[50]ms; 5.Check DiagData[50 02 XX XX XX XX]Within[50]ms; 6.Check DiagData[7F 27 24]Within[50]ms; | L69: Pass
A70: 49 | B70: 1.General 2.DiagnosticServices | C70: Diag_0x27_Phy_049 | D70: Boot - Failure to comply with the secure access process: sending the key first, then requesting the seed - cross level | E70: High | F70: 陈亚-80025578 | G70: Based on analysis of requirements | H70: 1.Power On; | I70: 1.Send DiagBy[Physical]Data[10 01]; 2.Delay[1000]ms; 3.Send DiagBy[Physical]Data[10 03]; 4.Send DiagBy[Physical]Data[31 01 02 03]; 5.Send DiagBy[Physical]Data[10 02]; 6.Send DiagBy[Physical]Data[27 04]; 7.Send DiagBy[Physical]Data[27 01]AndCheckResp[PositiveResponse]; | J70: 1.Check DiagData[50 01 XX XX XX XX]Within[50]ms; 3.Check DiagData[50 03 XX XX XX XX]Within[50]ms; 4.Check DiagData[71 01 02 03 00]Within[50]ms; 5.Check DiagData[50 02 XX XX XX XX]Within[50]ms; 6.Check DiagData[7F 27 24]Within[50]ms; | K70: 不支持27 03，这里要回复NRC 12，而不是PositiveResponse | L70: Fail
A71: 50 | B71: 1.General 2.DiagnosticServices | C71: Diag_0x27_Phy_050 | D71: Boot - Repeated seed requests return the same seed data - PositiveResponse | E71: High | F71: 陈亚-80025578 | G71: Based on analysis of requirements | H71: 1.Power On; | I71: 1.Send DiagBy[Physical]Data[10 01]; 2.Delay[1000]ms; 3.Send DiagBy[Physical]Data[10 03]; 4.Send DiagBy[Physical]Data[31 01 02 03]; 5.Send DiagBy[Physical]Data[10 02]; 6.Send DiagBy[Physical]Data[27 01]AndCheckResp[PositiveResponse]; 7.Send DiagBy[Physical]Data[27 01]AndCheckResp[PositiveResponse]; | J71: 1.Check DiagData[50 01 XX XX XX XX]Within[50]ms; 3.Check DiagData[50 03 XX XX XX XX]Within[50]ms; 4.Check DiagData[71 01 02 03 00]Within[50]ms; 5.Check DiagData[50 02 XX XX XX XX]Within[50]ms; | L71: Pass
A72: 51 | B72: 1.General 2.DiagnosticServices | C72: Diag_0x27_Phy_051 | D72: Boot - After successful unlock, request seed returns all zeros - PositiveResponse | E72: High | F72: 陈亚-80025578 | G72: Based on analysis of requirements | H72: 1.Power On; | I72: 1.Send DiagBy[Physical]Data[10 01]; 2.Delay[1000]ms; 3.Send DiagBy[Physical]Data[10 03]; 4.Send DiagBy[Physical]Data[31 01 02 03]; 5.Send DiagBy[Physical]Data[10 02]; 6.Send DiagBy[Physical]Data[27 01]AndCheckResp[PositiveResponse]; 7.Send Security Right KeyBy[Physical]Level[02]; 8.Send DiagBy[Physical]Data[27 01]AndCheckResp[PositiveResponse]; | J72: 1.Check DiagData[50 01 XX XX XX XX]Within[50]ms; 3.Check DiagData[50 03 XX XX XX XX]Within[50]ms; 4.Check DiagData[71 01 02 03 00]Within[50]ms; 5.Check DiagData[50 02 XX XX XX XX]Within[50]ms; 7.Check DiagData[67 02]Within[50]ms; | L72: Pass
A73: 2.3 Security Access Mechanism Test (Boot) — Path A: Wrong Key
A74: 52 | B74: 1.General 2.DiagnosticServices | C74: Diag_0x27_Phy_052 | D74: Boot - Meets the maximum of 3 failed attempts (wrong key); does not meet the reverse test case with a lockout time of 10 seconds | E74: High | F74: 陈亚-80025578 | G74: Based on analysis of requirements | H74: 1.Power On; | I74: 1.Send DiagBy[Physical]Data[10 01]; 2.Delay[1000]ms; 3.Send DiagBy[Physical]Data[10 03]; 4.Send DiagBy[Physical]Data[31 01 02 03]; 5.Send DiagBy[Physical]Data[10 02]; 6.Send DiagBy[Physical]Data[27 01]AndCheckResp[PositiveResponse]; 7.Send Security Wrong KeyBy[Physical]Level[02]; 8.Send DiagBy[Physical]Data[27 01]AndCheckResp[PositiveResponse]; 9.Send Security Wrong KeyBy[Physical]Level[02]; 10.Send DiagBy[Physical]Data[27 01]AndCheckResp[PositiveResponse]; 11.Send Security Wrong KeyBy[Physical]Level[02]; 12.Send DiagBy[Physical]Data[27 01]AndCheckResp[7F 27 37]; | J74: 1.Check DiagData[50 01 XX XX XX XX]Within[50]ms; 3.Check DiagData[50 03 XX XX XX XX]Within[50]ms; 4.Check DiagData[71 01 02 03 00]Within[50]ms; 5.Check DiagData[50 02 XX XX XX XX]Within[50]ms; 7.Check DiagData[7F 27 35]Within[50]ms; 9.Check DiagData[7F 27 35]Within[50]ms; 11.Check DiagData[7F 27 36]Within[50]ms; | L74: Pass
A75: 53 | B75: 1.General 2.DiagnosticServices | C75: Diag_0x27_Phy_053 | D75: Boot - A PositiveResponse test case that meets a maximum of 3 failed attempts (wrong key) and a lockout duration of 10 seconds | E75: High | F75: 陈亚-80025578 | G75: Based on analysis of requirements | H75: 1.Power On; | I75: 1.Send DiagBy[Physical]Data[10 01]; 2.Delay[1000]ms; 3.Send DiagBy[Physical]Data[10 03]; 4.Send DiagBy[Physical]Data[31 01 02 03]; 5.Send DiagBy[Physical]Data[10 02]; 6.Send DiagBy[Physical]Data[27 01]AndCheckResp[PositiveResponse]; 7.Send Security Wrong KeyBy[Physical]Level[02]; 8.Send DiagBy[Physical]Data[27 01]AndCheckResp[PositiveResponse]; 9.Send Security Wrong KeyBy[Physical]Level[02]; 10.Send DiagBy[Physical]Data[27 01]AndCheckResp[PositiveResponse]; 11.Send Security Wrong KeyBy[Physical]Level[02]; 12.Delay[10000]ms; 13.Send DiagBy[Physical]Data[27 01]AndCheckResp[PositiveResponse]; | J75: 1.Check DiagData[50 01 XX XX XX XX]Within[50]ms; 3.Check DiagData[50 03 XX XX XX XX]Within[50]ms; 4.Check DiagData[71 01 02 03 00]Within[50]ms; 5.Check DiagData[50 02 XX XX XX XX]Within[50]ms; 7.Check DiagData[7F 27 35]Within[50]ms; 9.Check DiagData[7F 27 35]Within[50]ms; 11.Check DiagData[7F 27 36]Within[50]ms; | L75: Pass
A76: 54 | B76: 1.General 2.DiagnosticServices | C76: Diag_0x27_Phy_054 | D76: Boot - A negative test case where the maximum number of secure access attempts (with incorrect keys) is reached and the 10-second delay has not expired | E76: Low | F76: 陈亚-80025578 | G76: Based on analysis of requirements | H76: 1.Power On; | I76: 1.Send DiagBy[Physical]Data[10 01]; 2.Delay[1000]ms; 3.Send DiagBy[Physical]Data[10 03]; 4.Send DiagBy[Physical]Data[31 01 02 03]; 5.Send DiagBy[Physical]Data[10 02]; 6.Send DiagBy[Physical]Data[27 01]AndCheckResp[PositiveResponse]; 7.Send Security Wrong KeyBy[Physical]Level[02]; 8.Send DiagBy[Physical]Data[27 01]AndCheckResp[PositiveResponse]; 9.Send Security Wrong KeyBy[Physical]Level[02]; 10.Send DiagBy[Physical]Data[27 01]AndCheckResp[PositiveResponse]; 11.Send Security Wrong KeyBy[Physical]Level[02]; 12.Delay[5000]ms; 13.Send DiagBy[Physical]Data[27 01]AndCheckResp[7F 27 37]; | J76: 1.Check DiagData[50 01 XX XX XX XX]Within[50]ms; 3.Check DiagData[50 03 XX XX XX XX]Within[50]ms; 4.Check DiagData[71 01 02 03 00]Within[50]ms; 5.Check DiagData[50 02 XX XX XX XX]Within[50]ms; 7.Check DiagData[7F 27 35]Within[50]ms; 9.Check DiagData[7F 27 35]Within[50]ms; 11.Check DiagData[7F 27 36]Within[50]ms; | L76: Pass
A77: 55 | B77: 1.General 2.DiagnosticServices | C77: Diag_0x27_Phy_055 | D77: Boot - When the maximum number of safe access attempts (wrong key) = 4 is reached, successfully unlock once to reset counter | E77: High | F77: 陈亚-80025578 | G77: Based on analysis of requirements | H77: 1.Power On; | I77: 1.Send DiagBy[Physical]Data[10 01]; 2.Delay[1000]ms; 3.Send DiagBy[Physical]Data[10 03]; 4.Send DiagBy[Physical]Data[31 01 02 03]; 5.Send DiagBy[Physical]Data[10 02]; 6.Send DiagBy[Physical]Data[27 01]AndCheckResp[PositiveResponse]; 7.Send Security Wrong KeyBy[Physical]Level[02]; 8.Send DiagBy[Physical]Data[27 01]AndCheckResp[PositiveResponse]; 9.Send Security Wrong KeyBy[Physical]Level[02]; 10.Send DiagBy[Physical]Data[27 01]AndCheckResp[PositiveResponse]; 11.Send Security Right KeyBy[Physical]Level[02]; 12.Send DiagBy[Physical]Data[10 01]; 13.Send DiagBy[Physical]Data[10 03]; 14.Send DiagBy[Physical]Data[31 01 02 03]; 15.Send DiagBy[Physical]Data[10 02]; 16.Send DiagBy[Physical]Data[27 01]AndCheckResp[PositiveResponse]; 17.Send Security Wrong KeyBy[Physical]Level[02]; 18.Send DiagBy[Physical]Data[27 01]AndCheckResp[PositiveResponse]; 19.Send Security Wrong KeyBy[Physical]Level[02]; 20.Send DiagBy[Physical]Data[27 01]AndCheckResp[PositiveResponse]; 21.Send Security Wrong KeyBy[Physical]Level[02]; 22.Send DiagBy[Physical]Data[27 01]AndCheckResp[7F 27 37]; | J77: 1.Check DiagData[50 01 XX XX XX XX]Within[50]ms; 3.Check DiagData[50 03 XX XX XX XX]Within[50]ms; 4.Check DiagData[71 01 02 03 00]Within[50]ms; 5.Check DiagData[50 02 XX XX XX XX]Within[50]ms; 7.Check DiagData[7F 27 35]Within[50]ms; 9.Check DiagData[7F 27 35]Within[50]ms; 11.Check DiagData[67 02]Within[50]ms; 12.Check DiagData[50 01 XX XX XX XX]Within[50]ms; 13.Check DiagData[50 03 XX XX XX XX]Within[50]ms; 14.Check DiagData[71 01 02 03 00]Within[50]ms; 15.Check DiagData[50 02 XX XX XX XX]Within[50]ms; 17.Check DiagData[7F 27 35]Within[50]ms; 19.Check DiagData[7F 27 35]Within[50]ms; 21.Check DiagData[7F 27 36]Within[50]ms; | L77: Pass
A78: 56 | B78: 1.General 2.DiagnosticServices | C78: Diag_0x27_Phy_056 | D78: Boot - SAcounter equals 3 after reset when FAAflag = True (wrong key path) - PositiveResponse | E78: High | F78: 陈亚-80025578 | G78: Based on analysis of requirements | H78: 1.Power On; | I78: 1.Send DiagBy[Physical]Data[10 01]; 2.Delay[1000]ms; 3.Send DiagBy[Physical]Data[10 03]; 4.Send DiagBy[Physical]Data[31 01 02 03]; 5.Send DiagBy[Physical]Data[10 02]; 6.Send DiagBy[Physical]Data[27 01]AndCheckResp[PositiveResponse]; 7.Send Security Wrong KeyBy[Physical]Level[02]; 8.Send DiagBy[Physical]Data[27 01]AndCheckResp[PositiveResponse]; 9.Send Security Wrong KeyBy[Physical]Level[02]; 10.Send DiagBy[Physical]Data[27 01]AndCheckResp[PositiveResponse]; 11.Send Security Wrong KeyBy[Physical]Level[02]; 12.Set Voltage[0]V; 13.Delay[1000]ms; 14.Set Voltage[12]V; 15.Delay[1000]ms; 16.Send DiagBy[Physical]Data[10 01]; 17.Delay[1000]ms; 18.Send DiagBy[Physical]Data[10 03]; 19.Send DiagBy[Physical]Data[31 01 02 03]; 20.Send DiagBy[Physical]Data[10 02]; 21.Send DiagBy[Physical]Data[27 01]AndCheckResp[7F 27 37]; | J78: 1.Check DiagData[50 01 XX XX XX XX]Within[50]ms; 3.Check DiagData[50 03 XX XX XX XX]Within[50]ms; 4.Check DiagData[71 01 02 03 00]Within[50]ms; 5.Check DiagData[50 02 XX XX XX XX]Within[50]ms; 7.Check DiagData[7F 27 35]Within[50]ms; 9.Check DiagData[7F 27 35]Within[50]ms; 11.Check DiagData[7F 27 36]Within[50]ms; 16.Check DiagData[50 01 XX XX XX XX]Within[50]ms; 18.Check DiagData[50 03 XX XX XX XX]Within[50]ms; 19.Check DiagData[71 01 02 03 00]Within[50]ms; 20.Check DiagData[50 02 XX XX XX XX]Within[50]ms; | L78: Pass
A79: 57 | B79: 1.General 2.DiagnosticServices | C79: Diag_0x27_Phy_057 | D79: Boot - Hardware reset enabled 10s delay time (wrong key path) - PositiveResponse | E79: High | F79: 陈亚-80025578 | G79: Based on analysis of requirements | H79: 1.Power On; | I79: 1.Send DiagBy[Physical]Data[10 01]; 2.Delay[1000]ms; 3.Send DiagBy[Physical]Data[10 03]; 4.Send DiagBy[Physical]Data[31 01 02 03]; 5.Send DiagBy[Physical]Data[10 02]; 6.Send DiagBy[Physical]Data[27 01]AndCheckResp[PositiveResponse]; 7.Send Security Wrong KeyBy[Physical]Level[02]; 8.Send DiagBy[Physical]Data[27 01]AndCheckResp[PositiveResponse]; 9.Send Security Wrong KeyBy[Physical]Level[02]; 10.Send DiagBy[Physical]Data[27 01]AndCheckResp[PositiveResponse]; 11.Send Security Wrong KeyBy[Physical]Level[02]; 12.Set Voltage[0]V; 13.Delay[1000]ms; 14.Set Voltage[12]V; 15.Delay[1000]ms; 16.Send DiagBy[Physical]Data[10 01]; 17.Delay[1000]ms; 18.Send DiagBy[Physical]Data[10 03]; 19.Send DiagBy[Physical]Data[31 01 02 03]; 20.Send DiagBy[Physical]Data[10 02]; 21.Delay[10000]ms; 22.Send DiagBy[Physical]Data[27 01]AndCheckResp[PositiveResponse]; | J79: 1.Check DiagData[50 01 XX XX XX XX]Within[50]ms; 3.Check DiagData[50 03 XX XX XX XX]Within[50]ms; 4.Check DiagData[71 01 02 03 00]Within[50]ms; 5.Check DiagData[50 02 XX XX XX XX]Within[50]ms; 7.Check DiagData[7F 27 35]Within[50]ms; 9.Check DiagData[7F 27 35]Within[50]ms; 11.Check DiagData[7F 27 36]Within[50]ms; 16.Check DiagData[50 01 XX XX XX XX]Within[50]ms; 18.Check DiagData[50 03 XX XX XX XX]Within[50]ms; 19.Check DiagData[71 01 02 03 00]Within[50]ms; 20.Check DiagData[50 02 XX XX XX XX]Within[50]ms; | L79: Pass
A80: 58 | B80: 1.General 2.DiagnosticServices | C80: Diag_0x27_Phy_058 | D80: Boot - Reverse test case for reaching the maximum number of safe access attempts (wrong key) and the 10-second delay - 4th attempt triggers lock | E80: High | F80: 陈亚-80025578 | G80: Based on analysis of requirements | H80: 1.Power On; | I80: 1.Send DiagBy[Physical]Data[10 01]; 2.Delay[1000]ms; 3.Send DiagBy[Physical]Data[10 03]; 4.Send DiagBy[Physical]Data[31 01 02 03]; 5.Send DiagBy[Physical]Data[10 02]; 6.Send DiagBy[Physical]Data[27 01]AndCheckResp[PositiveResponse]; 7.Send Security Wrong KeyBy[Physical]Level[02]; 8.Send DiagBy[Physical]Data[27 01]AndCheckResp[PositiveResponse]; 9.Send Security Wrong KeyBy[Physical]Level[02]; 10.Send DiagBy[Physical]Data[27 01]AndCheckResp[PositiveResponse]; 11.Send Security Wrong KeyBy[Physical]Level[02]; 12.Delay[10000]ms; 13.Send DiagBy[Physical]Data[27 01]AndCheckResp[PositiveResponse]; 14.Send Security Wrong KeyBy[Physical]Level[02]; 15.Send DiagBy[Physical]Data[27 01]AndCheckResp[7F 27 37]; | J80: 1.Check DiagData[50 01 XX XX XX XX]Within[50]ms; 3.Check DiagData[50 03 XX XX XX XX]Within[50]ms; 4.Check DiagData[71 01 02 03 00]Within[50]ms; 5.Check DiagData[50 02 XX XX XX XX]Within[50]ms; 7.Check DiagData[7F 27 35]Within[50]ms; 9.Check DiagData[7F 27 35]Within[50]ms; 11.Check DiagData[7F 27 36]Within[50]ms; 14.Check DiagData[7F 27 36]Within[50]ms; | L80: Pass
A81: 2.4 Security Access Mechanism Test (Boot) — Path B: Consecutive Seed Request
A82: 59 | B82: 1.General 2.DiagnosticServices | C82: Diag_0x27_Phy_059 | D82: Boot - Meets the maximum of 3 failed attempts (request seed); does not meet the reverse test case with a lockout time of 10 seconds | E82: High | F82: 陈亚-80025578 | G82: Based on analysis of requirements | H82: 1.Power On; | I82: 1.Send DiagBy[Physical]Data[10 01]; 2.Delay[1000]ms; 3.Send DiagBy[Physical]Data[10 03]; 4.Send DiagBy[Physical]Data[31 01 02 03]; 5.Send DiagBy[Physical]Data[10 02]; 6.Send DiagBy[Physical]Data[27 01]AndCheckResp[PositiveResponse]; 7.Send DiagBy[Physical]Data[27 01]AndCheckResp[PositiveResponse]; 8.Send DiagBy[Physical]Data[27 01]AndCheckResp[PositiveResponse]; 9.Send DiagBy[Physical]Data[27 01]AndCheckResp[7F 27 36]; 10.Send DiagBy[Physical]Data[27 01]AndCheckResp[7F 27 37]; | J82: 1.Check DiagData[50 01 XX XX XX XX]Within[50]ms; 3.Check DiagData[50 03 XX XX XX XX]Within[50]ms; 4.Check DiagData[71 01 02 03 00]Within[50]ms; 5.Check DiagData[50 02 XX XX XX XX]Within[50]ms; | L82: Pass
A83: 60 | B83: 1.General 2.DiagnosticServices | C83: Diag_0x27_Phy_060 | D83: Boot - A PositiveResponse test case that meets a maximum of 3 failed attempts (request seed) and a lockout duration of 10 seconds | E83: High | F83: 陈亚-80025578 | G83: Based on analysis of requirements | H83: 1.Power On; | I83: 1.Send DiagBy[Physical]Data[10 01]; 2.Delay[1000]ms; 3.Send DiagBy[Physical]Data[10 03]; 4.Send DiagBy[Physical]Data[31 01 02 03]; 5.Send DiagBy[Physical]Data[10 02]; 6.Send DiagBy[Physical]Data[27 01]AndCheckResp[PositiveResponse]; 7.Send DiagBy[Physical]Data[27 01]AndCheckResp[PositiveResponse]; 8.Send DiagBy[Physical]Data[27 01]AndCheckResp[PositiveResponse]; 9.Send DiagBy[Physical]Data[27 01]AndCheckResp[7F 27 36]; 10.Delay[10000]ms; 11.Send DiagBy[Physical]Data[27 01]AndCheckResp[PositiveResponse]; | J83: 1.Check DiagData[50 01 XX XX XX XX]Within[50]ms; 3.Check DiagData[50 03 XX XX XX XX]Within[50]ms; 4.Check DiagData[71 01 02 03 00]Within[50]ms; 5.Check DiagData[50 02 XX XX XX XX]Within[50]ms; | L83: Pass
A84: 61 | B84: 1.General 2.DiagnosticServices | C84: Diag_0x27_Phy_061 | D84: Boot - A negative test case where the maximum number of secure access attempts (request seed) is reached and the 10-second delay has not expired | E84: High | F84: 陈亚-80025578 | G84: Based on analysis of requirements | H84: 1.Power On; | I84: 1.Send DiagBy[Physical]Data[10 01]; 2.Delay[1000]ms; 3.Send DiagBy[Physical]Data[10 03]; 4.Send DiagBy[Physical]Data[31 01 02 03]; 5.Send DiagBy[Physical]Data[10 02]; 6.Send DiagBy[Physical]Data[27 01]AndCheckResp[PositiveResponse]; 7.Send DiagBy[Physical]Data[27 01]AndCheckResp[PositiveResponse]; 8.Send DiagBy[Physical]Data[27 01]AndCheckResp[PositiveResponse]; 9.Send DiagBy[Physical]Data[27 01]AndCheckResp[7F 27 36]; 10.Delay[5000]ms; 11.Send DiagBy[Physical]Data[27 01]AndCheckResp[7F 27 37]; | J84: 1.Check DiagData[50 01 XX XX XX XX]Within[50]ms; 3.Check DiagData[50 03 XX XX XX XX]Within[50]ms; 4.Check DiagData[71 01 02 03 00]Within[50]ms; 5.Check DiagData[50 02 XX XX XX XX]Within[50]ms; | L84: Pass
A85: 62 | B85: 1.General 2.DiagnosticServices | C85: Diag_0x27_Phy_062 | D85: Boot - When the maximum number of safe access attempts (request seed) = 4 is reached, successfully unlock once to reset counter | E85: High | F85: 陈亚-80025578 | G85: Based on analysis of requirements | H85: 1.Power On; | I85: 1.Send DiagBy[Physical]Data[10 01]; 2.Delay[1000]ms; 3.Send DiagBy[Physical]Data[10 03]; 4.Send DiagBy[Physical]Data[31 01 02 03]; 5.Send DiagBy[Physical]Data[10 02]; 6.Send DiagBy[Physical]Data[27 01]AndCheckResp[PositiveResponse]; 7.Send DiagBy[Physical]Data[27 01]AndCheckResp[PositiveResponse]; 8.Send DiagBy[Physical]Data[27 01]AndCheckResp[PositiveResponse]; 9.Send Security Right KeyBy[Physical]Level[02]; 10.Send DiagBy[Physical]Data[10 01]; 11.Send DiagBy[Physical]Data[10 03]; 12.Send DiagBy[Physical]Data[31 01 02 03]; 13.Send DiagBy[Physical]Data[10 02]; 14.Send DiagBy[Physical]Data[27 01]AndCheckResp[PositiveResponse]; 15.Send DiagBy[Physical]Data[27 01]AndCheckResp[PositiveResponse]; 16.Send DiagBy[Physical]Data[27 01]AndCheckResp[PositiveResponse]; 17.Send DiagBy[Physical]Data[27 01]AndCheckResp[7F 27 36]; | J85: 1.Check DiagData[50 01 XX XX XX XX]Within[50]ms; 3.Check DiagData[50 03 XX XX XX XX]Within[50]ms; 4.Check DiagData[71 01 02 03 00]Within[50]ms; 5.Check DiagData[50 02 XX XX XX XX]Within[50]ms; 9.Check DiagData[67 02]Within[50]ms; 10.Check DiagData[50 01 XX XX XX XX]Within[50]ms; 11.Check DiagData[50 03 XX XX XX XX]Within[50]ms; 12.Check DiagData[71 01 02 03 00]Within[50]ms; 13.Check DiagData[50 02 XX XX XX XX]Within[50]ms; | L85: Pass
A86: 63 | B86: 1.General 2.DiagnosticServices | C86: Diag_0x27_Phy_063 | D86: Boot - SAcounter equals 3 after reset when FAAflag = True (request seed path) - PositiveResponse | E86: High | F86: 陈亚-80025578 | G86: Based on analysis of requirements | H86: 1.Power On; | I86: 1.Send DiagBy[Physical]Data[10 01]; 2.Delay[1000]ms; 3.Send DiagBy[Physical]Data[10 03]; 4.Send DiagBy[Physical]Data[31 01 02 03]; 5.Send DiagBy[Physical]Data[10 02]; 6.Send DiagBy[Physical]Data[27 01]AndCheckResp[PositiveResponse]; 7.Send DiagBy[Physical]Data[27 01]AndCheckResp[PositiveResponse]; 8.Send DiagBy[Physical]Data[27 01]AndCheckResp[PositiveResponse]; 9.Send DiagBy[Physical]Data[27 01]AndCheckResp[7F 27 36]; 10.Set Voltage[0]V; 11.Delay[1000]ms; 12.Set Voltage[12]V; 13.Delay[1000]ms; 14.Send DiagBy[Physical]Data[10 01]; 15.Delay[1000]ms; 16.Send DiagBy[Physical]Data[10 03]; 17.Send DiagBy[Physical]Data[31 01 02 03]; 18.Send DiagBy[Physical]Data[10 02]; 19.Send DiagBy[Physical]Data[27 01]AndCheckResp[7F 27 37]; | J86: 1.Check DiagData[50 01 XX XX XX XX]Within[50]ms; 3.Check DiagData[50 03 XX XX XX XX]Within[50]ms; 4.Check DiagData[71 01 02 03 00]Within[50]ms; 5.Check DiagData[50 02 XX XX XX XX]Within[50]ms; 14.Check DiagData[50 01 XX XX XX XX]Within[50]ms; 16.Check DiagData[50 03 XX XX XX XX]Within[50]ms; 17.Check DiagData[71 01 02 03 00]Within[50]ms; 18.Check DiagData[50 02 XX XX XX XX]Within[50]ms; | L86: Pass
A87: 64 | B87: 1.General 2.DiagnosticServices | C87: Diag_0x27_Phy_064 | D87: Boot - Hardware reset enabled 10s delay time (request seed path) - PositiveResponse | E87: High | F87: 陈亚-80025578 | G87: Based on analysis of requirements | H87: 1.Power On; | I87: 1.Send DiagBy[Physical]Data[10 01]; 2.Delay[1000]ms; 3.Send DiagBy[Physical]Data[10 03]; 4.Send DiagBy[Physical]Data[31 01 02 03]; 5.Send DiagBy[Physical]Data[10 02]; 6.Send DiagBy[Physical]Data[27 01]AndCheckResp[PositiveResponse]; 7.Send DiagBy[Physical]Data[27 01]AndCheckResp[PositiveResponse]; 8.Send DiagBy[Physical]Data[27 01]AndCheckResp[PositiveResponse]; 9.Send DiagBy[Physical]Data[27 01]AndCheckResp[7F 27 36]; 10.Set Voltage[0]V; 11.Delay[1000]ms; 12.Set Voltage[12]V; 13.Delay[1000]ms; 14.Send DiagBy[Physical]Data[10 01]; 15.Delay[1000]ms; 16.Send DiagBy[Physical]Data[10 03]; 17.Send DiagBy[Physical]Data[31 01 02 03]; 18.Send DiagBy[Physical]Data[10 02]; 19.Delay[10000]ms; 20.Send DiagBy[Physical]Data[27 01]AndCheckResp[PositiveResponse]; | J87: 1.Check DiagData[50 01 XX XX XX XX]Within[50]ms; 3.Check DiagData[50 03 XX XX XX XX]Within[50]ms; 4.Check DiagData[71 01 02 03 00]Within[50]ms; 5.Check DiagData[50 02 XX XX XX XX]Within[50]ms; 14.Check DiagData[50 01 XX XX XX XX]Within[50]ms; 16.Check DiagData[50 03 XX XX XX XX]Within[50]ms; 17.Check DiagData[71 01 02 03 00]Within[50]ms; 18.Check DiagData[50 02 XX XX XX XX]Within[50]ms; | L87: Pass
A88: 65 | B88: 1.General 2.DiagnosticServices | C88: Diag_0x27_Phy_065 | D88: Boot - Reverse test case for reaching the maximum number of safe access attempts (request seed) and the 10-second delay - 4th attempt triggers lock | E88: High | F88: 陈亚-80025578 | G88: Based on analysis of requirements | H88: 1.Power On; | I88: 1.Send DiagBy[Physical]Data[10 01]; 2.Delay[1000]ms; 3.Send DiagBy[Physical]Data[10 03]; 4.Send DiagBy[Physical]Data[31 01 02 03]; 5.Send DiagBy[Physical]Data[10 02]; 6.Send DiagBy[Physical]Data[27 01]AndCheckResp[PositiveResponse]; 7.Send DiagBy[Physical]Data[27 01]AndCheckResp[PositiveResponse]; 8.Send DiagBy[Physical]Data[27 01]AndCheckResp[PositiveResponse]; 9.Send DiagBy[Physical]Data[27 01]AndCheckResp[7F 27 36]; 10.Delay[10000]ms; 11.Send DiagBy[Physical]Data[27 01]AndCheckResp[PositiveResponse]; 12.Send DiagBy[Physical]Data[27 01]AndCheckResp[PositiveResponse]; 13.Send DiagBy[Physical]Data[27 01]AndCheckResp[PositiveResponse]; 14.Send DiagBy[Physical]Data[27 01]AndCheckResp[7F 27 36]; | J88: 1.Check DiagData[50 01 XX XX XX XX]Within[50]ms; 3.Check DiagData[50 03 XX XX XX XX]Within[50]ms; 4.Check DiagData[71 01 02 03 00]Within[50]ms; 5.Check DiagData[50 02 XX XX XX XX]Within[50]ms; | L88: Pass
A89: 2.5 Secure Access Time Test (Boot)
A90: 66 | B90: 1.General 2.DiagnosticServices | C90: Diag_0x27_Phy_066 | D90: Boot - Duration after unlocking: 5s - PositiveResponse Response Case-$27 | E90: High | F90: 陈亚-80025578 | G90: Based on analysis of requirements | H90: 1.Power On; | I90: 1.Send DiagBy[Physical]Data[10 01]; 2.Delay[1000]ms; 3.Send DiagBy[Physical]Data[10 03]; 4.Send DiagBy[Physical]Data[31 01 02 03]; 5.Send DiagBy[Physical]Data[10 02]; 6.Send DiagBy[Physical]Data[27 01]AndCheckResp[PositiveResponse]; 7.Send Security Right KeyBy[Physical]Level[02]; 8.Delay[4900]ms; 9.Send DiagBy[Physical]Data[3E 00]; 10.Delay[4900]ms; 11.Send DiagBy[Physical]Data[27 01]AndCheckResp[PositiveResponse]; | J90: 1.Check DiagData[50 01 XX XX XX XX]Within[50]ms; 3.Check DiagData[50 03 XX XX XX XX]Within[50]ms; 4.Check DiagData[71 01 02 03 00]Within[50]ms; 5.Check DiagData[50 02 XX XX XX XX]Within[50]ms; 7.Check DiagData[67 02]Within[50]ms; 9.Check DiagData[7E 00]Within[50]ms; | L90: Pass
A91: 2.6 ECU Reset Test (Boot)
A92: 67 | B92: 1.General 2.DiagnosticServices | C92: Diag_0x27_Phy_067 | D92: Boot - ECU power reset Session returns to the DefaultSession PositiveResponseCase-$27 | E92: Low | F92: 陈亚-80025578 | G92: Based on analysis of requirements | H92: 1.Power On; | I92: 1.Send DiagBy[Physical]Data[10 01]; 2.Delay[1000]ms; 3.Send DiagBy[Physical]Data[10 03]; 4.Send DiagBy[Physical]Data[31 01 02 03]; 5.Send DiagBy[Physical]Data[10 02]; 6.Send DiagBy[Physical]Data[27 01]AndCheckResp[PositiveResponse]; 7.Send Security Right KeyBy[Physical]Level[02]; 8.Set Voltage[0]V; 9.Delay[1000]ms; 10.Set Voltage[12]V; 11.Delay[1000]ms; 12.Send DiagBy[Physical]Data[10 01]; 13.Delay[1000]ms; 14.Send DiagBy[Physical]Data[10 03]; 15.Send DiagBy[Physical]Data[31 01 02 03]; 16.Send DiagBy[Physical]Data[10 02]; 17.Send DiagBy[Physical]Data[27 01]AndCheckResp[PositiveResponse]; | J92: 1.Check DiagData[50 01 XX XX XX XX]Within[50]ms; 3.Check DiagData[50 03 XX XX XX XX]Within[50]ms; 4.Check DiagData[71 01 02 03 00]Within[50]ms; 5.Check DiagData[50 02 XX XX XX XX]Within[50]ms; 7.Check DiagData[67 02]Within[50]ms; 12.Check DiagData[50 01 XX XX XX XX]Within[50]ms; 14.Check DiagData[50 03 XX XX XX XX]Within[50]ms; 15.Check DiagData[71 01 02 03 00]Within[50]ms; 16.Check DiagData[50 02 XX XX XX XX]Within[50]ms; | L92: Pass
A93: 68 | B93: 1.General 2.DiagnosticServices | C93: Diag_0x27_Phy_068 | D93: Boot - ECU Hardware reset Session returns to the DefaultSession PositiveResponseCase-$27 | E93: Low | F93: 陈亚-80025578 | G93: Based on analysis of requirements | H93: 1.Power On; | I93: 1.Send DiagBy[Physical]Data[10 01]; 2.Delay[1000]ms; 3.Send DiagBy[Physical]Data[10 03]; 4.Send DiagBy[Physical]Data[31 01 02 03]; 5.Send DiagBy[Physical]Data[10 02]; 6.Send DiagBy[Physical]Data[27 01]AndCheckResp[PositiveResponse]; 7.Send Security Right KeyBy[Physical]Level[02]; 8.Send DiagBy[Physical]Data[11 01]; 9.Delay[2000]ms; 10.Send DiagBy[Physical]Data[10 01]; 11.Delay[1000]ms; 12.Send DiagBy[Physical]Data[10 03]; 13.Send DiagBy[Physical]Data[31 01 02 03]; 14.Send DiagBy[Physical]Data[10 02]; 15.Send DiagBy[Physical]Data[27 01]AndCheckResp[PositiveResponse]; | J93: 1.Check DiagData[50 01 XX XX XX XX]Within[50]ms; 3.Check DiagData[50 03 XX XX XX XX]Within[50]ms; 4.Check DiagData[71 01 02 03 00]Within[50]ms; 5.Check DiagData[50 02 XX XX XX XX]Within[50]ms; 7.Check DiagData[67 02]Within[50]ms; 8.Check DiagData[51 01]Within[50]ms; 10.Check DiagData[50 01 XX XX XX XX]Within[50]ms; 12.Check DiagData[50 03 XX XX XX XX]Within[50]ms; 13.Check DiagData[71 01 02 03 00]Within[50]ms; 14.Check DiagData[50 02 XX XX XX XX]Within[50]ms; | L93: Pass
A94: 69 | B94: 1.General 2.DiagnosticServices | C94: Diag_0x27_Phy_069 | D94: Boot - Switch default Session 0x27 Security access level reset NegativeCase-$27 | E94: Low | F94: 陈亚-80025578 | G94: Based on analysis of requirements | H94: 1.Power On; | I94: 1.Send DiagBy[Physical]Data[10 01]; 2.Delay[1000]ms; 3.Send DiagBy[Physical]Data[10 03]; 4.Send DiagBy[Physical]Data[31 01 02 03]; 5.Send DiagBy[Physical]Data[10 02]; 6.Send DiagBy[Physical]Data[27 01]AndCheckResp[PositiveResponse]; 7.Send Security Right KeyBy[Physical]Level[02]; 8.Send DiagBy[Physical]Data[10 01]; 9.Send DiagBy[Physical]Data[10 03]; 10.Send DiagBy[Physical]Data[31 01 02 03]; 11.Send DiagBy[Physical]Data[10 02]; 12.Send DiagBy[Physical]Data[27 01]AndCheckResp[PositiveResponse]; | J94: 1.Check DiagData[50 01 XX XX XX XX]Within[50]ms; 3.Check DiagData[50 03 XX XX XX XX]Within[50]ms; 4.Check DiagData[71 01 02 03 00]Within[50]ms; 5.Check DiagData[50 02 XX XX XX XX]Within[50]ms; 7.Check DiagData[67 02]Within[50]ms; 8.Check DiagData[50 01 XX XX XX XX]Within[50]ms; 9.Check DiagData[50 03 XX XX XX XX]Within[50]ms; 10.Check DiagData[71 01 02 03 00]Within[50]ms; 11.Check DiagData[50 02 XX XX XX XX]Within[50]ms; | L94: Pass
A95: 70 | B95: 1.General 2.DiagnosticServices | C95: Diag_0x27_Phy_070 | D95: Boot - Software reset, security access function normal request to the seed PositiveResponsecase-$27 | E95: High | F95: 陈亚-80025578 | G95: Based on analysis of requirements | H95: 1.Power On; | I95: 1.Send DiagBy[Physical]Data[10 01]; 2.Delay[1000]ms; 3.Send DiagBy[Physical]Data[10 03]; 4.Send DiagBy[Physical]Data[31 01 02 03]; 5.Send DiagBy[Physical]Data[10 02]; 6.Send DiagBy[Physical]Data[27 01]AndCheckResp[PositiveResponse]; | J95: 1.Check DiagData[50 01 XX XX XX XX]Within[50]ms; 3.Check DiagData[50 03 XX XX XX XX]Within[50]ms; 4.Check DiagData[71 01 02 03 00]Within[50]ms; 5.Check DiagData[50 02 XX XX XX XX]Within[50]ms; | L95: Pass
A96: 2.7 SPRMIB Test (Boot)
A97: 71 | B97: 1.General 2.DiagnosticServices | C97: Diag_0x27_Phy_071 | D97: Boot - The 0x27 nonsupport SPRMIB Negativecase-$27 | E97: High | F97: 陈亚-80025578 | G97: Based on analysis of requirements | H97: 1.Power On; | I97: 1.Send DiagBy[Physical]Data[10 01]; 2.Delay[1000]ms; 3.Send DiagBy[Physical]Data[10 03]; 4.Send DiagBy[Physical]Data[31 01 02 03]; 5.Send DiagBy[Physical]Data[10 02]; 6.Send DiagBy[Physical]Data[27 83]; 7.Send DiagBy[Physical]Data[27 84]; | J97: 1.Check DiagData[50 01 XX XX XX XX]Within[50]ms; 3.Check DiagData[50 03 XX XX XX XX]Within[50]ms; 4.Check DiagData[71 01 02 03 00]Within[50]ms; 5.Check DiagData[50 02 XX XX XX XX]Within[50]ms; 6.Check DiagData[7F 27 12]Within[50]ms; 7.Check DiagData[7F 27 12]Within[50]ms; | L97: Pass
A98: 2.8 Incorrect Diagnostic Command Test (Boot)
A99: 72 | B99: 1.General 2.DiagnosticServices | C99: Diag_0x27_Phy_072 | D99: Boot - Valid SF_DL=2, invalid SF_DL > 2, and those with invalid equivalence class SF_DL=3 NegativeCase-$27 | E99: Low | F99: 陈亚-80025578 | G99: Based on analysis of requirements | H99: 1.Power On; | I99: 1.Send DiagBy[Physical]Data[10 01]; 2.Delay[1000]ms; 3.Send DiagBy[Physical]Data[10 03]; 4.Send DiagBy[Physical]Data[31 01 02 03]; 5.Send DiagBy[Physical]Data[10 02]; 6.Send DiagBy[Physical]Data[27 03]WithLen[3]; | J99: 1.Check DiagData[50 01 XX XX XX XX]Within[50]ms; 3.Check DiagData[50 03 XX XX XX XX]Within[50]ms; 4.Check DiagData[71 01 02 03 00]Within[50]ms; 5.Check DiagData[50 02 XX XX XX XX]Within[50]ms; 6.Check DiagData[7F 27 13]Within[50]ms; | L99: Pass
A100: 73 | B100: 1.General 2.DiagnosticServices | C100: Diag_0x27_Phy_073 | D100: Boot - Valid SF_DL=2, invalid SF_DL < 2, and those with invalid equivalence class SF_DL=1 NegativeCase-$27 | E100: Low | F100: 陈亚-80025578 | G100: Based on analysis of requirements | H100: 1.Power On; | I100: 1.Send DiagBy[Physical]Data[10 01]; 2.Delay[1000]ms; 3.Send DiagBy[Physical]Data[10 03]; 4.Send DiagBy[Physical]Data[31 01 02 03]; 5.Send DiagBy[Physical]Data[10 02]; 6.Send DiagBy[Physical]Data[27]WithLen[1]; | J100: 1.Check DiagData[50 01 XX XX XX XX]Within[50]ms; 3.Check DiagData[50 03 XX XX XX XX]Within[50]ms; 4.Check DiagData[71 01 02 03 00]Within[50]ms; 5.Check DiagData[50 02 XX XX XX XX]Within[50]ms; 6.Check DiagData[7F 27 13]Within[50]ms; | L100: Pass
...

Sheet 测试汇总
B2: Test result statistics
B3: Test item | C3: Test result Total cases | D3: Pass | E3: Fail | F3: 需求覆盖缺失 | G3: 通过率 用例编写格式 | H3: 失败率 | I3: 需求未覆盖 | J3: 需求覆盖
B4: DiagnosticSessionControl_0x10 | C4: =SUM(D4:F4) -> 125 | D4: =COUNTIF(DiagnosticSessionControl_0x10!L6:L533,"Pass") -> 119 | E4: =COUNTIF(DiagnosticSessionControl_0x10!L6:L533,"Fail") -> 6 | F4: =COUNTIF(DiagnosticSessionControl_0x10!L6:L533,"Block") -> 0 | G4: =D4/C4 -> 0.952 | H4: =E4/C4 -> 0.048 | I4: =F4/C4 -> 0 | J4: =1-I4 -> 1
B5: ECUReset_0x11 | C5: =SUM(D5:F5) -> 46 | D5: =COUNTIF(ECUReset_0x11!L6:L740,"Pass") -> 42 | E5: =COUNTIF(ECUReset_0x11!L6:L740,"Fail") -> 4 | F5: =COUNTIF(ECUReset_0x11!L6:L740,"Block") -> 0 | G5: =D5/C5 -> 0.91304348 | H5: =E5/C5 -> 0.086956522 | I5: =F5/C5 -> 0 | J5: =1-I5 -> 1
B6: ClearDiagnosticInformation_0x14 | C6: =SUM(D6:F6) -> 12 | D6: =COUNTIF(ClearDiagnosticInformation_0x14!L6:L740,"Pass") -> 5 | E6: =COUNTIF(ClearDiagnosticInformation_0x14!L6:L740,"Fail") -> 7 | F6: =COUNTIF(ClearDiagnosticInformation_0x14!L6:L740,"Block") -> 0 | G6: =D6/C6 -> 0.41666667 | H6: =E6/C6 -> 0.58333333 | I6: =F6/C6 -> 0 | J6: =1-I6 -> 1
B7: ReadDTCInformation_0x19
B8: ReadDataByIdentifier_0x22
B9: SecurityAccess_0x27 | C9: =SUM(D9:F9) -> 80 | D9: =COUNTIF(SecurityAccess_0x27!L6:L747,"Pass") -> 61 | E9: =COUNTIF(SecurityAccess_0x27!L6:L747,"Fail") -> 16 | F9: =COUNTIF(SecurityAccess_0x27!L6:L747,"Block") -> 3 | G9: =D9/C9 -> 0.7625 | H9: =E9/C9 -> 0.2 | I9: =F9/C9 -> 0.0375 | J9: =1-I9 -> 0.9625
B10: CommunicationControl_0x28
B11: WriteDataByIdentifier_0x2E
B12: RoutineControl_0x31
B13: TesterPresent_0x3E
B14: ControlDTCSettings_0x85
B15: Total | C15: =SUM(C4:C14) -> 263 | D15: =SUM(D4:D14) -> 227 | E15: =SUM(E4:E14) -> 33 | F15: 22 | G15: =D15/C15 -> 0.86311787 | H15: =E15/C15 -> 0.12547529 | I15: =F15/C15 -> 0.08365019 | J15: =1-I15 -> 0.91634981
B17: Software Version：
B18: Hardware Version： | F18: Pass:表示test case合格
B19: Test Time： | F19: Fail:表示Test case不合格
B20: Tester： | F20: Block:表示Test case缺失
B22: Test conclusion | C22: No Pass
B24: Comment： P：The test result is consistent with the expected result, the test passed. F：The test result is not consistent with the expected result, the test failed. NT：The current test environment is not satisfied or the software is not developed. NA：Use case not applicable or not selected.
