Workbook

Sheet DiagnosticSessionControl_0x10
B1: Test Level | C1: SYS.5
A2: Sequence Number | B2: System Requirement ID | C2: Test Case | G2: Design Method | H2: Precondition | I2: Test Procedure | J2: Expected Output | K2: Actual Output | L2: Judgement Result | M2: Defect ID
C3: ID | D3: Name | E3: Priority | F3: Author
A4: 1.Application Service\_Physical Addressing
A5: 1.1 Session Layer Test
A6: 1 | B6: 1.General 2.DiagnosticServices | C6: Diag_0x10_Phy_001 | D6: Service 0x10 Default To Default | E6: High | F6: 陈亚-80025578 | G6: Based on analysis of requirements | H6: 1.Power On; | I6: 1.Send DiagBy[Physical]Data[10 01]; 2.Send DiagBy[Physical]Data[10 01]; | J6: 1.Check DiagData[50 01 00 32 01 F4]Within[50]ms; 2.Check DiagData[50 01 00 32 01 F4]Within[50]ms; | L6: Pass
A7: 2 | B7: 1.General 2.DiagnosticServices | C7: Diag_0x10_Phy_002 | D7: Service 0x10 Default To Programming | E7: High | F7: 陈亚-80025578 | G7: Based on analysis of requirements | H7: 1.Power On; | I7: 1.Send DiagBy[Physical]Data[10 01]; 2.Send DiagBy[Physical]Data[10 02]; | J7: 1.Check DiagData[50 01 00 32 01 F4]Within[50]ms; 2.Check DiagData[7F 10 7E]Within[50]ms; | K7: 默认会话到编程会话，应该恢复NRC 0x7E | L7: Fail
A8: 3 | B8: 1.General 2.DiagnosticServices | C8: Diag_0x10_Phy_003 | D8: Service 0x10 Default To Extended | E8: High | F8: 陈亚-80025578 | G8: Based on analysis of requirements | H8: 1.Power On; | I8: 1.Send DiagBy[Physical]Data[10 01]; 2.Send DiagBy[Physical]Data[10 03]; | J8: 1.Check DiagData[50 01 00 32 01 F4]Within[50]ms; 2.Check DiagData[50 03 00 32 01 F4]Within[50]ms; | L8: Pass
A9: 4 | B9: 1.General 2.DiagnosticServices | C9: Diag_0x10_Phy_004 | D9: Programming Session to Default Session PositiveCase-$10 | E9: High | F9: Chris | G9: Based on analysis of requirements | H9: 1.Power On | I9: 1.Send DiagBy[Physical]Data[10 01]; 2.Send DiagBy[Physical]Data[10 03]; 4.Send DiagBy[Physical]Data[10 02]; 5.Send DiagBy[Physical]Data[10 01]; | J9: 1.Check DiagData[50 01 00 32 01 F4]Within[50]ms; 2.Check DiagData[50 03 00 32 01 F4]Within[50]ms; 4.Check DiagData[50 02 00 32 01 F4]Within[50]ms; 5.Check DiagData[50 01 00 32 01 F4]Within[50]ms; | K9: 会话跳转缺失编程开始的场景 | L9: Block
A10: 5 | B10: 1.General 2.DiagnosticServices | C10: Diag_0x10_Phy_005 | D10: Programming Session to Programming Session PositiveCase-$10 | E10: High | F10: Chris | G10: Based on analysis of requirements | H10: 1.Power On | I10: 1.Send DiagBy[Physical]Data[10 01]; 2.Send DiagBy[Physical]Data[10 03]; 4.Send DiagBy[Physical]Data[10 02]; 5.Send DiagBy[Physical]Data[10 02]; | J10: 1.Check DiagData[50 01 00 32 01 F4]Within[50]ms; 2.Check DiagData[50 03 00 32 01 F4]Within[50]ms; 4.Check DiagData[50 02 00 32 01 F4]Within[50]ms; 5.Check DiagData[50 02 00 32 01 F4]Within[50]ms; | L10: Block
A11: 6 | B11: 1.General 2.DiagnosticServices | C11: Diag_0x10_Phy_006 | D11: Programming Session to Extended Session PositiveCase-$10 | E11: High | F11: Chris | G11: Based on analysis of requirements | H11: 1.Power On | I11: 1.Send DiagBy[Physical]Data[10 01]; 2.Send DiagBy[Physical]Data[10 03]; 4.Send DiagBy[Physical]Data[10 02]; 5.Send DiagBy[Physical]Data[10 03]; | J11: 1.Check DiagData[50 01 00 32 01 F4]Within[50]ms; 2.Check DiagData[50 03 00 32 01 F4]Within[50]ms; 4.Check DiagData[50 02 00 32 01 F4]Within[50]ms; 5.Check DiagData[7F 10 7E]Within[50]ms; | L11: Block
A12: 7 | B12: 1.General 2.DiagnosticServices | C12: Diag_0x10_Phy_007 | D12: Service 0x10 Extended To Default | E12: High | F12: 陈亚-80025578 | G12: Based on analysis of requirements | H12: 1.Power On; | I12: 1.Send DiagBy[Physical]Data[10 01]; 2.Delay[1000]ms; 3.Send DiagBy[Physical]Data[10 03]; 4.Send DiagBy[Physical]Data[10 01]; | J12: 1.Check DiagData[50 01 00 32 01 F4]Within[50]ms; 3.Check DiagData[50 03 00 32 01 F4]Within[50]ms; 4.Check DiagData[50 01 00 32 01 F4]Within[50]ms; | L12: Pass
A13: 8 | B13: 1.General 2.DiagnosticServices | C13: Diag_0x10_Phy_008 | D13: Service 0x10 Extended To Programming | E13: High | F13: 陈亚-80025578 | G13: Based on analysis of requirements | H13: 1.Power On; | I13: 1.Send DiagBy[Physical]Data[10 01]; 2.Delay[1000]ms; 3.Send DiagBy[Physical]Data[10 03]; 5.Send DiagBy[Physical]Data[10 02]; | J13: 1.Check DiagData[50 01 00 32 01 F4]Within[50]ms; 3.Check DiagData[50 03 00 32 01 F4]Within[50]ms; 5.Check DiagData[50 02 00 32 01 F4]Within[50]ms; | K13: 不支持31 01 02 03 | L13: Fail
A14: 9 | B14: 1.General 2.DiagnosticServices | C14: Diag_0x10_Phy_009 | D14: Service 0x10 Extended To Extended | E14: High | F14: 陈亚-80025578 | G14: Based on analysis of requirements | H14: 1.Power On; | I14: 1.Send DiagBy[Physical]Data[10 01]; 2.Delay[1000]ms; 3.Send DiagBy[Physical]Data[10 03]; 4.Send DiagBy[Physical]Data[10 03]; | J14: 1.Check DiagData[50 01 00 32 01 F4]Within[50]ms; 3.Check DiagData[50 03 00 32 01 F4]Within[50]ms; 4.Check DiagData[50 03 00 32 01 F4]Within[50]ms; | L14: Pass
A15: 1.2 SPRMIB Test
A16: 10 | B16: 1.General 2.DiagnosticServices | C16: Diag_0x10_Phy_010 | D16: Default Session to Default Session with SPRMIB PositiveCase-$10 | E16: High | F16: 陈亚-80025578 | G16: Based on analysis of requirements | H16: 1.Power On | I16: 1.Send DiagBy[Physical]Data[10 01]; 2.Send DiagBy[Physical]Data[10 81]; | J16: 1.Check DiagData[50 01 00 32 01 F4]Within[50]ms; 2.Check No_Response Within[1000]ms; | L16: Pass
A17: 11 | B17: 1.General 2.DiagnosticServices | C17: Diag_0x10_Phy_011 | D17: Default Session to Programming Session with SPRMIB NegativeCase-$10 | E17: High | F17: 陈亚-80025578 | G17: Based on analysis of requirements | H17: 1.Power On | I17: 1.Send DiagBy[Physical]Data[10 01]; 2.Send DiagBy[Physical]Data[10 82]; | J17: 1.Check DiagData[50 01 00 32 01 F4]Within[50]ms; 2.Check DiagData[7F 10 7E]Within[50]ms; | L17: Pass
A18: 12 | B18: 1.General 2.DiagnosticServices | C18: Diag_0x10_Phy_012 | D18: Default Session to Extended Session with SPRMIB PositiveCase-$10 | E18: High | F18: 陈亚-80025578 | G18: Based on analysis of requirements | H18: 1.Power On | I18: 1.Send DiagBy[Physical]Data[10 01]; 2.Delay[5000]ms; 3.Send DiagBy[Physical]Data[10 83]; | J18: 1.Check DiagData[50 01 00 32 01 F4]Within[50]ms; 3.Check No_Response Within[1000]ms; | L18: Pass
A19: 13 | B19: 1.General 2.DiagnosticServices | C19: Diag_0x10_Phy_013 | D19: Programming Session to Programming Session with SPRMIB PositiveCase-$10 | E19: High | F19: 陈亚-80025578 | G19: Based on analysis of requirements | H19: 1.Power On | I19: 1.Send DiagBy[Physical]Data[10 01]; 2.Delay[5000]ms; 3.Send DiagBy[Physical]Data[10 03]; 4.Send DiagBy[Physical]Data[10 02]; 5.Send DiagBy[Physical]Data[10 81]; | J19: 1.Check DiagData[50 01 00 32 01 F4]Within[50]ms; 3.Check DiagData[50 03 00 32 01 F4]Within[50]ms; 4.Check DiagData[50 02 00 32 01 F4]Within[50]ms; 5.Check No_Response Within[1000]ms; | L19: Block
A20: 14 | B20: 1.General 2.DiagnosticServices | C20: Diag_0x10_Phy_014 | D20: Programming Session to Programming Session with SPRMIB PositiveCase-$10 | E20: High | F20: 陈亚-80025578 | G20: Based on analysis of requirements | H20: 1.Power On | I20: 1.Send DiagBy[Physical]Data[10 01]; 2.Delay[3000]ms; 3.Send DiagBy[Physical]Data[10 03]; 4.Send DiagBy[Physical]Data[10 02]; 5.Send DiagBy[Physical]Data[10 82]; | J20: 1.Check DiagData[50 01 00 32 01 F4]Within[50]ms; 3.Check DiagData[50 03 00 32 01 F4]Within[50]ms; 4.Check DiagData[50 02 00 32 01 F4]Within[50]ms; 5.Check DiagData[7F 10 12]Within[50]ms; | L20: Block
A21: 15 | B21: 1.General 2.DiagnosticServices | C21: Diag_0x10_Phy_015 | D21: Programming Session to Extented Session with SPRMIB PositiveCase-$10 | E21: High | F21: 陈亚-80025578 | G21: Based on analysis of requirements | H21: 1.Power On | I21: 1.Send DiagBy[Physical]Data[10 01]; 2.Delay[5000]ms; 3.Send DiagBy[Physical]Data[10 03]; 4.Send DiagBy[Physical]Data[10 02]; 5.Send DiagBy[Physical]Data[10 83]; | J21: 1.Check DiagData[50 01 00 32 01 F4]Within[50]ms; 3.Check DiagData[50 03 00 32 01 F4]Within[50]ms; 4.Check DiagData[50 02 00 32 01 F4]Within[50]ms; 5.Check DiagData[7F 10 22]Within[50]ms; | L21: Block
A22: 16 | B22: 1.General 2.DiagnosticServices | C22: Diag_0x10_Phy_016 | D22: Extended Session to Default Session with SPRMIB PositiveCase-$10 | E22: High | F22: 陈亚-80025578 | G22: Based on analysis of requirements | H22: 1.Power On | I22: 1.Send DiagBy[Physical]Data[10 01]; 2.Delay[5000]ms 3.Send DiagBy[Physical]Data[10 03]; 4.Send DiagBy[Physical]Data[10 81]; | J22: 1.Check DiagData[50 01 00 32 01 F4]Within[50]ms; 3.Check DiagData[50 03 00 32 01 F4]Within[50]ms; 4.Check No_Response Within[1000]ms; | L22: Pass
A23: 17 | B23: 1.General 2.DiagnosticServices | C23: Diag_0x10_Phy_017 | D23: Extended Session to Programming Session with SPRMIB PositiveCase-$10 | E23: High | F23: 陈亚-80025578 | G23: Based on analysis of requirements | H23: 1.Power On | I23: 1.Send DiagBy[Physical]Data[10 03]; 2.Send DiagBy[Physical]Data[10 82]; | J23: 1.Check DiagData[50 03 00 32 01 F4]Within[50]ms; 2.Check No_Response Within[1000]ms; | L23: Pass
A24: 18 | B24: 1.General 2.DiagnosticServices | C24: Diag_0x10_Phy_018 | D24: Extended Session to Extended Session with SPRMIB PositiveCase-$10 | E24: High | F24: 陈亚-80025578 | G24: Based on analysis of requirements | H24: 1.Power On | I24: 1.Send DiagBy[Physical]Data[10 03]; 2.Send DiagBy[Physical]Data[10 83]; 3.Send DiagBy[Physical]Data[22 F1 86]; | J24: 1.Check DiagData[50 03 00 32 01 F4]Within[50]ms; 2.Check No_Response Within[1000]ms; 3.Check DiagData[62 F1 86 03]Within[50]ms; | L24: Pass
A25: 1.3 Secure Access Test
A26: 19 | B26: 1.General 2.DiagnosticServices | C26: Diag_0x10_Phy_019 | D26: Security access L1 unlock supports jumping to Default Session | E26: High | F26: 陈亚-80025578 | G26: Based on analysis of requirements | H26: 1.Power On; | I26: 1.Send DiagBy[Physical]Data[10 03]; 2.Send DiagBy[Physical]Data[27 01]AndCheckResp[PositiveResponse]; 3.Send Security Right KeyBy[Physical]Level[0x2] 4.Send DiagBy[Physical]Data[10 01]; | J26: 1.Check DiagData[50 03 00 32 01 F4]Within[50]ms; 3.Check DiagData[67 02]Within[50]ms; 4.Check DiagData[50 01 00 32 01 F4]Within[50]ms; | K26: 缺失会话跳转中的01 ，02 | L26: Block
A27: 20 | B27: 1.General 2.DiagnosticServices | C27: Diag_0x10_Phy_020 | D27: Security access L1 unlock supports jumping to Programming Session | E27: High | F27: 陈亚-80025578 | G27: Based on analysis of requirements | H27: 1.Power On; | I27: 1.Send DiagBy[Physical]Data[10 03]; 2.Send DiagBy[Physical]Data[27 01]AndCheckResp[PositiveResponse]; 3.Send Security Right KeyBy[Physical]Level[0x2] 4.Send DiagBy[Physical]Data[10 02]; | J27: 1.Check DiagData[50 03 00 32 01 F4]Within[50]ms; 3.Check DiagData[67 02]Within[50]ms; 4.Check DiagData[50 02 00 32 01 F4]Within[50]ms; | L27: Block
A28: 21 | B28: 1.General 2.DiagnosticServices | C28: Diag_0x10_Phy_021 | D28: Security access L1 unlock supports jumping to Extended Session | E28: High | F28: 陈亚-80025578 | G28: Based on analysis of requirements | H28: 1.Power On; | I28: 1.Send DiagBy[Physical]Data[10 01]; 2.Delay[2000]ms; 3.Send DiagBy[Physical]Data[10 03]; 4.Send DiagBy[Physical]Data[27 01]AndCheckResp[PositiveResponse]; 5.Send Security Right KeyBy[Physical]Level[0x2] 6.Send DiagBy[Physical]Data[10 03]; | J28: 1.Check DiagData[50 01 00 32 01 F4]Within[50]ms; 3.Check DiagData[50 03 00 32 01 F4]Within[50]ms; 5.Check DiagData[67 02]Within[100]ms; 6.Check DiagData[50 03 00 32 01 F4]Within[50]ms; | L28: Pass
A29: 1.4 ECU Reset Test
A30: 22 | B30: 1.General 2.DiagnosticServices | C30: Diag_0x10_Phy_022 | D30: ECU Power reset Session returns to the Default Session | E30: Low | F30: 陈亚-80025578 | G30: Based on analysis of requirements | H30: 1.Power On; | I30: 1.Send DiagBy[Physical]Data[10 01]; 2.Delay[1000]ms; 3.Send DiagBy[Physical]Data[10 03]; 4.Set Voltage[0]V; 5.Delay[3000]ms; 6.Set Voltage[12]V; 7.Delay[3000]ms; 8.Send DiagBy[Physical]Data[27 01]AndCheckResp[0x7F]; | J30: 1.Check DiagData[50 01 00 32 01 F4]Within[50]ms; 3.Check DiagData[50 03 00 32 01 F4]Within[50]ms; | L30: Pass
A31: 23 | B31: 1.General 2.DiagnosticServices | C31: Diag_0x10_Phy_023 | D31: ECU Hard Reset reset Session returns to the Default Session | E31: Low | F31: 陈亚-80025578 | G31: Based on analysis of requirements | H31: 1.Power On; | I31: 1.Send DiagBy[Physical]Data[10 01]; 2.Delay[1000]ms; 3.Send DiagBy[Physical]Data[10 03]; 4.Send DiagBy[Physical]Data[11 01]; 5.Delay[1000]ms; 6.Send DiagBy[Physical]Data[27 01]AndCheckResp[0x7F]; | J31: 1.Check DiagData[50 01 00 32 01 F4]Within[50]ms; 3.Check DiagData[50 03 00 32 01 F4]Within[50]ms; 4.Check DiagData[51 01]Within[50]ms; | K31: 不支持F1 86,验证策略可以改成访问27安全服务，例如：Send DiagBy[Physical]Data[27 01]AndCheckResp[0x7F]; | L31: Fail
A32: 1.5 Sub-function Traversal Test
A33: 24 | B33: 1.General 2.DiagnosticServices | C33: Diag_0x10_Phy_024 | D33: Subfunction traversal test in the Default Session | E33: Medium | F33: 陈亚-80025578 | G33: Based on analysis of requirements | H33: 1.Power On; | I33: 1.Send DiagBy[Physical]Data[10 01]; 2.Send SubTraversalBy[Physical]Service[0x10]Excluding[01 02 03 81 83]AndCheckResp[0x12]; | J33: 1.Check DiagData[50 01 00 32 01 F4]Within[50]ms; | L33: Pass
A34: 25 | B34: 1.General 2.DiagnosticServices | C34: Diag_0x10_Phy_025 | D34: Subfunction traversal test in the Extended Session | E34: Medium | F34: 陈亚-80025578 | G34: Based on analysis of requirements | H34: 1.Power On; | I34: 1.Send DiagBy[Physical]Data[10 01]; 2.Delay[1000]ms; 3.Send DiagBy[Physical]Data[10 03]; 4.Send SubTraversalBy[Physical]Service[0x10]Excluding[01 02 03 81 83]AndCheckResp[0x12]; | J34: 1.Check DiagData[50 01 00 32 01 F4]Within[50]ms; 3.Check DiagData[50 03 00 32 01 F4]Within[50]ms; | L34: Pass
A35: 1.6 S3 Server Timer Test
A36: 26 | B36: 1.General 2.DiagnosticServices | C36: Diag_0x10_Phy_026 | D36: S3Server maintains the Session without timeout | E36: High | F36: 陈亚-80025578 | G36: Based on analysis of requirements | H36: 1.Power On; | I36: 1.Send DiagBy[Physical]Data[10 01]; 2.Delay[1000]ms; 3.Send DiagBy[Physical]Data[10 03]; 4.Delay[4900]ms; 5.Send DiagBy[Physical]Data[27 01]AndCheckResp[PositiveResponse]; | J36: 1.Check DiagData[50 01 00 32 01 F4]Within[50]ms; 3.Check DiagData[50 03 00 32 01 F4]Within[50]ms; | L36: Pass
A37: 27 | B37: 1.General 2.DiagnosticServices | C37: Diag_0x10_Phy_027 | D37: S3Server returns to the default Session upon timeout | E37: High | F37: 陈亚-80025578 | G37: Based on analysis of requirements | H37: 1.Power On; | I37: 1.Send DiagBy[Physical]Data[10 01]; 2.Delay[1000]ms; 3.Send DiagBy[Physical]Data[10 03]; 4.Delay[5100]ms; 5.Send DiagBy[Physical]Data[27 01]AndCheckResp[0x7F]; | J37: 1.Check DiagData[50 01 00 32 01 F4]Within[50]ms; 3.Check DiagData[50 03 00 32 01 F4]Within[50]ms; | L37: Pass
A38: 1.7 Incorrect Diagnostic Command Test
A39: 28 | B39: 1.General 2.DiagnosticServices | C39: Diag_0x10_Phy_028 | D39: Valid SF_DL=2, invalid SF_DL > 2 returns NRC 0x13 | E39: Low | F39: 陈亚-80025578 | G39: Based on analysis of requirements | H39: 1.Power On; | I39: 1.Send DiagBy[Physical]Data[10 01]; 2.Send DiagBy[Physical]Data[10 01]WithLen[3]; | J39: 1.Check DiagData[50 01 00 32 01 F4]Within[50]ms; 2.Check DiagData[7F 10 13]Within[50]ms; | L39: Pass
A40: 29 | B40: 1.General 2.DiagnosticServices | C40: Diag_0x10_Phy_029 | D40: Valid SF_DL=2, invalid SF_DL < 2 returns NRC 0x13 | E40: Low | F40: 陈亚-80025578 | G40: Based on analysis of requirements | H40: 1.Power On; | I40: 1.Send DiagBy[Physical]Data[10 01]; 2.Send DiagBy[Physical]Data[10 01]WithLen[1]; | J40: 1.Check DiagData[50 01 00 32 01 F4]Within[50]ms; 2.Check DiagData[7F 10 13]Within[50]ms; | L40: Pass
A41: 1.8 NRC Priority Test
A42: 30 | B42: 1.General 2.DiagnosticServices | C42: Diag_0x10_Phy_022 | D42: NRC 13(min Size) > 12 | E42: High | F42: 陈亚-80025578 | G42: Based on analysis of requirements | H42: 1.Power On; | I42: 1.Send DiagBy[Physical]Data[10 01]; 2.Send DiagBy[Physical]Data[10 04]WithLen[1]; | J42: 1.Check DiagData[50 01 00 32 01 F4]Within[50]ms; 2.Check DiagData[7F 10 13]Within[50]ms; | L42: Pass
A43: 31 | B43: 1.General 2.DiagnosticServices | C43: Diag_0x10_Phy_023 | D43: NRC 12 > 7E | E43: High | F43: 陈亚-80025578 | G43: Based on analysis of requirements | H43: 1.Power On; | I43: 1.Send DiagBy[Physical]Data[10 03]; 2.Send DiagBy[Physical]Data[10 02]; 3.Send DiagBy[Physical]Data[10 04]; | J43: 1.Check DiagData[50 01 00 32 01 F4]Within[50]ms; 2.Check DiagData[7F 10 12]Within[50]ms; | L43: Pass
A44: 32 | B44: 1.General 2.DiagnosticServices | C44: Diag_0x10_Phy_025 | D44: NRC 12 > 33 — Voltage condition not met reports NRC 0x22 | E44: High | F44: 陈亚-80025578 | G44: Based on analysis of requirements | H44: 1.Power On; | I44: 1.Send DiagBy[Physical]Data[10 01]; 2.Delay[1000]ms; 3.Send DiagBy[Physical]Data[10 03]; 4.Send DiagBy[Physical]Data[27 01]AndCheckResp[PositiveResponse]; 5.Send Security Right KeyBy[Physical]Level[02]; 6.Send DiagBy[Physical]Data[10 04]; | J44: 1.Check DiagData[50 01 00 32 01 F4]Within[50]ms; 3.Check DiagData[50 03 00 32 01 F4]Within[50]ms; 5.Check DiagData[67 02]Within[50]ms; 6.Check DiagData[7F 10 12]Within[50]ms; | L44: Pass
A45: 2.Application Service\_Functional Addressing
A46: 2.1 Session Layer Test
A47: 33 | B47: 1.General 2.DiagnosticServices | C47: Diag_0x10_Fun_026 | D47: Service 0x10 Default To Default | E47: High | F47: 陈亚-80025578 | G47: Based on analysis of requirements | H47: 1.Power On; | I47: 1.Send DiagBy[Physical]Data[10 01]; 2.Send DiagBy[Funcational]Data[10 01]; | J47: 1.Check DiagData[50 01 00 32 01 F4]Within[50]ms; 2.Check No_Response Within[50]ms; | L47: Pass
A48: 34 | B48: 1.General 2.DiagnosticServices | C48: Diag_0x10_Fun_027 | D48: Service 0x10 Default To Programming | E48: High | F48: 陈亚-80025578 | G48: Based on analysis of requirements | H48: 1.Power On; | I48: 1.Send DiagBy[Physical]Data[10 01]; 2.Send DiagBy[Funcational]Data[10 02]; | J48: 1.Check DiagData[50 01 00 32 01 F4]Within[50]ms; 2.Check DiagData[7F 10 7E]Within[50]ms; | K48: 默认会话到编程会话，应该恢复NRC 0x7E | L48: Fail
A49: 35 | B49: 1.General 2.DiagnosticServices | C49: Diag_0x10_Fun_028 | D49: Service 0x10 Default To Extended | E49: High | F49: 陈亚-80025578 | G49: Based on analysis of requirements | H49: 1.Power On; | I49: 1.Send DiagBy[Physical]Data[10 01]; 2.Send DiagBy[Funcational]Data[10 03]; | J49: 1.Check DiagData[50 01 00 32 01 F4]Within[50]ms; 2.Check No_Response Within[50]ms; | L49: Pass
A50: 36 | B50: 1.General 2.DiagnosticServices | C50: Diag_0x10_Fun_029 | D50: Programming Session to Default Session PositiveCase-$10 | E50: High | F50: Chris | G50: Based on analysis of requirements | H50: 1.Power On | I50: 1.Send DiagBy[Physical]Data[10 01]; 2.Send DiagBy[Physical]Data[10 03]; 4.Send DiagBy[Physical]Data[10 02]; 5.Send DiagBy[Funcational]Data[10 01]; | J50: 1.Check DiagData[50 01 00 32 01 F4]Within[50]ms; 2.Check DiagData[50 03 00 32 01 F4]Within[50]ms; 4.Check DiagData[50 02 00 32 01 F4]Within[50]ms; 5.Check No_Response Within[50]ms; | K50: 会话跳转缺失编程开始的场景 | L50: Block
A51: 37 | B51: 1.General 2.DiagnosticServices | C51: Diag_0x10_Fun_030 | D51: Programming Session to Programming Session PositiveCase-$10 | E51: High | F51: Chris | G51: Based on analysis of requirements | H51: 1.Power On | I51: 1.Send DiagBy[Physical]Data[10 01]; 2.Send DiagBy[Physical]Data[10 03]; 4.Send DiagBy[Physical]Data[10 02]; 5.Send DiagBy[Funcational]Data[10 02]; | J51: 1.Check DiagData[50 01 00 32 01 F4]Within[50]ms; 2.Check DiagData[50 03 00 32 01 F4]Within[50]ms; 4.Check DiagData[50 02 00 32 01 F4]Within[50]ms; 5.Check No_Response Within[50]ms; | L51: Block
A52: 38 | B52: 1.General 2.DiagnosticServices | C52: Diag_0x10_Fun_031 | D52: Programming Session to Extended Session PositiveCase-$10 | E52: High | F52: Chris | G52: Based on analysis of requirements | H52: 1.Power On | I52: 1.Send DiagBy[Physical]Data[10 01]; 2.Send DiagBy[Physical]Data[10 03]; 4.Send DiagBy[Physical]Data[10 02]; 5.Send DiagBy[Funcational]Data[10 03]; | J52: 1.Check DiagData[50 01 00 32 01 F4]Within[50]ms; 2.Check DiagData[50 03 00 32 01 F4]Within[50]ms; 4.Check DiagData[50 02 00 32 01 F4]Within[50]ms; 5.Check No_Response Within[50]ms; | L52: Block
A53: 39 | B53: 1.General 2.DiagnosticServices | C53: Diag_0x10_Fun_032 | D53: Service 0x10 Extended To Default | E53: High | F53: 陈亚-80025578 | G53: Based on analysis of requirements | H53: 1.Power On; | I53: 1.Send DiagBy[Physical]Data[10 01]; 2.Delay[1000]ms; 3.Send DiagBy[Physical]Data[10 03]; 4.Send DiagBy[Funcational]Data[10 01]; | J53: 1.Check DiagData[50 01 00 32 01 F4]Within[50]ms; 3.Check DiagData[50 03 00 32 01 F4]Within[50]ms; 4.Check No_Response Within[50]ms; | L53: Pass
A54: 40 | B54: 1.General 2.DiagnosticServices | C54: Diag_0x10_Fun_033 | D54: Service 0x10 Extended To Programming | E54: High | F54: 陈亚-80025578 | G54: Based on analysis of requirements | H54: 1.Power On; | I54: 1.Send DiagBy[Physical]Data[10 01]; 2.Delay[1000]ms; 3.Send DiagBy[Physical]Data[10 03]; 5.Send DiagBy[Funcational]Data[10 02]; | J54: 1.Check DiagData[50 01 00 32 01 F4]Within[50]ms; 3.Check DiagData[50 03 00 32 01 F4]Within[50]ms; 5.Check No_Response Within[50]ms; | K54: 不支持31 01 02 03 | L54: Fail
A55: 41 | B55: 1.General 2.DiagnosticServices | C55: Diag_0x10_Fun_034 | D55: Service 0x10 Extended To Extended | E55: High | F55: 陈亚-80025578 | G55: Based on analysis of requirements | H55: 1.Power On; | I55: 1.Send DiagBy[Physical]Data[10 01]; 2.Delay[1000]ms; 3.Send DiagBy[Physical]Data[10 03]; 4.Send DiagBy[Funcational]Data[10 03]; | J55: 1.Check DiagData[50 01 00 32 01 F4]Within[50]ms; 3.Check DiagData[50 03 00 32 01 F4]Within[50]ms; 4.Check No_Response Within[50]ms; | L55: Pass
A56: 2.2 SPRMIB Test
A57: 42 | B57: 1.General 2.DiagnosticServices | C57: Diag_0x10_Fun_035 | D57: Default Session to Default Session with SPRMIB PositiveCase-$10 | E57: High | F57: 陈亚-80025578 | G57: Based on analysis of requirements | H57: 1.Power On | I57: 1.Send DiagBy[Physical]Data[10 01]; 2.Send DiagBy[Funcational]Data[10 81]; | J57: 1.Check DiagData[50 01 00 32 01 F4]Within[50]ms; 2.Check No_Response Within[1000]ms; | L57: Pass
A58: 43 | B58: 1.General 2.DiagnosticServices | C58: Diag_0x10_Fun_036 | D58: Default Session to Programming Session with SPRMIB NegativeCase-$10 | E58: High | F58: 陈亚-80025578 | G58: Based on analysis of requirements | H58: 1.Power On | I58: 1.Send DiagBy[Physical]Data[10 01]; 2.Send DiagBy[Funcational]Data[10 82]; | J58: 1.Check DiagData[50 01 00 32 01 F4]Within[50]ms; 2.Check No_Response Within[1000]ms; | L58: Pass
A59: 44 | B59: 1.General 2.DiagnosticServices | C59: Diag_0x10_Fun_037 | D59: Default Session to Extended Session with SPRMIB PositiveCase-$10 | E59: High | F59: 陈亚-80025578 | G59: Based on analysis of requirements | H59: 1.Power On | I59: 1.Send DiagBy[Physical]Data[10 01]; 2.Delay[5000]ms; 3.Send DiagBy[Funcational]Data[10 83]; | J59: 1.Check DiagData[50 01 00 32 01 F4]Within[50]ms; 3.Check No_Response Within[1000]ms; | L59: Pass
A60: 45 | B60: 1.General 2.DiagnosticServices | C60: Diag_0x10_Fun_038 | D60: Programming Session to Programming Session with SPRMIB PositiveCase-$10 | E60: High | F60: 陈亚-80025578 | G60: Based on analysis of requirements | H60: 1.Power On | I60: 1.Send DiagBy[Physical]Data[10 01]; 2.Delay[5000]ms; 3.Send DiagBy[Physical]Data[10 03]; 4.Send DiagBy[Physical]Data[10 02]; 5.Send DiagBy[Funcational]Data[10 81]; | J60: 1.Check DiagData[50 01 00 32 01 F4]Within[50]ms; 3.Check DiagData[50 03 00 32 01 F4]Within[50]ms; 4.Check DiagData[50 02 00 32 01 F4]Within[50]ms; 5.Check No_Response Within[1000]ms; | L60: Block
A61: 46 | B61: 1.General 2.DiagnosticServices | C61: Diag_0x10_Fun_039 | D61: Programming Session to Programming Session with SPRMIB PositiveCase-$10 | E61: High | F61: 陈亚-80025578 | G61: Based on analysis of requirements | H61: 1.Power On | I61: 1.Send DiagBy[Physical]Data[10 01]; 2.Delay[3000]ms; 3.Send DiagBy[Physical]Data[10 03]; 4.Send DiagBy[Physical]Data[10 02]; 5.Send DiagBy[Funcational]Data[10 82]; | J61: 1.Check DiagData[50 01 00 32 01 F4]Within[50]ms; 3.Check DiagData[50 03 00 32 01 F4]Within[50]ms; 4.Check DiagData[50 02 00 32 01 F4]Within[50]ms; 5.Check DiagData[7F 10 12]Within[50]ms; | L61: Block
A62: 47 | B62: 1.General 2.DiagnosticServices | C62: Diag_0x10_Fun_040 | D62: Programming Session to Extented Session with SPRMIB PositiveCase-$10 | E62: High | F62: 陈亚-80025578 | G62: Based on analysis of requirements | H62: 1.Power On | I62: 1.Send DiagBy[Physical]Data[10 01]; 2.Delay[5000]ms; 3.Send DiagBy[Physical]Data[10 03]; 4.Send DiagBy[Physical]Data[10 02]; 5.Send DiagBy[Funcational]Data[10 83]; | J62: 1.Check DiagData[50 01 00 32 01 F4]Within[50]ms; 3.Check DiagData[50 03 00 32 01 F4]Within[50]ms; 4.Check DiagData[50 02 00 32 01 F4]Within[50]ms; 5.Check DiagData[7F 10 22]Within[50]ms; | L62: Block
A63: 48 | B63: 1.General 2.DiagnosticServices | C63: Diag_0x10_Fun_041 | D63: Extended Session to Default Session with SPRMIB PositiveCase-$10 | E63: High | F63: 陈亚-80025578 | G63: Based on analysis of requirements | H63: 1.Power On | I63: 1.Send DiagBy[Physical]Data[10 01]; 2.Delay[5000]ms 3.Send DiagBy[Physical]Data[10 03]; 4.Send DiagBy[Funcational]Data[10 81]; | J63: 1.Check DiagData[50 01 00 32 01 F4]Within[50]ms; 3.Check DiagData[50 03 00 32 01 F4]Within[50]ms; 4.Check No_Response Within[1000]ms; | L63: Pass
A64: 49 | B64: 1.General 2.DiagnosticServices | C64: Diag_0x10_Fun_042 | D64: Extended Session to Programming Session with SPRMIB PositiveCase-$10 | E64: High | F64: 陈亚-80025578 | G64: Based on analysis of requirements | H64: 1.Power On | I64: 1.Send DiagBy[Physical]Data[10 03]; 2.Send DiagBy[Funcational]Data[10 82]; | J64: 1.Check DiagData[50 03 00 32 01 F4]Within[50]ms; 2.Check No_Response Within[1000]ms; | L64: Pass
A65: 50 | B65: 1.General 2.DiagnosticServices | C65: Diag_0x10_Fun_043 | D65: Extended Session to Extended Session with SPRMIB PositiveCase-$10 | E65: High | F65: 陈亚-80025578 | G65: Based on analysis of requirements | H65: 1.Power On | I65: 1.Send DiagBy[Physical]Data[10 03]; 2.Send DiagBy[Funcational]Data[10 83]; | J65: 1.Check DiagData[50 03 00 32 01 F4]Within[50]ms; 2.Check No_Response Within[1000]ms; | L65: Pass
A66: 2.3 Secure Access Test
A67: 51 | B67: 1.General 2.DiagnosticServices | C67: Diag_0x10_Fun_044 | D67: Security access L1 unlock supports jumping to Default Session | E67: High | F67: 陈亚-80025578 | G67: Based on analysis of requirements | H67: 1.Power On; | I67: 1.Send DiagBy[Physical]Data[10 03]; 2.Send DiagBy[Physical]Data[27 01]AndCheckResp[PositiveResponse]; 3.Send Security Right KeyBy[Funcational]Level[0x2] 4.Send DiagBy[Funcational]Data[10 01]; | J67: 1.Check DiagData[50 03 00 32 01 F4]Within[50]ms; 3.Check DiagData[67 02]Within[50]ms; 4.Check No_Response Within[50]ms; | K67: 缺失会话跳转中的01 ，02 | L67: Block
A68: 52 | B68: 1.General 2.DiagnosticServices | C68: Diag_0x10_Fun_045 | D68: Security access L1 unlock supports jumping to Programming Session | E68: High | F68: 陈亚-80025578 | G68: Based on analysis of requirements | H68: 1.Power On; | I68: 1.Send DiagBy[Physical]Data[10 03]; 2.Send DiagBy[Physical]Data[27 01]AndCheckResp[PositiveResponse]; 3.Send Security Right KeyBy[Physical]Level[0x2] 4.Send DiagBy[Funcational]Data[10 02]; | J68: 1.Check DiagData[50 03 00 32 01 F4]Within[50]ms; 3.Check DiagData[67 02]Within[50]ms; 4.Check No_Response Within[50]ms; | L68: Block
A69: 53 | B69: 1.General 2.DiagnosticServices | C69: Diag_0x10_Fun_046 | D69: Security access L1 unlock supports jumping to Extended Session | E69: High | F69: 陈亚-80025578 | G69: Based on analysis of requirements | H69: 1.Power On; | I69: 1.Send DiagBy[Physical]Data[10 01]; 2.Delay[2000]ms; 3.Send DiagBy[Physical]Data[10 03]; 4.Send DiagBy[Physical]Data[27 01]AndCheckResp[PositiveResponse]; 5.Send Security Right KeyBy[Physical]Level[0x2] 6.Send DiagBy[Funcational]Data[10 03]; | J69: 1.Check DiagData[50 01 00 32 01 F4]Within[50]ms; 3.Check DiagData[50 03 00 32 01 F4]Within[50]ms; 5.Check DiagData[67 02]Within[100]ms; 6.Check No_Response Within[1000]ms; | L69: Pass
A70: 2.4 ECU Reset Test
A71: 54 | B71: 1.General 2.DiagnosticServices | C71: Diag_0x10_Fun_047 | D71: ECU Power reset Session returns to the Default Session | E71: Low | F71: 陈亚-80025578 | G71: Based on analysis of requirements | H71: 1.Power On; | I71: 1.Send DiagBy[Physical]Data[10 01]; 2.Delay[1000]ms; 3.Send DiagBy[Funcational]Data[10 03]; 4.Set Voltage[0]V; 5.Delay[3000]ms; 6.Set Voltage[12]V; 7.Delay[3000]ms; 8.Send DiagBy[Physical]Data[27 01]AndCheckResp[0x7F]; | J71: 1.Check DiagData[50 01 00 32 01 F4]Within[50]ms; 3.Check No_Response Within[1000]ms; | L71: Pass
A72: 55 | B72: 1.General 2.DiagnosticServices | C72: Diag_0x10_Fun_048 | D72: ECU Hard Reset reset Session returns to the Default Session | E72: Low | F72: 陈亚-80025578 | G72: Based on analysis of requirements | H72: 1.Power On; | I72: 1.Send DiagBy[Physical]Data[10 01]; 2.Delay[1000]ms; 3.Send DiagBy[Physical]Data[10 03]; 4.Send DiagBy[Funcational]Data[11 01]; 5.Delay[1000]ms; 6.Send DiagBy[Physical]Data[27 01]AndCheckResp[0x7F]; | J72: 1.Check DiagData[50 01 00 32 01 F4]Within[50]ms; 3.Check DiagData[50 03 00 32 01 F4]Within[50]ms; 4.Check DiagData[51 01]Within[50]ms; | K72: 不支持F1 86,验证策略可以改成访问27安全服务，例如：Send DiagBy[Funcational]Data[27 01]AndCheckResp[0x7F]; | L72: Fail
A73: 2.5 Sub-function Traversal Test
A74: 56 | B74: 1.General 2.DiagnosticServices | C74: Diag_0x10_Fun_049 | D74: Subfunction traversal test in the Default Session | E74: Medium | F74: 陈亚-80025578 | G74: Based on analysis of requirements | H74: 1.Power On; | I74: 1.Send DiagBy[Funcational]Data[10 01]; 2.Send SubTraversalBy[Funcational]Service[0x10]Excluding[01 02 03 81 83]AndCheckResp[0]; | J74: 1.Check DiagData[50 01 00 32 01 F4]Within[50]ms; | L74: Pass
A75: 57 | B75: 1.General 2.DiagnosticServices | C75: Diag_0x10_Fun_050 | D75: Subfunction traversal test in the Extended Session | E75: Medium | F75: 陈亚-80025578 | G75: Based on analysis of requirements | H75: 1.Power On; | I75: 1.Send DiagBy[Physical]Data[10 01]; 2.Delay[1000]ms; 3.Send DiagBy[Funcational]Data[10 03]; 4.Send SubTraversalBy[Funcational]Service[0x10]Excluding[01 02 03 81 83]AndCheckResp[0]; | J75: 1.Check DiagData[50 01 00 32 01 F4]Within[50]ms; 3.Check No_Response Within[1000]ms; | L75: Pass
A76: 2.6 S3 Server Timer Test
A77: 18 | B77: 1.General 2.DiagnosticServices | C77: Diag_0x10_Fun_051 | D77: S3Server maintains the Session without timeout | E77: High | F77: 陈亚-80025578 | G77: Based on analysis of requirements | H77: 1.Power On; | I77: 1.Send DiagBy[Physical]Data[10 01]; 2.Delay[1000]ms; 3.Send DiagBy[Funcational]Data[10 03]; 4.Delay[4900]ms; 5.Send DiagBy[Physical]Data[27 01]AndCheckResp[PositiveResponse]; | J77: 1.Check DiagData[50 01 00 32 01 F4]Within[50]ms; 3.Check No_Response Within[1000]ms; | L77: Pass
A78: 19 | B78: 1.General 2.DiagnosticServices | C78: Diag_0x10_Fun_052 | D78: S3Server returns to the default Session upon timeout | E78: High | F78: 陈亚-80025578 | G78: Based on analysis of requirements | H78: 1.Power On; | I78: 1.Send DiagBy[Physical]Data[10 01]; 2.Delay[1000]ms; 3.Send DiagBy[Funcational]Data[10 03]; 4.Delay[5100]ms; 5.Send DiagBy[Physical]Data[27 01]AndCheckResp[0x7F]; | J78: 1.Check DiagData[50 01 00 32 01 F4]Within[50]ms; 3.Check No_Response Within[1000]ms; | L78: Pass
A79: 2.7 Incorrect Diagnostic Command Test
A80: 20 | B80: 1.General 2.DiagnosticServices | C80: Diag_0x10_Fun_053 | D80: Valid SF_DL=2, invalid SF_DL > 2 returns NRC 0x13 | E80: Low | F80: 陈亚-80025578 | G80: Based on analysis of requirements | H80: 1.Power On; | I80: 1.Send DiagBy[Physical]Data[10 01]; 2.Send DiagBy[Funcational]Data[10 01]WithLen[3]; | J80: 1.Check DiagData[50 01 00 32 01 F4]Within[50]ms; 2.Check DiagData[7F 10 13]Within[50]ms; | L80: Pass
A81: 21 | B81: 1.General 2.DiagnosticServices | C81: Diag_0x10_Fun_054 | D81: Valid SF_DL=2, invalid SF_DL < 2 returns NRC 0x13 | E81: Low | F81: 陈亚-80025578 | G81: Based on analysis of requirements | H81: 1.Power On; | I81: 1.Send DiagBy[Physical]Data[10 01]; 2.Send DiagBy[Funcational]Data[10 01]WithLen[1]; | J81: 1.Check DiagData[50 01 00 32 01 F4]Within[50]ms; 2.Check DiagData[7F 10 13]Within[50]ms; | L81: Pass
A82: 2.8 NRC Priority Test
A83: 22 | B83: 1.General 2.DiagnosticServices | C83: Diag_0x10_Fun_055 | D83: NRC 13(min Size) > 12 | E83: High | F83: 陈亚-80025578 | G83: Based on analysis of requirements | H83: 1.Power On; | I83: 1.Send DiagBy[Physical]Data[10 01]; 2.Send DiagBy[Funcational]Data[10 04]WithLen[1]; | J83: 1.Check DiagData[50 01 00 32 01 F4]Within[50]ms; 2.Check DiagData[7F 10 13]Within[50]ms; | L83: Pass
A84: 23 | B84: 1.General 2.DiagnosticServices | C84: Diag_0x10_Fun_056 | D84: NRC 12 > 7E | E84: High | F84: 陈亚-80025578 | G84: Based on analysis of requirements | H84: 1.Power On; | I84: 1.Send DiagBy[Physical]Data[10 03]; 2.Send DiagBy[Physical]Data[10 02]; 3.Send DiagBy[Funcational]Data[10 04]; | J84: 1.Check DiagData[50 03 00 32 01 F4]Within[50]ms; 2.Check DiagData[50 02 00 32 01 F4]Within[50]ms; 3.Check No_Response Within[1000]ms; | L84: Pass
A85: 25 | B85: 1.General 2.DiagnosticServices | C85: Diag_0x10_Fun_057 | D85: NRC 12 > 33 — Voltage condition not met reports NRC 0x22 | E85: High | F85: 陈亚-80025578 | G85: Based on analysis of requirements | H85: 1.Power On; | I85: 1.Send DiagBy[Physical]Data[10 01]; 2.Delay[1000]ms; 3.Send DiagBy[Physical]Data[10 03]; 4.Send DiagBy[Physical]Data[27 01]AndCheckResp[PositiveResponse]; 5.Send Security Right KeyBy[Physical]Level[02]; 6.Send DiagBy[Funcational]Data[10 04]; | J85: 1.Check DiagData[50 01 00 32 01 F4]Within[50]ms; 3.Check DiagData[50 03 00 32 01 F4]Within[50]ms; 5.Check DiagData[67 02]Within[50]ms; 6.Check No_Response Within[1000]ms; | L85: Pass
A86: 3.Boot Service\_Physical Addressing
A87: 3.1 Session Layer Test
A88: 1 | B88: 1.General 2.DiagnosticServices | C88: Diag_0x10_Phy_058 | D88: Service 0x10 Default To Default | E88: High | F88: 陈亚-80025578 | G88: Based on analysis of requirements | H88: 1.Power On; | I88: 1.Send DiagBy[Physical]Data[10 01]; 2.Send DiagBy[Physical]Data[10 01]; | J88: 1.Check DiagData[50 01 00 32 01 F4]Within[50]ms; 2.Check DiagData[50 01 00 32 01 F4]Within[50]ms; | L88: Pass
A89: 2 | B89: 1.General 2.DiagnosticServices | C89: Diag_0x10_Phy_059 | D89: Service 0x10 Default To Programming | E89: High | F89: 陈亚-80025578 | G89: Based on analysis of requirements | H89: 1.Power On; | I89: 1.Send DiagBy[Physical]Data[10 01]; 2.Send DiagBy[Physical]Data[10 02]; | J89: 1.Check DiagData[50 01 00 32 01 F4]Within[50]ms; 2.Check DiagData[7F 10 7E]Within[50]ms; | K89: 默认会话到编程会话，应该恢复NRC 0x7E | L89: Fail
A90: 3 | B90: 1.General 2.DiagnosticServices | C90: Diag_0x10_Phy_060 | D90: Service 0x10 Default To Extended | E90: High | F90: 陈亚-80025578 | G90: Based on analysis of requirements | H90: 1.Power On; | I90: 1.Send DiagBy[Physical]Data[10 01]; 2.Send DiagBy[Physical]Data[10 03]; | J90: 1.Check DiagData[50 01 00 32 01 F4]Within[50]ms; 2.Check DiagData[50 03 00 32 01 F4]Within[50]ms; | L90: Pass
A91: =MAX($A$1:A90)+1 -> 58 | B91: 1.General 2.DiagnosticServices | C91: Diag_0x10_Phy_061 | D91: Programming Session to Default Session PositiveCase-$10 | E91: High | F91: Chris | G91: Based on analysis of requirements | H91: 1.Power On | I91: 1.Send DiagBy[Physical]Data[10 01]; 2.Send DiagBy[Physical]Data[10 03]; 4.Send DiagBy[Physical]Data[10 02]; 5.Send DiagBy[Physical]Data[10 01]; | J91: 1.Check DiagData[50 01 00 32 01 F4]Within[50]ms; 2.Check DiagData[50 03 00 32 01 F4]Within[50]ms; 4.Check DiagData[50 02 00 32 01 F4]Within[50]ms; 5.Check DiagData[50 01 00 32 01 F4]Within[50]ms; | K91: 会话跳转缺失编程开始的场景 | L91: Block
A92: =MAX($A$1:A91)+1 -> 59 | B92: 1.General 2.DiagnosticServices | C92: Diag_0x10_Phy_062 | D92: Programming Session to Programming Session PositiveCase-$10 | E92: High | F92: Chris | G92: Based on analysis of requirements | H92: 1.Power On | I92: 1.Send DiagBy[Physical]Data[10 01]; 2.Send DiagBy[Physical]Data[10 03]; 4.Send DiagBy[Physical]Data[10 02]; 5.Send DiagBy[Physical]Data[10 02]; | J92: 1.Check DiagData[50 01 00 32 01 F4]Within[50]ms; 2.Check DiagData[50 03 00 32 01 F4]Within[50]ms; 4.Check DiagData[50 02 00 32 01 F4]Within[50]ms; 5.Check DiagData[50 02 00 32 01 F4]Within[50]ms; | L92: Block
A93: =MAX($A$1:A92)+1 -> 60 | B93: 1.General 2.DiagnosticServices | C93: Diag_0x10_Phy_063 | D93: Programming Session to Extended Session PositiveCase-$10 | E93: High | F93: Chris | G93: Based on analysis of requirements | H93: 1.Power On | I93: 1.Send DiagBy[Physical]Data[10 01]; 2.Send DiagBy[Physical]Data[10 03]; 4.Send DiagBy[Physical]Data[10 02]; 5.Send DiagBy[Physical]Data[10 03]; | J93: 1.Check DiagData[50 01 00 32 01 F4]Within[50]ms; 2.Check DiagData[50 03 00 32 01 F4]Within[50]ms; 4.Check DiagData[50 02 00 32 01 F4]Within[50]ms; 5.Check DiagData[7F 10 7E]Within[50]ms; | L93: Block
A94: 4 | B94: 1.General 2.DiagnosticServices | C94: Diag_0x10_Phy_064 | D94: Service 0x10 Extended To Default | E94: High | F94: 陈亚-80025578 | G94: Based on analysis of requirements | H94: 1.Power On; | I94: 1.Send DiagBy[Physical]Data[10 01]; 2.Delay[1000]ms; 3.Send DiagBy[Physical]Data[10 03]; 4.Send DiagBy[Physical]Data[10 01]; | J94: 1.Check DiagData[50 01 00 32 01 F4]Within[50]ms; 3.Check DiagData[50 03 00 32 01 F4]Within[50]ms; 4.Check DiagData[50 01 00 32 01 F4]Within[50]ms; | L94: Pass
A95: 5 | B95: 1.General 2.DiagnosticServices | C95: Diag_0x10_Phy_065 | D95: Service 0x10 Extended To Programming | E95: High | F95: 陈亚-80025578 | G95: Based on analysis of requirements | H95: 1.Power On; | I95: 1.Send DiagBy[Physical]Data[10 01]; 2.Delay[1000]ms; 3.Send DiagBy[Physical]Data[10 03]; 5.Send DiagBy[Physical]Data[10 02]; | J95: 1.Check DiagData[50 01 00 32 01 F4]Within[50]ms; 3.Check DiagData[50 03 00 32 01 F4]Within[50]ms; 5.Check DiagData[50 02 00 32 01 F4]Within[50]ms; | K95: 不支持31 01 02 03 | L95: Fail
A96: 6 | B96: 1.General 2.DiagnosticServices | C96: Diag_0x10_Phy_066 | D96: Service 0x10 Extended To Extended | E96: High | F96: 陈亚-80025578 | G96: Based on analysis of requirements | H96: 1.Power On; | I96: 1.Send DiagBy[Physical]Data[10 01]; 2.Delay[1000]ms; 3.Send DiagBy[Physical]Data[10 03]; 4.Send DiagBy[Physical]Data[10 03]; | J96: 1.Check DiagData[50 01 00 32 01 F4]Within[50]ms; 3.Check DiagData[50 03 00 32 01 F4]Within[50]ms; 4.Check DiagData[50 03 00 32 01 F4]Within[50]ms; | L96: Pass
A97: 3.2 SPRMIB Test
B98: 1.General 2.DiagnosticServices | C98: Diag_0x10_Phy_067 | D98: Default Session to Default Session with SPRMIB PositiveCase-$10 | E98: High | F98: 陈亚-80025578 | G98: Based on analysis of requirements | H98: 1.Power On | I98: 1.Send DiagBy[Physical]Data[10 01]; 2.Send DiagBy[Physical]Data[10 81]; | J98: 1.Check DiagData[50 01 00 32 01 F4]Within[50]ms; 2.Check No_Response Within[1000]ms; | L98: Pass
B99: 1.General 2.DiagnosticServices | C99: Diag_0x10_Phy_068 | D99: Default Session to Programming Session with SPRMIB NegativeCase-$10 | E99: High | F99: 陈亚-80025578 | G99: Based on analysis of requirements | H99: 1.Power On | I99: 1.Send DiagBy[Physical]Data[10 01]; 2.Send DiagBy[Physical]Data[10 82]; | J99: 1.Check DiagData[50 01 00 32 01 F4]Within[50]ms; 2.Check DiagData[7F 10 7E]Within[50]ms; | L99: Pass
B100: 1.General 2.DiagnosticServices | C100: Diag_0x10_Phy_069 | D100: Default Session to Extended Session with SPRMIB PositiveCase-$10 | E100: High | F100: 陈亚-80025578 | G100: Based on analysis of requirements | H100: 1.Power On | I100: 1.Send DiagBy[Physical]Data[10 01]; 2.Delay[5000]ms; 3.Send DiagBy[Physical]Data[10 83]; | J100: 1.Check DiagData[50 01 00 32 01 F4]Within[50]ms; 3.Check No_Response Within[1000]ms; | L100: Pass
...

Sheet ECUReset_0x11
B1: Test Level | C1: SYS.5
A2: Sequence Number | B2: System Requirement ID | C2: Test Case | G2: Design Method | H2: Precondition | I2: Test Procedure | J2: Expected Output | K2: Actual Output | L2: Judgement Result | M2: Defect ID
C3: ID | D3: Name | E3: Priority | F3: Author
A4: 1.Application Service_Physical Addressing
A5: 1.1 Session Layer Test
A6: 1 | B6: 1.General 2.DiagnosticServices | C6: Diag_0x11_Phy_001 | D6: Default Session nonsupport 0x11 services | E6: High | F6: 陈亚-80025578 | G6: Based on analysis of requirements | H6: 1.Power On; | I6: 1.Send DiagBy[Physical]Data[10 01]; 2.Send DiagBy[Physical]Data[11 01]; 3.Delay[1000]ms; | J6: 1.Check DiagData[50 01 00 32 00 C8]Within[50]ms; 2.Check DiagData[7F 11 7F]Within[50]ms; | K6: 测试步骤中不应该出现step 1: | L6: Fail
A7: 2 | B7: 1.General 2.DiagnosticServices | C7: Diag_0x11_Phy_002 | D7: Programming Session support the 0x11 service 0x01 subfunction | E7: High | F7: 陈亚-80025578 | G7: Based on analysis of requirements | H7: 1.Power On; | I7: 1.Send DiagBy[Physical]Data[10 01]; 2.Delay[1000]ms; 3.Send DiagBy[Physical]Data[10 03]; 5.Send DiagBy[Physical]Data[10 02]; 6.Send DiagBy[Physical]Data[11 01]; 7.Delay[1000]ms; | J7: 1.Check DiagData[50 01 00 32 00 C8]Within[50]ms; 3.Check DiagData[50 03 00 32 00 C8]Within[50]ms; 5.Check DiagData[50 02 00 32 00 C8]Within[50]ms; 6.Check DiagData[51 01]Within[50]ms; | L7: Pass
A8: 3 | B8: 1.General 2.DiagnosticServices | C8: Diag_0x11_Phy_003 | D8: Extended Session support the 0x11 service 0x01 subfunction | E8: High | F8: 陈亚-80025578 | G8: Based on analysis of requirements | H8: 1.Power On; | I8: 1.Send DiagBy[Physical]Data[10 03]; 2.Send DiagBy[Physical]Data[11 01]; 3.Delay[1000]ms; | J8: 1.Check DiagData[50 03 00 32 00 C8]Within[50]ms; 2.Check DiagData[51 01]Within[50]ms; | L8: Pass
A9: 1.2 SPRMIB Test
A10: 4 | B10: 1.General 2.DiagnosticServices | C10: Diag_0x11_Phy_004 | D10: Default Session nonsupport 0x11 services with SPRMIB | E10: High | F10: 陈亚-80025578 | G10: Based on analysis of requirements | H10: 1.Power On; | I10: 1.Send DiagBy[Physical]Data[10 01]; 2.Send DiagBy[Physical]Data[11 81]; 3.Delay[1000]ms; | J10: 1.Check DiagData[50 01 00 32 00 C8]Within[50]ms; 2.Check DiagData[7F 11 12]Within[50]ms; | K10: 根据需求，suppressPosRspMsgIndicationBit= TRUE (1) (No response) 说明不支持抑制位，所以这里需要回复NRC 12 | L10: Fail
A11: 5 | B11: 1.General 2.DiagnosticServices | C11: Diag_0x11_Phy_005 | D11: Programming Session support the 0x11 service 0x01 subfunction with SPRMIB | E11: High | F11: 陈亚-80025578 | G11: Based on analysis of requirements | H11: 1.Power On; | I11: 1.Send DiagBy[Physical]Data[10 01]; 2.Delay[1000]ms; 3.Send DiagBy[Physical]Data[10 03]; 5.Send DiagBy[Physical]Data[10 02]; 6.Send DiagBy[Physical]Data[11 81]; 7.Delay[1000]ms; | J11: 1.Check DiagData[50 01 00 32 00 C8]Within[50]ms; 3.Check DiagData[50 03 00 32 00 C8]Within[50]ms; 5.Check DiagData[50 02 00 32 00 C8]Within[50]ms; 6.Check DiagData[7F 11 12]Within[50]ms; | K11: 根据需求，suppressPosRspMsgIndicationBit= TRUE (1) (No response) 说明不支持抑制位，所以这里需要回复NRC 12 | L11: Fail
A12: 6 | B12: 1.General 2.DiagnosticServices | C12: Diag_0x11_Phy_006 | D12: Extended Session support the 0x11 service 0x01 subfunction with SPRMIB | E12: High | F12: 陈亚-80025578 | G12: Based on analysis of requirements | H12: 1.Power On; | I12: 1.Send DiagBy[Physical]Data[10 03]; 2.Send DiagBy[Physical]Data[11 81]; 3.Delay[1000]ms; | J12: 1.Check DiagData[50 03 00 32 00 C8]Within[50]ms; 2.Check DiagData[7F 11 12]Within[50]ms; | K12: 根据需求，suppressPosRspMsgIndicationBit= TRUE (1) (No response) 说明不支持抑制位，所以这里需要回复NRC 12 | L12: Fail
A13: 1.3 Secure Access Test
A14: 7 | B14: 1.General 2.DiagnosticServices | C14: Diag_0x11_Phy_007 | D14: Security access L1 unlock supports 0x11 service 0x01 subfunction | E14: High | F14: 陈亚-80025578 | G14: Based on analysis of requirements | H14: 1.Power On; | I14: 1.Send DiagBy[Physical]Data[10 03]; 2.Send DiagBy[Physical]Data[27 01]AndCheckResp[PositiveResponse]; 3.Send Security Right KeyBy[Physical]Level[02]; 4.Send DiagBy[Physical]Data[11 01]; 5.Delay[1000]ms; | J14: 1.Check DiagData[50 03 00 32 00 C8]Within[50]ms; 3.Check DiagData[67 02]Within[50]ms; 4.Check DiagData[51 01]Within[50]ms; | L14: Pass
A15: 1.4.1 Service Reset
A16: 8 | B16: 1.General 2.DiagnosticServices | C16: Diag_0x11_Phy_008 | D16: 0x11 Service 0x01 subfunction non-Default Session to Default Session | E16: High | F16: 陈亚-80025578 | G16: Based on analysis of requirements | H16: 1.Power On; | I16: 1.Send DiagBy[Physical]Data[10 03]; 2.Send DiagBy[Physical]Data[11 01]; 3.Delay[1000]ms; | J16: 1.Check DiagData[50 03 00 32 00 C8]Within[50]ms; 2.Check DiagData[51 01]Within[50]ms; | L16: Pass
A17: 1.4.2 Security Access Reset
A18: 9 | B18: 1.General 2.DiagnosticServices | C18: Diag_0x11_Phy_009 | D18: 0x11 Service 0x01 subfunction Security access reset | E18: High | F18: 陈亚-80025578 | G18: Based on analysis of requirements | H18: 1.Power On; | I18: 1.Send DiagBy[Physical]Data[10 03]; 2.Send DiagBy[Physical]Data[27 01]AndCheckResp[PositiveResponse]; 3.Send Security Right KeyBy[Physical]Level[02]; 4.Send DiagBy[Physical]Data[11 01]; 5.Delay[1000]ms; 7.Send DiagBy[Physical]Data[27 01]; | J18: 1.Check DiagData[50 03 00 32 00 C8]Within[50]ms; 3.Check DiagData[67 02]Within[50]ms; 4.Check DiagData[51 01]Within[50]ms; 7.Check DiagData[7F 27 7F]Within[50]ms; | L18: Pass
A19: 1.4.3 Communication Control State Reset
A20: 10 | B20: 1.General 2.DiagnosticServices | C20: Diag_0x11_Phy_010 | D20: 0x11 Service 0x01 subfunction communication control state reset | E20: High | F20: 陈亚-80025578 | G20: Based on analysis of requirements | H20: 1.Power On; | I20: 1.Send DiagBy[Physical]Data[10 03]; 2.Send DiagBy[Physical]Data[28 01 01]; 3.Send DiagBy[Physical]Data[11 01]; 4.Delay[1000]ms; | J20: 1.Check DiagData[50 03 00 32 00 C8]Within[50]ms; 2.Check DiagData[68 01]Within[50]ms; Check MsgInexist[0x21F]; 3.Check DiagData[51 01]Within[50]ms; Check MsgExist[0x21F]; | K20: 测试过程中，不能出现结果检查 | L20: Fail
A21: 1.5 Sub-function Traversal Test
A22: 11 | B22: 1.General 2.DiagnosticServices | C22: Diag_0x11_Phy_011 | D22: Subfunction traversal test in the Default Session | E22: Medium | F22: 陈亚-80025578 | G22: Based on analysis of requirements | H22: 1.Power On; | I22: 1.Send DiagBy[Physical]Data[10 01]; 2.Send SubTraversalBy[Physical]Service[0x11]Excluding[01 81]AndCheckResp[0x7F]; | J22: 1.Check DiagData[50 01 00 32 00 C8]Within[50]ms; | L22: Pass
A23: 12 | B23: 1.General 2.DiagnosticServices | C23: Diag_0x11_Phy_012 | D23: Subfunction traversal test in the Programming Session | E23: Medium | F23: 陈亚-80025578 | G23: Based on analysis of requirements | H23: 1.Power On; | I23: 1.Send DiagBy[Physical]Data[10 01]; 2.Delay[1000]ms; 3.Send DiagBy[Physical]Data[10 03]; 5.Send DiagBy[Physical]Data[10 02]; 6.Send SubTraversalBy[Physical]Service[0x11]Excluding[01 81]AndCheckResp[0x12]; | J23: 1.Check DiagData[50 01 00 32 00 C8]Within[50]ms; 3.Check DiagData[50 03 00 32 00 C8]Within[50]ms; 5.Check DiagData[50 02 00 32 00 C8]Within[50]ms; | L23: Pass
A24: 13 | B24: 1.General 2.DiagnosticServices | C24: Diag_0x11_Phy_013 | D24: Subfunction traversal test in the Extended Session | E24: Medium | F24: 陈亚-80025578 | G24: Based on analysis of requirements | H24: 1.Power On; | I24: 1.Send DiagBy[Physical]Data[10 03]; 2.Send SubTraversalBy[Physical]Service[0x11]Excluding[01 81]AndCheckResp[0x12]; | J24: 1.Check DiagData[50 03 00 32 00 C8]Within[50]ms; | L24: Pass
A25: SF_DL Error Test
A26: 14 | B26: 1.General 2.DiagnosticServices | C26: Diag_0x11_Phy_014 | D26: Valid SF_DL=2, invalid SF_DL > 2, and those with invalid equivalence class SF_DL=3 NegativeCase-$11 | E26: Low | F26: 陈亚-80025578 | G26: Based on analysis of requirements | H26: 1.Power On; | I26: 1.Send DiagBy[Physics]Data[10 03]; 2.Send DiagBy[Physics]Data[11 01]WithLen[3]; | J26: 1.Check DiagData[50 03 00 32 00 C8]Within[50]ms; 2.Check DiagData[7F 11 13]Within[50]ms; | L26: Pass
A27: 15 | B27: 1.General 2.DiagnosticServices | C27: Diag_0x11_Phy_015 | D27: Valid SF_DL=2, invalid SF_DL < 2, and those with invalid equivalence class SF_DL=1 NegativeCase-$11 | E27: Low | F27: 陈亚-80025578 | G27: Based on analysis of requirements | H27: 1.Power On; | I27: 1.Send DiagBy[Physics]Data[10 03]; 2.Send DiagBy[Physics]Data[11 01]WithLen[1]; | J27: 1.Check DiagData[50 03 00 32 00 C8]Within[50]ms; 2.Check DiagData[7F 11 13]Within[50]ms; | L27: Pass
A28: NRC Priority Test
A29: 16 | B29: 1.General 2.DiagnosticServices | C29: Diag_0x11_Phy_016 | D29: NRC 13(min Size) > 12 | E29: High | F29: 陈亚-80025578 | G29: Based on analysis of requirements | H29: 1.Power On; | I29: 1.Send DiagBy[Physics]Data[10 03]; 2.Send DiagBy[Physics]Data[11 05]WithLen[1]; | J29: 1.Check DiagData[50 01 00 32 00 C8]Within[50]ms; 2.Check DiagData[7F 11 13]Within[50]ms; | L29: Pass
A30: 17 | B30: 1.General 2.DiagnosticServices | C30: Diag_0x11_Phy_017 | D30: NRC 12 > 7F | E30: High | F30: 陈亚-80025578 | G30: Based on analysis of requirements | H30: 1.Power On; | I30: 1.Send DiagBy[Physical]Data[10 01]; 2.Send DiagBy[Physical]Data[11 05]; | J30: 1.Check DiagData[50 01 00 32 00 C8]Within[50]ms; 2.Check DiagData[7F 11 12]Within[50]ms; | L30: Pass
A31: 18 | B31: 1.General 2.DiagnosticServices | C31: Diag_0x11_Phy_018 | D31: NRC 33 > 7F | E31: High | F31: 陈亚-80025578 | G31: Based on analysis of requirements | H31: 1.Power On; | I31: 1.Send DiagBy[Physical]Data[10 03]; 2.Send DiagBy[Physical]Data[27 01]AndCheckResp[PositiveResponse]; 3.Send Security Right KeyBy[Physical]Level[02]; 4.Send DiagBy[Physical]Data[11 01]; | J31: 1.Check DiagData[50 01 00 32 00 C8]Within[50]ms; 3.Check DiagData[67 02]Within[50]ms; 4.Check DiagData[7F 11 33]Within[50]ms; | L31: Pass
A32: 19 | B32: 1.General 2.DiagnosticServices | C32: Diag_0x11_Phy_019 | D32: NRC 22 > 33 | E32: High | F32: 陈亚-80025578 | G32: Based on analysis of requirements | H32: 1.Power On; | I32: 1.Send DiagBy[Physical]Data[10 03]; 2.Send DiagBy[Physical]Data[27 01]AndCheckResp[PositiveResponse]; 3.Send Security Right KeyBy[Physical]Level[02]; 设置车速等于10km/h 4.Set Signal[TachographVehicleSpeed]Value[10]; 5.Send DiagBy[Physical]Data[11 01]; | J32: 1.Check DiagData[50 03 00 32 00 C8]Within[50]ms; 3.Check DiagData[67 02]Within[50]ms; 5.Check DiagData[7F 11 22]Within[50]ms; | L32: Pass
A33: Voltage Condition Test (NRC 0x22)
A34: 20 | B34: 1.General 2.DiagnosticServices | C34: Diag_0x11_Phy_020 | D34: When the preset voltage condition is not met (low voltage), NRC: 0x22 is reported | E34: High | F34: 陈亚-80025578 | G34: Based on analysis of requirements | H34: 1.Power On; | I34: 1.Send DiagBy[Physical]Data[10 03]; 2.Set Voltage[8.0]V; 3.Delay[1000]ms; 4.Send DiagBy[Physical]Data[11 01]; 5.Set Voltage[12]V; | J34: 1.Check DiagData[50 03 00 32 00 C8]Within[50]ms; 4.Check DiagData[7F 11 22]Within[50]ms; | L34: Pass
A35: 21 | B35: 1.General 2.DiagnosticServices | C35: Diag_0x11_Phy_021 | D35: When the preset voltage condition is not met (high voltage), NRC: 0x22 is reported | E35: High | F35: 陈亚-80025578 | G35: Based on analysis of requirements | H35: 1.Power On; | I35: 1.Send DiagBy[Physical]Data[10 03]; 2.Set Voltage[17.0]V; 3.Delay[1000]ms; 4.Send DiagBy[Physical]Data[11 01]; 5.Set Voltage[12]V; | J35: 1.Check DiagData[50 03 00 32 00 C8]Within[50]ms; 4.Check DiagData[7F 11 22]Within[50]ms; | L35: Pass
A36: 1.7 Functional Addressing Test
A37: 22 | B37: 1.General 2.DiagnosticServices | C37: Diag_0x11_Phy_022 | D37: 0x11 Service nonsupport functional addressing subfunction 0x01 | E37: High | F37: 陈亚-80025578 | G37: Based on analysis of requirements | H37: 1.Power On; | I37: 1.Send DiagBy[Physical]Data[10 03]; 2.Send DiagBy[Function]Data[11 01]; 3.Delay[1000]ms; | J37: 1.Check DiagData[50 03 00 32 00 C8]Within[50]ms; 2.Check No_Response Within[1000]ms; | L37: Pass
A38: 23 | B38: 1.General 2.DiagnosticServices | C38: Diag_0x11_Phy_023 | D38: 0x11 Service nonsupport functional addressing subfunction 0x02 | E38: High | F38: 陈亚-80025578 | G38: Based on analysis of requirements | H38: 1.Power On; | I38: 1.Send DiagBy[Physical]Data[10 03]; 2.Send DiagBy[Function]Data[11 02]; 3.Delay[1000]ms; | J38: 1.Check DiagData[50 03 00 32 00 C8]Within[50]ms; 2.Check No_Response Within[1000]ms; | L38: Pass
A39: 24 | B39: 1.General 2.DiagnosticServices | C39: Diag_0x11_Phy_024 | D39: 0x11 Service nonsupport functional addressing subfunction 0x03 | E39: High | F39: 陈亚-80025578 | G39: Based on analysis of requirements | H39: 1.Power On; | I39: 1.Send DiagBy[Physical]Data[10 03]; 2.Send DiagBy[Function]Data[11 03]; 3.Delay[1000]ms; | J39: 1.Check DiagData[50 03 00 32 00 C8]Within[50]ms; 2.Check No_Response Within[1000]ms; | L39: Pass
A40: 3.Boot Service_Physical Addressing
A41: 3.1 Session Layer Test
A42: 1 | B42: 1.General 2.DiagnosticServices | C42: Diag_0x11_Phy_025 | D42: Default Session nonsupport 0x11 services | E42: High | F42: 陈亚-80025578 | G42: Based on analysis of requirements | H42: 1.Power On; | I42: 1.Send DiagBy[Physical]Data[10 01]; 2.Send DiagBy[Physical]Data[11 01]; 3.Delay[1000]ms; | J42: 1.Check DiagData[50 01 00 32 00 C8]Within[50]ms; 2.Check DiagData[7F 11 7F]Within[50]ms; | K42: 测试步骤中不应该出现step 1: | L42: Fail
A43: 2 | B43: 1.General 2.DiagnosticServices | C43: Diag_0x11_Phy_026 | D43: Programming Session support the 0x11 service 0x01 subfunction | E43: High | F43: 陈亚-80025578 | G43: Based on analysis of requirements | H43: 1.Power On; | I43: 1.Send DiagBy[Physical]Data[10 01]; 2.Delay[1000]ms; 3.Send DiagBy[Physical]Data[10 03]; 5.Send DiagBy[Physical]Data[10 02]; 6.Send DiagBy[Physical]Data[11 01]; 7.Delay[1000]ms; | J43: 1.Check DiagData[50 01 00 32 00 C8]Within[50]ms; 3.Check DiagData[50 03 00 32 00 C8]Within[50]ms; 5.Check DiagData[50 02 00 32 00 C8]Within[50]ms; 6.Check DiagData[51 01]Within[50]ms; | L43: Pass
A44: 3 | B44: 1.General 2.DiagnosticServices | C44: Diag_0x11_Phy_027 | D44: Extended Session support the 0x11 service 0x01 subfunction | E44: High | F44: 陈亚-80025578 | G44: Based on analysis of requirements | H44: 1.Power On; | I44: 1.Send DiagBy[Physical]Data[10 03]; 2.Send DiagBy[Physical]Data[11 01]; 3.Delay[1000]ms; | J44: 1.Check DiagData[50 03 00 32 00 C8]Within[50]ms; 2.Check DiagData[51 01]Within[50]ms; | L44: Pass
A45: 1.2 SPRMIB Test
A46: 4 | B46: 1.General 2.DiagnosticServices | C46: Diag_0x11_Phy_028 | D46: Default Session nonsupport 0x11 services with SPRMIB | E46: High | F46: 陈亚-80025578 | G46: Based on analysis of requirements | H46: 1.Power On; | I46: 1.Send DiagBy[Physical]Data[10 01]; 2.Send DiagBy[Physical]Data[11 81]; 3.Delay[1000]ms; | J46: 1.Check DiagData[50 01 00 32 00 C8]Within[50]ms; 2.Check DiagData[7F 11 12]Within[50]ms; | K46: 根据需求，suppressPosRspMsgIndicationBit= TRUE (1) (No response) 说明不支持抑制位，所以这里需要回复NRC 12 | L46: Fail
A47: 5 | B47: 1.General 2.DiagnosticServices | C47: Diag_0x11_Phy_029 | D47: Programming Session support the 0x11 service 0x01 subfunction with SPRMIB | E47: High | F47: 陈亚-80025578 | G47: Based on analysis of requirements | H47: 1.Power On; | I47: 1.Send DiagBy[Physical]Data[10 01]; 2.Delay[1000]ms; 3.Send DiagBy[Physical]Data[10 03]; 5.Send DiagBy[Physical]Data[10 02]; 6.Send DiagBy[Physical]Data[11 81]; 7.Delay[1000]ms; | J47: 1.Check DiagData[50 01 00 32 00 C8]Within[50]ms; 3.Check DiagData[50 03 00 32 00 C8]Within[50]ms; 5.Check DiagData[50 02 00 32 00 C8]Within[50]ms; 6.Check DiagData[7F 11 12]Within[50]ms; | K47: 根据需求，suppressPosRspMsgIndicationBit= TRUE (1) (No response) 说明不支持抑制位，所以这里需要回复NRC 12 | L47: Fail
A48: 6 | B48: 1.General 2.DiagnosticServices | C48: Diag_0x11_Phy_030 | D48: Extended Session support the 0x11 service 0x01 subfunction with SPRMIB | E48: High | F48: 陈亚-80025578 | G48: Based on analysis of requirements | H48: 1.Power On; | I48: 1.Send DiagBy[Physical]Data[10 03]; 2.Send DiagBy[Physical]Data[11 81]; 3.Delay[1000]ms; | J48: 1.Check DiagData[50 03 00 32 00 C8]Within[50]ms; 2.Check DiagData[7F 11 12]Within[50]ms; | K48: 根据需求，suppressPosRspMsgIndicationBit= TRUE (1) (No response) 说明不支持抑制位，所以这里需要回复NRC 12 | L48: Fail
A49: 1.3 Secure Access Test
A50: 7 | B50: 1.General 2.DiagnosticServices | C50: Diag_0x11_Phy_031 | D50: Security access L1 unlock supports 0x11 service 0x01 subfunction | E50: High | F50: 陈亚-80025578 | G50: Based on analysis of requirements | H50: 1.Power On; | I50: 1.Send DiagBy[Physical]Data[10 03]; 2.Send DiagBy[Physical]Data[27 01]AndCheckResp[PositiveResponse]; 3.Send Security Right KeyBy[Physical]Level[02]; 4.Send DiagBy[Physical]Data[11 01]; 5.Delay[1000]ms; | J50: 1.Check DiagData[50 03 00 32 00 C8]Within[50]ms; 3.Check DiagData[67 02]Within[50]ms; 4.Check DiagData[51 01]Within[50]ms; | L50: Pass
A51: 1.4.1 Service Reset
A52: 8 | B52: 1.General 2.DiagnosticServices | C52: Diag_0x11_Phy_032 | D52: 0x11 Service 0x01 subfunction non-Default Session to Default Session | E52: High | F52: 陈亚-80025578 | G52: Based on analysis of requirements | H52: 1.Power On; | I52: 1.Send DiagBy[Physical]Data[10 03]; 2.Send DiagBy[Physical]Data[11 01]; 3.Delay[1000]ms; | J52: 1.Check DiagData[50 03 00 32 00 C8]Within[50]ms; 2.Check DiagData[51 01]Within[50]ms; | L52: Pass
A53: 1.4.2 Security Access Reset
A54: 9 | B54: 1.General 2.DiagnosticServices | C54: Diag_0x11_Phy_033 | D54: 0x11 Service 0x01 subfunction Security access reset | E54: High | F54: 陈亚-80025578 | G54: Based on analysis of requirements | H54: 1.Power On; | I54: 1.Send DiagBy[Physical]Data[10 03]; 2.Send DiagBy[Physical]Data[27 01]AndCheckResp[PositiveResponse]; 3.Send Security Right KeyBy[Physical]Level[02]; 4.Send DiagBy[Physical]Data[11 01]; 5.Delay[1000]ms; 7.Send DiagBy[Physical]Data[27 01]; | J54: 1.Check DiagData[50 03 00 32 00 C8]Within[50]ms; 3.Check DiagData[67 02]Within[50]ms; 4.Check DiagData[51 01]Within[50]ms; 7.Check DiagData[7F 27 7F]Within[50]ms; | L54: Pass
A55: 1.4.3 Communication Control State Reset
A56: 10 | B56: 1.General 2.DiagnosticServices | C56: Diag_0x11_Phy_034 | D56: 0x11 Service 0x01 subfunction communication control state reset | E56: High | F56: 陈亚-80025578 | G56: Based on analysis of requirements | H56: 1.Power On; | I56: 1.Send DiagBy[Physical]Data[10 03]; 2.Send DiagBy[Physical]Data[28 01 01]; 3.Send DiagBy[Physical]Data[11 01]; 4.Delay[1000]ms; | J56: 1.Check DiagData[50 03 00 32 00 C8]Within[50]ms; 2.Check DiagData[68 01]Within[50]ms; Check MsgInexist[0x21F]; 3.Check DiagData[51 01]Within[50]ms; Check MsgExist[0x21F]; | K56: 测试过程中，不能出现结果检查 | L56: Fail
A57: 1.5 Sub-function Traversal Test
A58: 11 | B58: 1.General 2.DiagnosticServices | C58: Diag_0x11_Phy_035 | D58: Subfunction traversal test in the Default Session | E58: Medium | F58: 陈亚-80025578 | G58: Based on analysis of requirements | H58: 1.Power On; | I58: 1.Send DiagBy[Physical]Data[10 01]; 2.Send SubTraversalBy[Physical]Service[0x11]Excluding[01 81]AndCheckResp[0x7F]; | J58: 1.Check DiagData[50 01 00 32 00 C8]Within[50]ms; | L58: Pass
A59: 12 | B59: 1.General 2.DiagnosticServices | C59: Diag_0x11_Phy_036 | D59: Subfunction traversal test in the Programming Session | E59: Medium | F59: 陈亚-80025578 | G59: Based on analysis of requirements | H59: 1.Power On; | I59: 1.Send DiagBy[Physical]Data[10 01]; 2.Delay[1000]ms; 3.Send DiagBy[Physical]Data[10 03]; 5.Send DiagBy[Physical]Data[10 02]; 6.Send SubTraversalBy[Physical]Service[0x11]Excluding[01 81]AndCheckResp[0x12]; | J59: 1.Check DiagData[50 01 00 32 00 C8]Within[50]ms; 3.Check DiagData[50 03 00 32 00 C8]Within[50]ms; 5.Check DiagData[50 02 00 32 00 C8]Within[50]ms; | L59: Pass
A60: 13 | B60: 1.General 2.DiagnosticServices | C60: Diag_0x11_Phy_037 | D60: Subfunction traversal test in the Extended Session | E60: Medium | F60: 陈亚-80025578 | G60: Based on analysis of requirements | H60: 1.Power On; | I60: 1.Send DiagBy[Physical]Data[10 03]; 2.Send SubTraversalBy[Physical]Service[0x11]Excluding[01 81]AndCheckResp[0x12]; | J60: 1.Check DiagData[50 03 00 32 00 C8]Within[50]ms; | L60: Pass
A61: SF_DL Error Test
A62: 14 | B62: 1.General 2.DiagnosticServices | C62: Diag_0x11_Phy_038 | D62: Valid SF_DL=2, invalid SF_DL > 2, and those with invalid equivalence class SF_DL=3 NegativeCase-$11 | E62: Low | F62: 陈亚-80025578 | G62: Based on analysis of requirements | H62: 1.Power On; | I62: 1.Send DiagBy[Physics]Data[10 03]; 2.Send DiagBy[Physics]Data[11 01]WithLen[3]; | J62: 1.Check DiagData[50 03 00 32 00 C8]Within[50]ms; 2.Check DiagData[7F 11 13]Within[50]ms; | L62: Pass
A63: 15 | B63: 1.General 2.DiagnosticServices | C63: Diag_0x11_Phy_039 | D63: Valid SF_DL=2, invalid SF_DL < 2, and those with invalid equivalence class SF_DL=1 NegativeCase-$11 | E63: Low | F63: 陈亚-80025578 | G63: Based on analysis of requirements | H63: 1.Power On; | I63: 1.Send DiagBy[Physics]Data[10 03]; 2.Send DiagBy[Physics]Data[11 01]WithLen[1]; | J63: 1.Check DiagData[50 03 00 32 00 C8]Within[50]ms; 2.Check DiagData[7F 11 13]Within[50]ms; | L63: Pass
A64: NRC Priority Test
A65: 16 | B65: 1.General 2.DiagnosticServices | C65: Diag_0x11_Phy_040 | D65: NRC 13(min Size) > 12 | E65: High | F65: 陈亚-80025578 | G65: Based on analysis of requirements | H65: 1.Power On; | I65: 1.Send DiagBy[Physics]Data[10 03]; 2.Send DiagBy[Physics]Data[11 05]WithLen[1]; | J65: 1.Check DiagData[50 01 00 32 00 C8]Within[50]ms; 2.Check DiagData[7F 11 13]Within[50]ms; | L65: Pass
A66: 17 | B66: 1.General 2.DiagnosticServices | C66: Diag_0x11_Phy_041 | D66: NRC 12 > 7F | E66: High | F66: 陈亚-80025578 | G66: Based on analysis of requirements | H66: 1.Power On; | I66: 1.Send DiagBy[Physical]Data[10 01]; 2.Send DiagBy[Physical]Data[11 05]; | J66: 1.Check DiagData[50 01 00 32 00 C8]Within[50]ms; 2.Check DiagData[7F 11 12]Within[50]ms; | L66: Pass
A67: 18 | B67: 1.General 2.DiagnosticServices | C67: Diag_0x11_Phy_042 | D67: NRC 33 > 7F | E67: High | F67: 陈亚-80025578 | G67: Based on analysis of requirements | H67: 1.Power On; | I67: 1.Send DiagBy[Physical]Data[10 03]; 2.Send DiagBy[Physical]Data[27 01]AndCheckResp[PositiveResponse]; 3.Send Security Right KeyBy[Physical]Level[02]; 4.Send DiagBy[Physical]Data[11 01]; | J67: 1.Check DiagData[50 01 00 32 00 C8]Within[50]ms; 3.Check DiagData[67 02]Within[50]ms; 4.Check DiagData[7F 11 33]Within[50]ms; | L67: Pass
A68: 19 | B68: 1.General 2.DiagnosticServices | C68: Diag_0x11_Phy_043 | D68: NRC 22 > 33 | E68: High | F68: 陈亚-80025578 | G68: Based on analysis of requirements | H68: 1.Power On; | I68: 1.Send DiagBy[Physical]Data[10 03]; 2.Send DiagBy[Physical]Data[27 01]AndCheckResp[PositiveResponse]; 3.Send Security Right KeyBy[Physical]Level[02]; 设置车速等于10km/h 4.Set Signal[TachographVehicleSpeed]Value[10]; 5.Send DiagBy[Physical]Data[11 01]; | J68: 1.Check DiagData[50 03 00 32 00 C8]Within[50]ms; 3.Check DiagData[67 02]Within[50]ms; 5.Check DiagData[7F 11 22]Within[50]ms; | L68: Pass
A69: Voltage Condition Test (NRC 0x22)
A70: 20 | B70: 1.General 2.DiagnosticServices | C70: Diag_0x11_Phy_044 | D70: When the preset voltage condition is not met (low voltage), NRC: 0x22 is reported | E70: High | F70: 陈亚-80025578 | G70: Based on analysis of requirements | H70: 1.Power On; | I70: 1.Send DiagBy[Physical]Data[10 03]; 2.Set Voltage[8.0]V; 3.Delay[1000]ms; 4.Send DiagBy[Physical]Data[11 01]; 5.Set Voltage[12]V; | J70: 1.Check DiagData[50 03 00 32 00 C8]Within[50]ms; 4.Check DiagData[7F 11 22]Within[50]ms; | L70: Pass
A71: 21 | B71: 1.General 2.DiagnosticServices | C71: Diag_0x11_Phy_045 | D71: When the preset voltage condition is not met (high voltage), NRC: 0x22 is reported | E71: High | F71: 陈亚-80025578 | G71: Based on analysis of requirements | H71: 1.Power On; | I71: 1.Send DiagBy[Physical]Data[10 03]; 2.Set Voltage[17.0]V; 3.Delay[1000]ms; 4.Send DiagBy[Physical]Data[11 01]; 5.Set Voltage[12]V; | J71: 1.Check DiagData[50 03 00 32 00 C8]Within[50]ms; 4.Check DiagData[7F 11 22]Within[50]ms; | L71: Pass
A72: 1.7 Functional Addressing Test
A73: 22 | B73: 1.General 2.DiagnosticServices | C73: Diag_0x11_Fun_046 | D73: 0x11 Service nonsupport functional addressing subfunction 0x01 | E73: High | F73: 陈亚-80025578 | G73: Based on analysis of requirements | H73: 1.Power On; | I73: 1.Send DiagBy[Physical]Data[10 03]; 2.Send DiagBy[Function]Data[11 01]; 3.Delay[1000]ms; | J73: 1.Check DiagData[50 03 00 32 00 C8]Within[50]ms; 2.Check No_Response Within[1000]ms; | L73: Pass
A74: 23 | B74: 1.General 2.DiagnosticServices | C74: Diag_0x11_Fun_047 | D74: 0x11 Service nonsupport functional addressing subfunction 0x02 | E74: High | F74: 陈亚-80025578 | G74: Based on analysis of requirements | H74: 1.Power On; | I74: 1.Send DiagBy[Physical]Data[10 03]; 2.Send DiagBy[Function]Data[11 02]; 3.Delay[1000]ms; | J74: 1.Check DiagData[50 03 00 32 00 C8]Within[50]ms; 2.Check No_Response Within[1000]ms; | L74: Pass
A75: 24 | B75: 1.General 2.DiagnosticServices | C75: Diag_0x11_Fun_048 | D75: 0x11 Service nonsupport functional addressing subfunction 0x03 | E75: High | F75: 陈亚-80025578 | G75: Based on analysis of requirements | H75: 1.Power On; | I75: 1.Send DiagBy[Physical]Data[10 03]; 2.Send DiagBy[Function]Data[11 03]; 3.Delay[1000]ms; | J75: 1.Check DiagData[50 03 00 32 00 C8]Within[50]ms; 2.Check No_Response Within[1000]ms; | L75: Pass

Sheet ClearDiagnosticInformation_0x14
B1: Test Level | C1: SYS.5
A2: Sequence Number | B2: System Requirement ID | C2: Test Case | G2: Design Method | H2: Precondition | I2: Test Procedure | J2: Expected Output | K2: Actual Output | L2: Judgement Result | M2: Defect ID
C3: ID | D3: Name | E3: Priority | F3: Author
A4: 1.Application Service_Physical Addressing
A5: 1.1 Session Layer Test
A6: 1 | B6: 1.General 2.DiagnosticServices | C6: Diag_0x14_Phy_001 | D6: Default Session support 0x14 services | E6: High | F6: 陈亚-80025578 | G6: Based on analysis of requirements | H6: 1.Power On; | I6: 1.Send DiagBy[Physical]Data[10 01]; 2.Send DiagBy[Physical]Data[14 FF FF FF]; | J6: 1.Check DiagData[50 01 00 32 00 C8]Within[50]ms; 2.Check DiagData[54]Within[50]ms; | K6: Service 0x14在诊断调查表中不支持，Test case中需要回复NRC 0x11，而不是回复正向应 0x54 | L6: Fail
A7: 2 | B7: 1.General 2.DiagnosticServices | C7: Diag_0x14_Phy_002 | D7: Programming Session nonsupport 0x14 services | E7: High | F7: 陈亚-80025578 | G7: Based on analysis of requirements | H7: 1.Power On; | I7: 1.Send DiagBy[Physical]Data[10 01]; 2.Delay[1000]ms; 3.Send DiagBy[Physical]Data[10 03]; 5.Send DiagBy[Physical]Data[10 02]; 6.Send DiagBy[Physical]Data[14 FF FF FF]; | J7: 1.Check DiagData[50 01 00 32 00 C8]Within[50]ms; 2.No Check; 3.Check DiagData[50 03 00 32 00 C8]Within[50]ms; 5.Check DiagData[50 02 00 32 00 C8]Within[50]ms; 6.Check DiagData[7F 14 7F]Within[50]ms; | K7: Service 0x14在诊断调查表中不支持，Test case中需要回复NRC 0x11，而不是回复正向应 0x54 | L7: Fail
A8: 3 | B8: 1.General 2.DiagnosticServices | C8: Diag_0x14_Phy_003 | D8: Extended Session support 0x14 services | E8: High | F8: 陈亚-80025578 | G8: Based on analysis of requirements | H8: 1.Power On; | I8: 1.Send DiagBy[Physical]Data[10 03]; 2.Send DiagBy[Physical]Data[14 FF FF FF]; | J8: 1.Check DiagData[50 03 00 32 00 C8]Within[50]ms; 2.Check DiagData[54]Within[50]ms; | K8: Service 0x14在诊断调查表中不支持，Test case中需要回复NRC 0x11，而不是回复正向应 0x54 | L8: Fail
A9: 1.2 Secure Access Test
A10: 4 | B10: 1.General 2.DiagnosticServices | C10: Diag_0x14_Phy_004 | D10: Security access L1 unlock supports 0x14 services | E10: High | F10: 陈亚-80025578 | G10: Based on analysis of requirements | H10: 1.Power On; | I10: 1.Send DiagBy[Physical]Data[10 03]; 2.Send DiagBy[Physical]Data[27 01]AndCheckResp[PositiveResponse]; 3.Send Security Right KeyBy[Physical]Level[02]; 4.Send DiagBy[Physical]Data[14 FF FF FF]; | J10: 1.Check DiagData[50 03 00 32 00 C8]Within[50]ms; 3.Check DiagData[67 02]Within[50]ms; 4.Check DiagData[54]Within[50]ms; | L10: Fail
A11: 1.3 Clear DTC Function Test
A12: 6 | B12: 1.General 2.DiagnosticServices | C12: Diag_0x14_Phy_006 | D12: Failure is not recorded supports 0x14 Service | E12: High | F12: 陈亚-80025578 | G12: Based on analysis of requirements | H12: 1.Power On; | I12: 1.Send DiagBy[Physical]Data[10 03]; 2.Send DiagBy[Physical]Data[19 02 FF]; 3.Send DiagBy[Physical]Data[14 FF FF FF]; 4.Send DiagBy[Physical]Data[19 02 FF]; | J12: 1.Check DiagData[50 03 00 32 00 C8]Within[50]ms; 2.Check DiagData[59 02 09]Within[50]ms; 3.Check DiagData[54]Within[50]ms; 4.Check DiagData[59 02 09]Within[50]ms; | L12: Fail
A13: 7 | B13: 1.General 2.DiagnosticServices | C13: Diag_0x14_Phy_007 | D13: 0x14 service cleared 1 fault with status "09" | E13: High | F13: 陈亚-80025578 | G13: Based on analysis of requirements | H13: 1.Power On; | I13: 1.Send DiagBy[Physical]Data[10 03]; 2.Set Voltage[16.3]V; 3.Delay[2000]ms; 4.Send DiagBy[Physical]Data[19 02 FF]; 5.Send DiagBy[Physical]Data[14 FF FF FF]; 6.Send DiagBy[Physical]Data[19 02 FF]; 7.Set Voltage[13.5]V; 8.Delay[2000]ms; | J13: 1.Check DiagData[50 03 00 32 00 C8]Within[50]ms; 4.Check DiagData[59 02 FF XX XX XX 09]Within[50]ms; 5.Check DiagData[54]Within[50]ms; 6.Check DiagData[59 02 FF]Within[50]ms; | L13: Fail
A14: 8 | B14: 1.General 2.DiagnosticServices | C14: Diag_0x14_Phy_008 | D14: 0x14 service cleared multiple fault with status "09" | E14: High | F14: 陈亚-80025578 | G14: Based on analysis of requirements | H14: 1.Power On; | I14: 1.Send DiagBy[Physical]Data[10 03]; 2.Delay[1000]ms; 3.Send DiagBy[Physical]Data[19 02 FF]; 4.Send DiagBy[Physical]Data[14 FF FF FF]; 5.Send DiagBy[Physical]Data[19 02 FF]; | J14: 1.Check DiagData[50 03 00 32 00 C8]Within[50]ms; 3.Check DiagData[59 02 FF XX XX XX 09 XX XX XX 09]Within[50]ms; 4.Check DiagData[54]Within[50]ms; 5.Check DiagData[59 02 FF]Within[50]ms; | L14: Fail
A15: 9 | B15: 1.General 2.DiagnosticServices | C15: Diag_0x14_Phy_009 | D15: 0x14 service cleared 1 fault with status "08" | E15: High | F15: 陈亚-80025578 | G15: Based on analysis of requirements | H15: 1.Power On; | I15: 1.Send DiagBy[Physical]Data[10 03]; 2.Set Voltage[16.5]V; 3.Delay[2000]ms; 4.Set Voltage[13.5]V; 5.Delay[2000]ms; 6.Send DiagBy[Physical]Data[19 02 FF]; 7.Send DiagBy[Physical]Data[14 FF FF FF]; 8.Send DiagBy[Physical]Data[19 02 FF]; | J15: 1.Check DiagData[50 03 00 32 00 C8]Within[50]ms; 6.Check DiagData[59 02 FF XX XX XX 08]Within[50]ms; 7.Check DiagData[54]Within[50]ms; 8.Check DiagData[59 02 FF]Within[50]ms; | L15: Fail
A16: 10 | B16: 1.General 2.DiagnosticServices | C16: Diag_0x14_Phy_010 | D16: 0x14 service cleared multiple fault with status "08" | E16: High | F16: 陈亚-80025578 | G16: Based on analysis of requirements | H16: 1.Power On; | I16: 1.Send DiagBy[Physical]Data[10 03]; 2.Delay[1000]ms; 3.Send DiagBy[Physical]Data[19 02 FF]; 4.Send DiagBy[Physical]Data[14 FF FF FF]; 5.Send DiagBy[Physical]Data[19 02 FF]; | J16: 1.Check DiagData[50 03 00 32 00 C8]Within[50]ms; 3.Check DiagData[59 02 FF XX XX XX 08 XX XX XX 08]Within[50]ms; 4.Check DiagData[54]Within[50]ms; 5.Check DiagData[59 02 FF]Within[50]ms; | L16: Fail
A17: 1.4 Incorrect Diagnostic Command Test
A18: 11 | B18: 1.General 2.DiagnosticServices | C18: Diag_0x14_Phy_011 | D18: Valid SF_DL=4, invalid SF_DL > 4, and those with invalid equivalence class SF_DL=5 | E18: Low | F18: 陈亚-80025578 | G18: Based on analysis of requirements | H18: 1.Power On; | I18: 1.Send DiagBy[Physical]Data[10 03]; 2.Send DiagBy[Physical]Data[14 FF FF FF]WithLen[5]; | J18: 1.Check DiagData[50 03 00 32 00 C8]Within[50]ms; 2.Check DiagData[7F 14 13]Within[50]ms; | L18: Fail
A19: 12 | B19: 1.General 2.DiagnosticServices | C19: Diag_0x14_Phy_012 | D19: Valid SF_DL=4, invalid SF_DL < 4, and those with invalid equivalence class SF_DL=3 | E19: Low | F19: 陈亚-80025578 | G19: Based on analysis of requirements | H19: 1.Power On; | I19: 1.Send DiagBy[Physical]Data[10 03]; 2.Send DiagBy[Physical]Data[14 FF FF FF]WithLen[3]; | J19: 1.Check DiagData[50 03 00 32 00 C8]Within[50]ms; 2.Check DiagData[7F 14 13]Within[50]ms; | L19: Fail
A20: 1.5 NRC Priority Test
A21: 13 | B21: 1.General 2.DiagnosticServices | C21: Diag_0x14_Phy_013 | D21: NRC 13>31 | E21: High | F21: 陈亚-80025578 | G21: Based on analysis of requirements | H21: 1.Power On; | I21: 1.Send DiagBy[Physical]Data[10 03]; 2.Send DiagBy[Physical]Data[14 00 FF FF]WithLen[5]; | J21: 1.Check DiagData[50 03 00 32 00 C8]Within[50]ms; 2.Check DiagData[7F 14 13]Within[50]ms; | L21: Fail
A22: 2.Application Service_Functional Addressing
A23: 2.1 Session Layer Test
A24: 14 | B24: 1.General 2.DiagnosticServices | C24: Diag_0x14_Fun_001 | D24: Default Session support 0x14 services | E24: High | F24: 陈亚-80025578 | G24: Based on analysis of requirements | H24: 1.Power On; | I24: 1.Send DiagBy[Physical]Data[10 01]; 2.Send DiagBy[Function]Data[14 FF FF FF]; | J24: 1.Check DiagData[50 01 00 32 00 C8]Within[50]ms; 2.Check No_Response Within[1000]ms; | L24: Fail
A25: 15 | B25: 1.General 2.DiagnosticServices | C25: Diag_0x14_Fun_002 | D25: Programming Session nonsupport 0x14 services | E25: High | F25: 陈亚-80025578 | G25: Based on analysis of requirements | H25: 1.Power On; | I25: 1.Send DiagBy[Physical]Data[10 01]; 2.Delay[1000]ms; 3.Send DiagBy[Physical]Data[10 03]; 5.Send DiagBy[Physical]Data[10 02]; 6.Send DiagBy[Function]Data[14 FF FF FF]; | J25: 1.Check DiagData[50 01 00 32 00 C8]Within[50]ms; 2.No Check; 3.Check DiagData[50 03 00 32 00 C8]Within[50]ms; 5.Check DiagData[50 02 00 32 00 C8]Within[50]ms; 6.Check No_Response Within[1000]ms; | L25: Fail
A26: 16 | B26: 1.General 2.DiagnosticServices | C26: Diag_0x14_Fun_003 | D26: Extended Session support 0x14 services | E26: High | F26: 陈亚-80025578 | G26: Based on analysis of requirements | H26: 1.Power On; | I26: 1.Send DiagBy[Physical]Data[10 03]; 2.Send DiagBy[Function]Data[14 FF FF FF]; | J26: 1.Check DiagData[50 03 00 32 00 C8]Within[50]ms; 2.Check No_Response Within[1000]ms; | L26: Fail
A27: 2.2 Secure Access Test
A28: 17 | B28: 1.General 2.DiagnosticServices | C28: Diag_0x14_Fun_004 | D28: Security access L1 unlock supports 0x14 services | E28: High | F28: 陈亚-80025578 | G28: Based on analysis of requirements | H28: 1.Power On; | I28: 1.Send DiagBy[Physical]Data[10 03]; 2.Send DiagBy[Physical]Data[27 01]AndCheckResp[PositiveResponse]; 3.Send Security Right KeyBy[Physical]Level[02]; 4.Send DiagBy[Function]Data[14 FF FF FF]; | J28: 1.Check DiagData[50 03 00 32 00 C8]Within[50]ms; 3.Check DiagData[67 02]Within[50]ms; 4.Check No_Response Within[1000]ms; | L28: Fail
A29: 18 | B29: 1.General 2.DiagnosticServices | C29: Diag_0x14_Fun_005 | D29: Security access L2 unlock supports 0x14 services | E29: High | F29: 陈亚-80025578 | G29: Based on analysis of requirements | H29: 1.Power On; | I29: 1.Send DiagBy[Physical]Data[10 03]; 2.Send DiagBy[Physical]Data[27 03]AndCheckResp[PositiveResponse]; 3.Send Security Right KeyBy[Physical]Level[04]; 4.Send DiagBy[Function]Data[14 FF FF FF]; | J29: 1.Check DiagData[50 03 00 32 00 C8]Within[50]ms; 3.Check DiagData[67 04]Within[50]ms; 4.Check No_Response Within[1000]ms; | L29: Fail
A30: 2.3 Clear DTC Function Test
A31: 19 | B31: 1.General 2.DiagnosticServices | C31: Diag_0x14_Fun_006 | D31: Failure is not recorded supports 0x14 Service | E31: High | F31: 陈亚-80025578 | G31: Based on analysis of requirements | H31: 1.Power On; | I31: 1.Send DiagBy[Physical]Data[10 03]; 2.Send DiagBy[Physical]Data[19 02 FF]; 3.Send DiagBy[Function]Data[14 FF FF FF]; 4.Send DiagBy[Physical]Data[19 02 FF]; | J31: 1.Check DiagData[50 03 00 32 00 C8]Within[50]ms; 2.Check DiagData[59 02 FF]Within[50]ms; 3.Check No_Response Within[1000]ms; 4.Check DiagData[59 02 FF]Within[50]ms; | L31: Fail
A32: 20 | B32: 1.General 2.DiagnosticServices | C32: Diag_0x14_Fun_007 | D32: 0x14 service cleared 1 fault with status "09" | E32: High | F32: 陈亚-80025578 | G32: Based on analysis of requirements | H32: 1.Power On; | I32: 1.Send DiagBy[Physical]Data[10 03]; 2.Set Voltage[16.3]V; 3.Delay[2000]ms; 4.Send DiagBy[Physical]Data[19 02 FF]; 5.Send DiagBy[Function]Data[14 FF FF FF]; 6.Send DiagBy[Physical]Data[19 02 FF]; 7.Set Voltage[13.5]V; 8.Delay[2000]ms; | J32: 1.Check DiagData[50 03 00 32 00 C8]Within[50]ms; 4.Check DiagData[59 02 FF XX XX XX 09]Within[50]ms; 5.Check No_Response Within[1000]ms; 6.Check DiagData[59 02 FF]Within[50]ms; | L32: Fail
A33: 21 | B33: 1.General 2.DiagnosticServices | C33: Diag_0x14_Fun_008 | D33: 0x14 service cleared multiple fault with status "09" | E33: High | F33: 陈亚-80025578 | G33: Based on analysis of requirements | H33: 1.Power On; | I33: 1.Send DiagBy[Physical]Data[10 03]; 2.Delay[1000]ms; 3.Send DiagBy[Physical]Data[19 02 FF]; 4.Send DiagBy[Function]Data[14 FF FF FF]; 5.Send DiagBy[Physical]Data[19 02 FF]; | J33: 1.Check DiagData[50 03 00 32 00 C8]Within[50]ms; 3.Check DiagData[59 02 FF XX XX XX 09 XX XX XX 09]Within[50]ms; 4.Check No_Response Within[1000]ms; 5.Check DiagData[59 02 FF]Within[50]ms; | L33: Fail
A34: 22 | B34: 1.General 2.DiagnosticServices | C34: Diag_0x14_Fun_009 | D34: 0x14 service cleared 1 fault with status "08" | E34: High | F34: 陈亚-80025578 | G34: Based on analysis of requirements | H34: 1.Power On; | I34: 1.Send DiagBy[Physical]Data[10 03]; 2.Set Voltage[16.5]V; 3.Delay[2000]ms; 4.Set Voltage[13.5]V; 5.Delay[2000]ms; 6.Send DiagBy[Physical]Data[19 02 FF]; 7.Send DiagBy[Function]Data[14 FF FF FF]; 8.Send DiagBy[Physical]Data[19 02 FF]; | J34: 1.Check DiagData[50 03 00 32 00 C8]Within[50]ms; 6.Check DiagData[59 02 FF XX XX XX 08]Within[50]ms; 7.Check No_Response Within[1000]ms; 8.Check DiagData[59 02 FF]Within[50]ms; | L34: Fail
A35: 23 | B35: 1.General 2.DiagnosticServices | C35: Diag_0x14_Fun_010 | D35: 0x14 service cleared multiple fault with status "08" | E35: High | F35: 陈亚-80025578 | G35: Based on analysis of requirements | H35: 1.Power On; | I35: 1.Send DiagBy[Physical]Data[10 03]; 2.Delay[1000]ms; 3.Send DiagBy[Physical]Data[19 02 FF]; 4.Send DiagBy[Function]Data[14 FF FF FF]; 5.Send DiagBy[Physical]Data[19 02 FF]; | J35: 1.Check DiagData[50 03 00 32 00 C8]Within[50]ms; 3.Check DiagData[59 02 FF XX XX XX 08 XX XX XX 08]Within[50]ms; 4.Check No_Response Within[1000]ms; 5.Check DiagData[59 02 FF]Within[50]ms; | L35: Fail
A36: 2.4 Incorrect Diagnostic Command Test
A37: 24 | B37: 1.General 2.DiagnosticServices | C37: Diag_0x14_Fun_011 | D37: Valid SF_DL=4, invalid SF_DL > 4, and those with invalid equivalence class SF_DL=5 | E37: Low | F37: 陈亚-80025578 | G37: Based on analysis of requirements | H37: 1.Power On; | I37: 1.Send DiagBy[Physical]Data[10 03]; 2.Send DiagBy[Function]Data[14 FF FF FF]WithLen[5]; | J37: 1.Check DiagData[50 03 00 32 00 C8]Within[50]ms; 2.Check No_Response Within[1000]ms; | L37: Fail
A38: 25 | B38: 1.General 2.DiagnosticServices | C38: Diag_0x14_Fun_012 | D38: Valid SF_DL=4, invalid SF_DL < 4, and those with invalid equivalence class SF_DL=3 | E38: Low | F38: 陈亚-80025578 | G38: Based on analysis of requirements | H38: 1.Power On; | I38: 1.Send DiagBy[Physical]Data[10 03]; 2.Send DiagBy[Function]Data[14 FF FF FF]WithLen[3]; | J38: 1.Check DiagData[50 03 00 32 00 C8]Within[50]ms; 2.Check No_Response Within[1000]ms; | L38: Fail
A39: 2.5 NRC Priority Test
A40: 26 | B40: 1.General 2.DiagnosticServices | C40: Diag_0x14_Fun_013 | D40: NRC 13>31 | E40: High | F40: 陈亚-80025578 | G40: Based on analysis of requirements | H40: 1.Power On; | I40: 1.Send DiagBy[Physical]Data[10 03]; 2.Send DiagBy[Function]Data[14 00 FF FF]WithLen[5]; | J40: 1.Check DiagData[50 03 00 32 00 C8]Within[50]ms; 2.Check No_Response Within[1000]ms; | L40: Fail
A41: 3.Boot Service_Physical Addressing
A42: 3.1 Session Layer Test
A43: 27 | B43: 1.General 2.DiagnosticServices | C43: Diag_0x14_Phy_014 | D43: Default Session nonsupport 0x14 services in Boot | E43: High | F43: 陈亚-80025578 | G43: Based on analysis of requirements | H43: 1.Power On; | I43: 1.Send DiagBy[Physical]Data[10 01]; 2.Delay[1000]ms; 3.Send DiagBy[Physical]Data[10 03]; 5.Send DiagBy[Physical]Data[10 02]; 6.Send DiagBy[Physical]Data[10 01]; 7.Send DiagBy[Physical]Data[14 FF FF FF]; | J43: 1.Check DiagData[50 01 00 32 00 C8]Within[50]ms; 2.No Check; 3.Check DiagData[50 03 00 32 00 C8]Within[50]ms; 5.Check DiagData[50 02 00 32 00 C8]Within[50]ms; 6.Check DiagData[50 01 00 32 00 C8]Within[50]ms; 7.Check DiagData[7F 14 11]Within[50]ms; | L43: Fail
A44: 28 | B44: 1.General 2.DiagnosticServices | C44: Diag_0x14_Phy_015 | D44: Programming Session nonsupport 0x14 services in Boot | E44: High | F44: 陈亚-80025578 | G44: Based on analysis of requirements | H44: 1.Power On; | I44: 1.Send DiagBy[Physical]Data[10 01]; 2.Delay[1000]ms; 3.Send DiagBy[Physical]Data[10 03]; 5.Send DiagBy[Physical]Data[10 02]; 6.Send DiagBy[Physical]Data[14 FF FF FF]; | J44: 1.Check DiagData[50 01 00 32 00 C8]Within[50]ms; 2.No Check; 3.Check DiagData[50 03 00 32 00 C8]Within[50]ms; 5.Check DiagData[50 02 00 32 00 C8]Within[50]ms; 6.Check DiagData[7F 14 11]Within[50]ms; | L44: Fail
A45: 29 | B45: 1.General 2.DiagnosticServices | C45: Diag_0x14_Phy_016 | D45: Extended Session nonsupport 0x14 services in Boot | E45: High | F45: 陈亚-80025578 | G45: Based on analysis of requirements | H45: 1.Power On; | I45: 1.Send DiagBy[Physical]Data[10 01]; 2.Delay[1000]ms; 3.Send DiagBy[Physical]Data[10 03]; 5.Send DiagBy[Physical]Data[10 02]; 6.Send DiagBy[Physical]Data[10 03]; 7.Send DiagBy[Physical]Data[14 FF FF FF]; | J45: 1.Check DiagData[50 01 00 32 00 C8]Within[50]ms; 2.No Check; 3.Check DiagData[50 03 00 32 00 C8]Within[50]ms; 5.Check DiagData[50 02 00 32 00 C8]Within[50]ms; 6.Check DiagData[50 03 00 32 00 C8]Within[50]ms; 7.Check DiagData[7F 14 11]Within[50]ms; | L45: Fail
A46: 4.Boot Service_Functional Addressing
A47: 4.1 Session Layer Test
A48: 30 | B48: 1.General 2.DiagnosticServices | C48: Diag_0x14_Fun_014 | D48: Default Session nonsupport 0x14 services in Boot | E48: High | F48: 陈亚-80025578 | G48: Based on analysis of requirements | H48: 1.Power On; | I48: 1.Send DiagBy[Physical]Data[10 01]; 2.Delay[1000]ms; 3.Send DiagBy[Physical]Data[10 03]; 5.Send DiagBy[Physical]Data[10 02]; 6.Send DiagBy[Physical]Data[10 01]; 7.Send DiagBy[Function]Data[14 FF FF FF]; | J48: 1.Check DiagData[50 01 00 32 00 C8]Within[50]ms; 2.No Check; 3.Check DiagData[50 03 00 32 00 C8]Within[50]ms; 5.Check DiagData[50 02 00 32 00 C8]Within[50]ms; 6.Check DiagData[50 01 00 32 00 C8]Within[50]ms; 7.Check No_Response Within[1000]ms; | L48: Fail
A49: 31 | B49: 1.General 2.DiagnosticServices | C49: Diag_0x14_Fun_015 | D49: Programming Session nonsupport 0x14 services in Boot | E49: High | F49: 陈亚-80025578 | G49: Based on analysis of requirements | H49: 1.Power On; | I49: 1.Send DiagBy[Physical]Data[10 01]; 2.Delay[1000]ms; 3.Send DiagBy[Physical]Data[10 03]; 5.Send DiagBy[Physical]Data[10 02]; 6.Send DiagBy[Function]Data[14 FF FF FF]; | J49: 1.Check DiagData[50 01 00 32 00 C8]Within[50]ms; 2.No Check; 3.Check DiagData[50 03 00 32 00 C8]Within[50]ms; 4.Check DiagData[71 01 02 03 00]Within[50]ms; 5.Check DiagData[50 02 00 32 00 C8]Within[50]ms; 6.Check No_Response Within[1000]ms; | L49: Fail
A50: 32 | B50: 1.General 2.DiagnosticServices | C50: Diag_0x14_Fun_016 | D50: Extended Session nonsupport 0x14 services in Boot | E50: High | F50: 陈亚-80025578 | G50: Based on analysis of requirements | H50: 1.Power On; | I50: 1.Send DiagBy[Physical]Data[10 01]; 2.Delay[1000]ms; 3.Send DiagBy[Physical]Data[10 03]; 5.Send DiagBy[Physical]Data[10 02]; 6.Send DiagBy[Physical]Data[10 03]; 7.Send DiagBy[Function]Data[14 FF FF FF]; | J50: 1.Check DiagData[50 01 00 32 00 C8]Within[50]ms; 2.No Check; 3.Check DiagData[50 03 00 32 00 C8]Within[50]ms; 5.Check DiagData[50 02 00 32 00 C8]Within[50]ms; 6.Check DiagData[50 03 00 32 00 C8]Within[50]ms; 7.Check No_Response Within[1000]ms; | L50: Fail

Sheet ClearDiagnosticIn_0x14_confirm
B1: Test Level | C1: SYS.5
A2: Sequence Number | B2: System Requirement ID | C2: Test Case | G2: Design Method | H2: Precondition | I2: Test Procedure | J2: Expected Output | K2: Actual Output | L2: Judgement Result | M2: Defect ID
C3: ID | D3: Name | E3: Priority | F3: Author
A4: 1.Application Service_Physical Addressing
A5: 1.1 Session Layer Test
A6: 1 | B6: 1.General 2.DiagnosticServices | C6: Diag_0x14_Phy_001 | D6: Default Session support 0x14 services | E6: High | F6: 陈亚-80025578 | G6: Based on analysis of requirements | H6: 1.Power On; | I6: 1.Send DiagBy[Physical]Data[10 01]; 2.Send DiagBy[Physical]Data[14 FF FF FF]; | J6: 1.Check DiagData[50 01 00 32 00 C8]Within[50]ms; 2.Check DiagData[7F 14 11]Within[50]ms;
A7: 2 | B7: 1.General 2.DiagnosticServices | C7: Diag_0x14_Phy_002 | D7: Programming Session nonsupport 0x14 services | E7: High | F7: 陈亚-80025578 | G7: Based on analysis of requirements | H7: 1.Power On; | I7: 1.Send DiagBy[Physical]Data[10 01]; 2.Delay[1000]ms; 3.Send DiagBy[Physical]Data[10 03]; 4.Send DiagBy[Physical]Data[10 02]; 5.Send DiagBy[Physical]Data[14 FF FF FF]; | J7: 1.Check DiagData[50 01 00 32 00 C8]Within[50]ms; 3.Check DiagData[50 03 00 32 00 C8]Within[50]ms; 4.Check DiagData[50 02 00 32 00 C8]Within[50]ms; 5.Check DiagData[7F 14 11]Within[50]ms;
A8: 3 | B8: 1.General 2.DiagnosticServices | C8: Diag_0x14_Phy_003 | D8: Extended Session support 0x14 services | E8: High | F8: 陈亚-80025578 | G8: Based on analysis of requirements | H8: 1.Power On; | I8: 1.Send DiagBy[Physical]Data[10 03]; 2.Send DiagBy[Physical]Data[14 FF FF FF]; | J8: 1.Check DiagData[50 03 00 32 00 C8]Within[50]ms; 2.Check DiagData[7F 14 11]Within[50]ms;

Sheet ReadDTCInformation_0x19
B1: Test Level | C1: SYS.5
A2: Sequence Number | B2: System Requirement ID | C2: Test Case | G2: Design Method | H2: Precondition | I2: Test Procedure | J2: Expected Output | K2: Actual Output | L2: Judgement Result | M2: Defect ID
C3: ID | D3: Name | E3: Priority | F3: Author
A4: 1 | B4: 1.General 2.DiagnosticServices | C4: Diag_0x19_Phy_001 | D4: Default Session support 0x19 services | E4: High | F4: 陈亚-80025578 | G4: Based on analysis of requirements | H4: 1.Power On; | I4: 1.Send DiagBy[Physical]Data[10 01]; 2.Send DiagBy[Physical]Data[19 01]; | J4: 1.Check DiagData[50 01 00 32 00 C8]Within[50]ms; 2.Check DiagData[7F 19 11]Within[50]ms; | L4: Block
A5: 2 | B5: 1.General 2.DiagnosticServices | C5: Diag_0x19_Phy_002 | D5: Programming Session nonsupport 0x19 services | E5: High | F5: 陈亚-80025578 | G5: Based on analysis of requirements | H5: 1.Power On; | I5: 1.Send DiagBy[Physical]Data[10 01]; 2.Delay[1000]ms; 3.Send DiagBy[Physical]Data[10 03]; 4.Send DiagBy[Physical]Data[10 02]; 5.Send DiagBy[Physical]Data[19 01]; | J5: 1.Check DiagData[50 01 00 32 00 C8]Within[50]ms; 3.Check DiagData[50 03 00 32 00 C8]Within[50]ms; 4.Check DiagData[50 02 00 32 00 C8]Within[50]ms; 5.Check DiagData[7F 19 11]Within[50]ms; | L5: Block
A6: 3 | B6: 1.General 2.DiagnosticServices | C6: Diag_0x19_Phy_003 | D6: Extended Session support 0x19 services | E6: High | F6: 陈亚-80025578 | G6: Based on analysis of requirements | H6: 1.Power On; | I6: 1.Send DiagBy[Physical]Data[10 03]; 2.Send DiagBy[Physical]Data[19 01]; | J6: 1.Check DiagData[50 03 00 32 00 C8]Within[50]ms; 2.Check DiagData[7F 19 11]Within[50]ms; | L6: Block

Sheet ReadDataByIdentifier_0x22
B1: Test Level | C1: SYS.5
A2: Sequence Number | B2: System Requirement ID | C2: Test Case | G2: Design Method | H2: Precondition | I2: Test Procedure | J2: Expected Output | K2: Actual Output | L2: Judgement Result | M2: Defect ID
C3: ID | D3: Name | E3: Priority | F3: Author
A4: Service 0x22 ReadDataByIdentifier 测试用例 ---SV/HU-L
A5: 1.1 Session Layer Test (APP)
A6: 1 | B6: 1.General 2.DiagnosticServices | C6: Diag_0x22_Phy_001 | D6: Default Session supports reading DID: 0xF6C3 PositiveCase-$22 | E6: High | F6: 陈亚-80025578 | G6: Based on analysis of requirements | H6: 1.Power On; | I6: 1.Send DiagBy[Physical]Data[10 01]; 2.Send DiagBy[Physical]Data[22 F6 C3]; | J6: 1.Check DiagData[50 01 00 32 00 C8]Within[50]ms; 2.Check DiagData[62 F6 C3 xx xx xx xx xx]Within[50]ms; | K6: 1.测试过程与检验结果中缺少编号 2.测试过程不应该出现check结果 | L6: Fail
A7: 2 | B7: 1.General 2.DiagnosticServices | C7: Diag_0x22_Phy_002 | D7: Default Session supports reading DID: 0xF6C4 PositiveCase-$22 | E7: High | F7: 陈亚-80025578 | G7: Based on analysis of requirements | H7: 1.Power On; | I7: 1.Send DiagBy[Physical]Data[10 01]; 2.Send DiagBy[Physical]Data[22 F6 C4]; | J7: 1.Check DiagData[50 01 00 32 00 C8]Within[50]ms; SV软件编码： 2.Check DiagData[62 F6 C4 00 54 00 13 2B 8F 00 00 00]Within[50]ms; | L7: Fail
A8: 3 | B8: 1.General 2.DiagnosticServices | C8: Diag_0x22_Phy_003 | D8: Default Session supports reading DID: 0xF6C5 PositiveCase-$22 | E8: High | F8: 陈亚-80025578 | G8: Based on analysis of requirements | H8: 1.Power On; | I8: 1.Send DiagBy[Physical]Data[10 01]; 2.Send DiagBy[Physical]Data[22 F6 C5]; | J8: 1.Check DiagData[50 01 00 32 00 C8]Within[50]ms; 版本号：0.00.01 2.Check DiagData[62 F6 C5 00 00 00 00 00 00]Within[50]ms; | L8: Fail
A9: 4 | B9: 1.General 2.DiagnosticServices | C9: Diag_0x22_Phy_004 | D9: Default Session supports reading DID: 0xF6C0 PositiveCase-$22 | E9: High | F9: 陈亚-80025578 | G9: Based on analysis of requirements | H9: 1.Power On; | I9: 1.Send DiagBy[Physical]Data[10 01]; 2.Send DiagBy[Physical]Data[22 F6 C0]; | J9: 1.Check DiagData[50 01 00 32 00 C8]Within[50]ms; 2.Check DiagData[62 F6 C0 xx xx xx xx xx xx xx xx xx]Within[50]ms; | L9: Fail
A10: 1 | B10: 1.General 2.DiagnosticServices | C10: Diag_0x22_Phy_005 | D10: Extended Session supports reading DID: 0xF6C3 PositiveCase-$22 | E10: High | F10: 陈亚-80025578 | G10: Based on analysis of requirements | H10: 1.Power On; | I10: 1.Send DiagBy[Physical]Data[10 03]; 2.Send DiagBy[Physical]Data[22 F6 C3]; | J10: 1.Check DiagData[50 03 00 32 00 C8]Within[50]ms; 2.Check DiagData[62 F6 C3 xx xx xx xx xx]Within[50]ms; | K10: 1.测试过程与检验结果中缺少编号 2.测试过程不应该出现check结果 | L10: Fail
A11: 2 | B11: 1.General 2.DiagnosticServices | C11: Diag_0x22_Phy_006 | D11: Extended Session supports reading DID: 0xF6C4 PositiveCase-$22 | E11: High | F11: 陈亚-80025578 | G11: Based on analysis of requirements | H11: 1.Power On; | I11: 1.Send DiagBy[Physical]Data[10 03]; 2.Send DiagBy[Physical]Data[22 F6 C4]; | J11: 1.Check DiagData[50 03 00 32 00 C8]Within[50]ms; SV软件编码： 2.Check DiagData[62 F6 C4 00 54 00 13 2B 8F 00 00 00]Within[50]ms; | L11: Fail
A12: 3 | B12: 1.General 2.DiagnosticServices | C12: Diag_0x22_Phy_007 | D12: Extended Session supports reading DID: 0xF6C5 PositiveCase-$22 | E12: High | F12: 陈亚-80025578 | G12: Based on analysis of requirements | H12: 1.Power On; | I12: 1.Send DiagBy[Physical]Data[10 03]; 2.Send DiagBy[Physical]Data[22 F6 C5]; | J12: 1.Check DiagData[50 03 00 32 00 C8]Within[50]ms; 版本号：0.00.01 2.Check DiagData[62 F6 C5 00 00 00 00 00 00]Within[50]ms; | L12: Fail
A13: 4 | B13: 1.General 2.DiagnosticServices | C13: Diag_0x22_Phy_008 | D13: Extended Session supports reading DID: 0xF6C0 PositiveCase-$22 | E13: High | F13: 陈亚-80025578 | G13: Based on analysis of requirements | H13: 1.Power On; | I13: 1.Send DiagBy[Physical]Data[10 03]; 2.Send DiagBy[Physical]Data[22 F6 C0]; | J13: 1.Check DiagData[50 03 00 32 00 C8]Within[50]ms; 2.Check DiagData[62 F6 C0 xx xx xx xx xx xx xx xx xx]Within[50]ms; | L13: Fail
A14: 1 | B14: 1.General 2.DiagnosticServices | C14: Diag_0x22_Phy_009 | D14: Programme Session supports reading DID: 0xF6C3 PositiveCase-$22 | E14: High | F14: 陈亚-80025578 | G14: Based on analysis of requirements | H14: 1.Power On; | I14: 1.Send DiagBy[Physical]Data[10 03]; 2.Send DiagBy[Physical]Data[10 02]; 3.Send DiagBy[Physical]Data[22 F6 C3]; | J14: 1.Check DiagData[50 03 00 32 00 C8]Within[50]ms; 2.Check DiagData[50 02 00 32 00 C8]Within[50]ms; 3.Check DiagData[62 F6 C3 xx xx xx xx xx]Within[50]ms; | K14: 1.测试过程与检验结果中缺少编号 2.测试过程不应该出现check结果 | L14: Fail
A15: 2 | B15: 1.General 2.DiagnosticServices | C15: Diag_0x22_Phy_010 | D15: Programme Session supports reading DID: 0xF6C4 PositiveCase-$22 | E15: High | F15: 陈亚-80025578 | G15: Based on analysis of requirements | H15: 1.Power On; | I15: 1.Send DiagBy[Physical]Data[10 03]; 2.Send DiagBy[Physical]Data[10 02]; 3.Send DiagBy[Physical]Data[22 F6 C4]; | J15: 1.Check DiagData[50 03 00 32 00 C8]Within[50]ms; 2.Check DiagData[50 02 00 32 00 C8]Within[50]ms; SV软件编码： 3.Check DiagData[62 F6 C4 00 54 00 13 2B 8F 00 00 00]Within[50]ms; | L15: Fail
A16: 3 | B16: 1.General 2.DiagnosticServices | C16: Diag_0x22_Phy_011 | D16: Programme Session supports reading DID: 0xF6C5 PositiveCase-$22 | E16: High | F16: 陈亚-80025578 | G16: Based on analysis of requirements | H16: 1.Power On; | I16: 1.Send DiagBy[Physical]Data[10 03]; 2.Send DiagBy[Physical]Data[10 02]; 3.Send DiagBy[Physical]Data[22 F6 C5]; | J16: 1.Check DiagData[50 03 00 32 00 C8]Within[50]ms; 2.Check DiagData[50 02 00 32 00 C8]Within[50]ms; 版本号：0.00.01 3.Check DiagData[62 F6 C5 00 00 00 00 00 00]Within[50]ms; | L16: Fail
A17: 4 | B17: 1.General 2.DiagnosticServices | C17: Diag_0x22_Phy_012 | D17: Programme Session supports reading DID: 0xF6C0 PositiveCase-$22 | E17: High | F17: 陈亚-80025578 | G17: Based on analysis of requirements | H17: 1.Power On; | I17: 1.Send DiagBy[Physical]Data[10 03]; 2.Send DiagBy[Physical]Data[10 02]; 3.Send DiagBy[Physical]Data[22 F6 C0]; | J17: 1.Check DiagData[50 03 00 32 00 C8]Within[50]ms; 2.Check DiagData[50 02 00 32 00 C8]Within[50]ms; 3.Check DiagData[62 F6 C0 xx xx xx xx xx xx xx xx xx]Within[50]ms; | L17: Fail
A18: 1.2 Session Layer Test (Function)
A19: 1 | B19: 1.General 2.DiagnosticServices | C19: Diag_0x22_Fun_013 | D19: Default Session supports reading DID: 0xF6C3 PositiveCase-$22 | E19: High | F19: 陈亚-80025578 | G19: Based on analysis of requirements | H19: 1.Power On; | I19: 1.Send DiagBy[Physical]Data[10 01]; 2.Send DiagBy[Functional]Data[22 F6 C3]; | J19: 1.Check DiagData[50 01 00 32 00 C8]Within[50]ms; 2.Check No_ResponseWithin[1000]ms; | K19: 1.测试过程与检验结果中缺少编号 2.测试过程不应该出现check结果 | L19: Fail
A20: 2 | B20: 1.General 2.DiagnosticServices | C20: Diag_0x22_Fun_014 | D20: Default Session supports reading DID: 0xF6C4 PositiveCase-$22 | E20: High | F20: 陈亚-80025578 | G20: Based on analysis of requirements | H20: 1.Power On; | I20: 1.Send DiagBy[Physical]Data[10 01]; 2.Send DiagBy[Functional]Data[22 F6 C4]; | J20: 1.Check DiagData[50 01 00 32 00 C8]Within[50]ms; SV软件编码： 2.Check No_ResponseWithin[1000]ms; | L20: Fail
A21: 3 | B21: 1.General 2.DiagnosticServices | C21: Diag_0x22_Fun_015 | D21: Default Session supports reading DID: 0xF6C5 PositiveCase-$22 | E21: High | F21: 陈亚-80025578 | G21: Based on analysis of requirements | H21: 1.Power On; | I21: 1.Send DiagBy[Physical]Data[10 01]; 2.Send DiagBy[Functional]Data[22 F6 C5]; | J21: 1.Check DiagData[50 01 00 32 00 C8]Within[50]ms; 版本号：0.00.01 2.Check No_ResponseWithin[1000]ms; | L21: Fail
A22: 4 | B22: 1.General 2.DiagnosticServices | C22: Diag_0x22_Fun_016 | D22: Default Session supports reading DID: 0xF6C0 PositiveCase-$22 | E22: High | F22: 陈亚-80025578 | G22: Based on analysis of requirements | H22: 1.Power On; | I22: 1.Send DiagBy[Physical]Data[10 01]; 2.Send DiagBy[Functional]Data[22 F6 C0]; | J22: 1.Check DiagData[50 01 00 32 00 C8]Within[50]ms; 2.Check No_ResponseWithin[1000]ms; | L22: Fail
A23: 1 | B23: 1.General 2.DiagnosticServices | C23: Diag_0x22_Fun_017 | D23: Extended Session supports reading DID: 0xF6C3 PositiveCase-$22 | E23: High | F23: 陈亚-80025578 | G23: Based on analysis of requirements | H23: 1.Power On; | I23: 1.Send DiagBy[Physical]Data[10 03]; 2.Send DiagBy[Functional]Data[22 F6 C3]; | J23: 1.Check DiagData[50 03 00 32 00 C8]Within[50]ms; 2.Check No_ResponseWithin[1000]ms; | K23: 1.测试过程与检验结果中缺少编号 2.测试过程不应该出现check结果 | L23: Fail
A24: 2 | B24: 1.General 2.DiagnosticServices | C24: Diag_0x22_Fun_018 | D24: Extended Session supports reading DID: 0xF6C4 PositiveCase-$22 | E24: High | F24: 陈亚-80025578 | G24: Based on analysis of requirements | H24: 1.Power On; | I24: 1.Send DiagBy[Physical]Data[10 03]; 2.Send DiagBy[Functional]Data[22 F6 C4]; | J24: 1.Check DiagData[50 03 00 32 00 C8]Within[50]ms; SV软件编码： 2.Check No_ResponseWithin[1000]ms; | L24: Fail
A25: 3 | B25: 1.General 2.DiagnosticServices | C25: Diag_0x22_Fun_019 | D25: Extended Session supports reading DID: 0xF6C5 PositiveCase-$22 | E25: High | F25: 陈亚-80025578 | G25: Based on analysis of requirements | H25: 1.Power On; | I25: 1.Send DiagBy[Physical]Data[10 03]; 2.Send DiagBy[Functional]Data[22 F6 C5]; | J25: 1.Check DiagData[50 03 00 32 00 C8]Within[50]ms; 版本号：0.00.01 2.Check No_ResponseWithin[1000]ms; | L25: Fail
A26: 4 | B26: 1.General 2.DiagnosticServices | C26: Diag_0x22_Fun_020 | D26: Extended Session supports reading DID: 0xF6C0 PositiveCase-$22 | E26: High | F26: 陈亚-80025578 | G26: Based on analysis of requirements | H26: 1.Power On; | I26: 1.Send DiagBy[Physical]Data[10 03]; 2.Send DiagBy[Functional]Data[22 F6 C0]; | J26: 1.Check DiagData[50 03 00 32 00 C8]Within[50]ms; 2.Check No_ResponseWithin[1000]ms; | L26: Fail
A27: 1 | B27: 1.General 2.DiagnosticServices | C27: Diag_0x22_Fun_021 | D27: Programme Session supports reading DID: 0xF6C3 PositiveCase-$22 | E27: High | F27: 陈亚-80025578 | G27: Based on analysis of requirements | H27: 1.Power On; | I27: 1.Send DiagBy[Physical]Data[10 03]; 2.Send DiagBy[Physical]Data[10 02]; 3.Send DiagBy[Functional]Data[22 F6 C3]; | J27: 1.Check DiagData[50 03 00 32 00 C8]Within[50]ms; 2.Check DiagData[50 02 00 32 00 C8]Within[50]ms; 3.Check No_ResponseWithin[1000]ms; | K27: 1.测试过程与检验结果中缺少编号 2.测试过程不应该出现check结果 | L27: Fail
A28: 2 | B28: 1.General 2.DiagnosticServices | C28: Diag_0x22_Fun_022 | D28: Programme Session supports reading DID: 0xF6C4 PositiveCase-$22 | E28: High | F28: 陈亚-80025578 | G28: Based on analysis of requirements | H28: 1.Power On; | I28: 1.Send DiagBy[Physical]Data[10 03]; 2.Send DiagBy[Physical]Data[10 02]; 3.Send DiagBy[Functional]Data[22 F6 C4]; | J28: 1.Check DiagData[50 03 00 32 00 C8]Within[50]ms; 2.Check DiagData[50 02 00 32 00 C8]Within[50]ms; SV软件编码： 3.Check No_ResponseWithin[1000]ms; | L28: Fail
A29: 3 | B29: 1.General 2.DiagnosticServices | C29: Diag_0x22_Fun_023 | D29: Programme Session supports reading DID: 0xF6C5 PositiveCase-$22 | E29: High | F29: 陈亚-80025578 | G29: Based on analysis of requirements | H29: 1.Power On; | I29: 1.Send DiagBy[Physical]Data[10 03]; 2.Send DiagBy[Physical]Data[10 02]; 3.Send DiagBy[Functional]Data[22 F6 C5]; | J29: 1.Check DiagData[50 03 00 32 00 C8]Within[50]ms; 2.Check DiagData[50 02 00 32 00 C8]Within[50]ms; 版本号：0.00.01 3.Check No_ResponseWithin[1000]ms; | L29: Fail
A30: 4 | B30: 1.General 2.DiagnosticServices | C30: Diag_0x22_Fun_024 | D30: Programme Session supports reading DID: 0xF6C0 PositiveCase-$22 | E30: High | F30: 陈亚-80025578 | G30: Based on analysis of requirements | H30: 1.Power On; | I30: 1.Send DiagBy[Physical]Data[10 03]; 2.Send DiagBy[Physical]Data[10 02]; 3.Send DiagBy[Functional]Data[22 F6 C0]; | J30: 1.Check DiagData[50 03 00 32 00 C8]Within[50]ms; 2.Check DiagData[50 02 00 32 00 C8]Within[50]ms; 3.Check No_ResponseWithin[1000]ms; | L30: Fail
A31: 1.3 NRC test
B32: 1.General 2.DiagnosticServices | C32: Diag_0x22_Fun_025 | D32: Programing Session NRC 0x31 | E32: Low | F32: 陈亚-80025578 | G32: Based on analysis of requirements | H32: 1.Power On | I32: 1.Send DiagBy[Physical]Data[10 03 ]; 2.Send DiagBy[Physical]Data[22 F6 C0 F1]; | J32: 1.Check DiagData[50 03 00 32 01 F4]Within[50]ms; 2.Check DiagData[7F 22 31]Within[50]ms; | L32: Fail
B33: 1.General 2.DiagnosticServices | C33: Diag_0x22_Fun_026 | D33: Programing Session NRC 0x13>0x31 | E33: Low | F33: 陈亚-80025578 | G33: Based on analysis of requirements | H33: 1.Power On | I33: 1.Send DiagBy[Physical]Data[10 03 ]; 2.Send DiagBy[Physical]Data[22 F6 C0]WithLen[3]; | J33: 1.Check DiagData[50 03 00 32 01 F4]Within[50]ms; 2.Check DiagData[7F 22 13]Within[50]ms; | L33: Fail
A34: 1.3 Boot Session Layer Test
A35: 1 | B35: 1.General 2.DiagnosticServices | C35: Diag_0x22_Phy_027 | D35: Default Session supports reading DID: 0xF6C3 PositiveCase-$22 | E35: High | F35: 陈亚-80025578 | G35: Based on analysis of requirements | H35: 1.Power On; | I35: 1.Send DiagBy[Physical]Data[10 01]; 2.Send DiagBy[Physical]Data[22 F6 C3]; | J35: 1.Check DiagData[50 01 00 32 00 C8]Within[50]ms; 2.Check DiagData[62 F6 C3 xx xx xx xx xx]Within[50]ms; | K35: 1.测试过程与检验结果中缺少编号 2.测试过程不应该出现check结果 | L35: Fail
A36: 2 | B36: 1.General 2.DiagnosticServices | C36: Diag_0x22_Phy_028 | D36: Default Session supports reading DID: 0xF6C4 PositiveCase-$22 | E36: High | F36: 陈亚-80025578 | G36: Based on analysis of requirements | H36: 1.Power On; | I36: 1.Send DiagBy[Physical]Data[10 01]; 2.Send DiagBy[Physical]Data[22 F6 C4]; | J36: 1.Check DiagData[50 01 00 32 00 C8]Within[50]ms; SV软件编码： 2.Check DiagData[62 F6 C4 00 54 00 13 2B 8F 00 00 00]Within[50]ms; | L36: Fail
A37: 3 | B37: 1.General 2.DiagnosticServices | C37: Diag_0x22_Phy_029 | D37: Default Session supports reading DID: 0xF6C5 PositiveCase-$22 | E37: High | F37: 陈亚-80025578 | G37: Based on analysis of requirements | H37: 1.Power On; | I37: 1.Send DiagBy[Physical]Data[10 01]; 2.Send DiagBy[Physical]Data[22 F6 C5]; | J37: 1.Check DiagData[50 01 00 32 00 C8]Within[50]ms; 版本号：0.00.01 2.Check DiagData[62 F6 C5 00 00 00 00 00 00]Within[50]ms; | L37: Fail
A38: 4 | B38: 1.General 2.DiagnosticServices | C38: Diag_0x22_Phy_030 | D38: Default Session supports reading DID: 0xF6C0 PositiveCase-$22 | E38: High | F38: 陈亚-80025578 | G38: Based on analysis of requirements | H38: 1.Power On; | I38: 1.Send DiagBy[Physical]Data[10 01]; 2.Send DiagBy[Physical]Data[22 F6 C0]; | J38: 1.Check DiagData[50 01 00 32 00 C8]Within[50]ms; 2.Check DiagData[62 F6 C0 xx xx xx xx xx xx xx xx xx]Within[50]ms; | L38: Fail
A39: 1 | B39: 1.General 2.DiagnosticServices | C39: Diag_0x22_Phy_031 | D39: Extended Session supports reading DID: 0xF6C3 PositiveCase-$22 | E39: High | F39: 陈亚-80025578 | G39: Based on analysis of requirements | H39: 1.Power On; | I39: 1.Send DiagBy[Physical]Data[10 03]; 2.Send DiagBy[Physical]Data[22 F6 C3]; | J39: 1.Check DiagData[50 03 00 32 00 C8]Within[50]ms; 2.Check DiagData[62 F6 C3 xx xx xx xx xx]Within[50]ms; | K39: 1.测试过程与检验结果中缺少编号 2.测试过程不应该出现check结果 | L39: Fail
A40: 2 | B40: 1.General 2.DiagnosticServices | C40: Diag_0x22_Phy_032 | D40: Extended Session supports reading DID: 0xF6C4 PositiveCase-$22 | E40: High | F40: 陈亚-80025578 | G40: Based on analysis of requirements | H40: 1.Power On; | I40: 1.Send DiagBy[Physical]Data[10 03]; 2.Send DiagBy[Physical]Data[22 F6 C4]; | J40: 1.Check DiagData[50 03 00 32 00 C8]Within[50]ms; SV软件编码： 2.Check DiagData[62 F6 C4 00 54 00 13 2B 8F 00 00 00]Within[50]ms; | L40: Fail
A41: 3 | B41: 1.General 2.DiagnosticServices | C41: Diag_0x22_Phy_033 | D41: Extended Session supports reading DID: 0xF6C5 PositiveCase-$22 | E41: High | F41: 陈亚-80025578 | G41: Based on analysis of requirements | H41: 1.Power On; | I41: 1.Send DiagBy[Physical]Data[10 03]; 2.Send DiagBy[Physical]Data[22 F6 C5]; | J41: 1.Check DiagData[50 03 00 32 00 C8]Within[50]ms; 版本号：0.00.01 2.Check DiagData[62 F6 C5 00 00 00 00 00 00]Within[50]ms; | L41: Fail
A42: 4 | B42: 1.General 2.DiagnosticServices | C42: Diag_0x22_Phy_034 | D42: Extended Session supports reading DID: 0xF6C0 PositiveCase-$22 | E42: High | F42: 陈亚-80025578 | G42: Based on analysis of requirements | H42: 1.Power On; | I42: 1.Send DiagBy[Physical]Data[10 03]; 2.Send DiagBy[Physical]Data[22 F6 C0]; | J42: 1.Check DiagData[50 03 00 32 00 C8]Within[50]ms; 2.Check DiagData[62 F6 C0 xx xx xx xx xx xx xx xx xx]Within[50]ms; | L42: Fail
A43: 1 | B43: 1.General 2.DiagnosticServices | C43: Diag_0x22_Phy_035 | D43: Programme Session supports reading DID: 0xF6C3 PositiveCase-$22 | E43: High | F43: 陈亚-80025578 | G43: Based on analysis of requirements | H43: 1.Power On; | I43: 1.Send DiagBy[Physical]Data[10 03]; 2.Send DiagBy[Physical]Data[10 02]; 3.Send DiagBy[Physical]Data[22 F6 C3]; | J43: 1.Check DiagData[50 03 00 32 00 C8]Within[50]ms; 2.Check DiagData[50 02 00 32 00 C8]Within[50]ms; 3.Check DiagData[62 F6 C3 xx xx xx xx xx]Within[50]ms; | K43: 1.测试过程与检验结果中缺少编号 2.测试过程不应该出现check结果 | L43: Fail
A44: 2 | B44: 1.General 2.DiagnosticServices | C44: Diag_0x22_Phy_036 | D44: Programme Session supports reading DID: 0xF6C4 PositiveCase-$22 | E44: High | F44: 陈亚-80025578 | G44: Based on analysis of requirements | H44: 1.Power On; | I44: 1.Send DiagBy[Physical]Data[10 03]; 2.Send DiagBy[Physical]Data[10 02]; 3.Send DiagBy[Physical]Data[22 F6 C4]; | J44: 1.Check DiagData[50 03 00 32 00 C8]Within[50]ms; 2.Check DiagData[50 02 00 32 00 C8]Within[50]ms; SV软件编码： 3.Check DiagData[62 F6 C4 00 54 00 13 2B 8F 00 00 00]Within[50]ms; | L44: Fail
A45: 3 | B45: 1.General 2.DiagnosticServices | C45: Diag_0x22_Phy_037 | D45: Programme Session supports reading DID: 0xF6C5 PositiveCase-$22 | E45: High | F45: 陈亚-80025578 | G45: Based on analysis of requirements | H45: 1.Power On; | I45: 1.Send DiagBy[Physical]Data[10 03]; 2.Send DiagBy[Physical]Data[10 02]; 3.Send DiagBy[Physical]Data[22 F6 C5]; | J45: 1.Check DiagData[50 03 00 32 00 C8]Within[50]ms; 2.Check DiagData[50 02 00 32 00 C8]Within[50]ms; 版本号：0.00.01 3.Check DiagData[62 F6 C5 00 00 00 00 00 00]Within[50]ms; | L45: Fail
A46: 4 | B46: 1.General 2.DiagnosticServices | C46: Diag_0x22_Phy_038 | D46: Programme Session supports reading DID: 0xF6C0 PositiveCase-$22 | E46: High | F46: 陈亚-80025578 | G46: Based on analysis of requirements | H46: 1.Power On; | I46: 1.Send DiagBy[Physical]Data[10 03]; 2.Send DiagBy[Physical]Data[10 02]; 3.Send DiagBy[Physical]Data[22 F6 C0]; | J46: 1.Check DiagData[50 03 00 32 00 C8]Within[50]ms; 2.Check DiagData[50 02 00 32 00 C8]Within[50]ms; 3.Check DiagData[62 F6 C0 xx xx xx xx xx xx xx xx xx]Within[50]ms; | L46: Fail
A47: 1.2 Session Layer Test (Function)
A48: 1 | B48: 1.General 2.DiagnosticServices | C48: Diag_0x22_Fun_039 | D48: Default Session supports reading DID: 0xF6C3 PositiveCase-$22 | E48: High | F48: 陈亚-80025578 | G48: Based on analysis of requirements | H48: 1.Power On; | I48: 1.Send DiagBy[Physical]Data[10 01]; 2.Send DiagBy[Functional]Data[22 F6 C3]; | J48: 1.Check DiagData[50 01 00 32 00 C8]Within[50]ms; 2.Check No_ResponseWithin[1000]ms; | K48: 1.测试过程与检验结果中缺少编号 2.测试过程不应该出现check结果 | L48: Fail
A49: 2 | B49: 1.General 2.DiagnosticServices | C49: Diag_0x22_Fun_040 | D49: Default Session supports reading DID: 0xF6C4 PositiveCase-$22 | E49: High | F49: 陈亚-80025578 | G49: Based on analysis of requirements | H49: 1.Power On; | I49: 1.Send DiagBy[Physical]Data[10 01]; 2.Send DiagBy[Functional]Data[22 F6 C4]; | J49: 1.Check DiagData[50 01 00 32 00 C8]Within[50]ms; SV软件编码： 2.Check No_ResponseWithin[1000]ms; | L49: Fail
A50: 3 | B50: 1.General 2.DiagnosticServices | C50: Diag_0x22_Fun_041 | D50: Default Session supports reading DID: 0xF6C5 PositiveCase-$22 | E50: High | F50: 陈亚-80025578 | G50: Based on analysis of requirements | H50: 1.Power On; | I50: 1.Send DiagBy[Physical]Data[10 01]; 2.Send DiagBy[Functional]Data[22 F6 C5]; | J50: 1.Check DiagData[50 01 00 32 00 C8]Within[50]ms; 版本号：0.00.01 2.Check No_ResponseWithin[1000]ms; | L50: Fail
A51: 4 | B51: 1.General 2.DiagnosticServices | C51: Diag_0x22_Fun_042 | D51: Default Session supports reading DID: 0xF6C0 PositiveCase-$22 | E51: High | F51: 陈亚-80025578 | G51: Based on analysis of requirements | H51: 1.Power On; | I51: 1.Send DiagBy[Physical]Data[10 01]; 2.Send DiagBy[Functional]Data[22 F6 C0]; | J51: 1.Check DiagData[50 01 00 32 00 C8]Within[50]ms; 2.Check No_ResponseWithin[1000]ms; | L51: Fail
A52: 1 | B52: 1.General 2.DiagnosticServices | C52: Diag_0x22_Fun_043 | D52: Extended Session supports reading DID: 0xF6C3 PositiveCase-$22 | E52: High | F52: 陈亚-80025578 | G52: Based on analysis of requirements | H52: 1.Power On; | I52: 1.Send DiagBy[Physical]Data[10 03]; 2.Send DiagBy[Functional]Data[22 F6 C3]; | J52: 1.Check DiagData[50 03 00 32 00 C8]Within[50]ms; 2.Check No_ResponseWithin[1000]ms; | K52: 1.测试过程与检验结果中缺少编号 2.测试过程不应该出现check结果 | L52: Fail
A53: 2 | B53: 1.General 2.DiagnosticServices | C53: Diag_0x22_Fun_044 | D53: Extended Session supports reading DID: 0xF6C4 PositiveCase-$22 | E53: High | F53: 陈亚-80025578 | G53: Based on analysis of requirements | H53: 1.Power On; | I53: 1.Send DiagBy[Physical]Data[10 03]; 2.Send DiagBy[Functional]Data[22 F6 C4]; | J53: 1.Check DiagData[50 03 00 32 00 C8]Within[50]ms; SV软件编码： 2.Check No_ResponseWithin[1000]ms; | L53: Fail
A54: 3 | B54: 1.General 2.DiagnosticServices | C54: Diag_0x22_Fun_045 | D54: Extended Session supports reading DID: 0xF6C5 PositiveCase-$22 | E54: High | F54: 陈亚-80025578 | G54: Based on analysis of requirements | H54: 1.Power On; | I54: 1.Send DiagBy[Physical]Data[10 03]; 2.Send DiagBy[Functional]Data[22 F6 C5]; | J54: 1.Check DiagData[50 03 00 32 00 C8]Within[50]ms; 版本号：0.00.01 2.Check No_ResponseWithin[1000]ms; | L54: Fail
A55: 4 | B55: 1.General 2.DiagnosticServices | C55: Diag_0x22_Fun_046 | D55: Extended Session supports reading DID: 0xF6C0 PositiveCase-$22 | E55: High | F55: 陈亚-80025578 | G55: Based on analysis of requirements | H55: 1.Power On; | I55: 1.Send DiagBy[Physical]Data[10 03]; 2.Send DiagBy[Functional]Data[22 F6 C0]; | J55: 1.Check DiagData[50 03 00 32 00 C8]Within[50]ms; 2.Check No_ResponseWithin[1000]ms; | L55: Fail
A56: 1 | B56: 1.General 2.DiagnosticServices | C56: Diag_0x22_Fun_047 | D56: Programme Session supports reading DID: 0xF6C3 PositiveCase-$22 | E56: High | F56: 陈亚-80025578 | G56: Based on analysis of requirements | H56: 1.Power On; | I56: 1.Send DiagBy[Physical]Data[10 03]; 2.Send DiagBy[Physical]Data[10 02]; 3.Send DiagBy[Functional]Data[22 F6 C3]; | J56: 1.Check DiagData[50 03 00 32 00 C8]Within[50]ms; 2.Check DiagData[50 02 00 32 00 C8]Within[50]ms; 3.Check No_ResponseWithin[1000]ms; | K56: 1.测试过程与检验结果中缺少编号 2.测试过程不应该出现check结果 | L56: Fail
A57: 2 | B57: 1.General 2.DiagnosticServices | C57: Diag_0x22_Fun_048 | D57: Programme Session supports reading DID: 0xF6C4 PositiveCase-$22 | E57: High | F57: 陈亚-80025578 | G57: Based on analysis of requirements | H57: 1.Power On; | I57: 1.Send DiagBy[Physical]Data[10 03]; 2.Send DiagBy[Physical]Data[10 02]; 3.Send DiagBy[Functional]Data[22 F6 C4]; | J57: 1.Check DiagData[50 03 00 32 00 C8]Within[50]ms; 2.Check DiagData[50 02 00 32 00 C8]Within[50]ms; SV软件编码： 3.Check No_ResponseWithin[1000]ms; | L57: Fail
A58: 3 | B58: 1.General 2.DiagnosticServices | C58: Diag_0x22_Fun_049 | D58: Programme Session supports reading DID: 0xF6C5 PositiveCase-$22 | E58: High | F58: 陈亚-80025578 | G58: Based on analysis of requirements | H58: 1.Power On; | I58: 1.Send DiagBy[Physical]Data[10 03]; 2.Send DiagBy[Physical]Data[10 02]; 3.Send DiagBy[Functional]Data[22 F6 C5]; | J58: 1.Check DiagData[50 03 00 32 00 C8]Within[50]ms; 2.Check DiagData[50 02 00 32 00 C8]Within[50]ms; 版本号：0.00.01 3.Check No_ResponseWithin[1000]ms; | L58: Fail
A59: 4 | B59: 1.General 2.DiagnosticServices | C59: Diag_0x22_Fun_050 | D59: Programme Session supports reading DID: 0xF6C0 PositiveCase-$22 | E59: High | F59: 陈亚-80025578 | G59: Based on analysis of requirements | H59: 1.Power On; | I59: 1.Send DiagBy[Physical]Data[10 03]; 2.Send DiagBy[Physical]Data[10 02]; 3.Send DiagBy[Functional]Data[22 F6 C0]; | J59: 1.Check DiagData[50 03 00 32 00 C8]Within[50]ms; 2.Check DiagData[50 02 00 32 00 C8]Within[50]ms; 3.Check No_ResponseWithin[1000]ms; | L59: Fail
A60: 1.3 NRC test
B61: 1.General 2.DiagnosticServices | C61: Diag_0x22_Fun_051 | D61: Programing Session NRC 0x31 | E61: Low | F61: 陈亚-80025578 | G61: Based on analysis of requirements | H61: 1.Power On | I61: 1.Send DiagBy[Physical]Data[10 03 ]; 2.Send DiagBy[Physical]Data[22 F6 C0 F1]; | J61: 1.Check DiagData[50 03 00 32 01 F4]Within[50]ms; 2.Check DiagData[7F 22 31]Within[50]ms; | L61: Fail
B62: 1.General 2.DiagnosticServices | C62: Diag_0x22_Fun_052 | D62: Programing Session NRC 0x13>0x31 | E62: Low | F62: 陈亚-80025578 | G62: Based on analysis of requirements | H62: 1.Power On | I62: 1.Send DiagBy[Physical]Data[10 03 ]; 2.Send DiagBy[Physical]Data[22 F6 C0]WithLen[3]; | J62: 1.Check DiagData[50 03 00 32 01 F4]Within[50]ms; 2.Check DiagData[7F 22 13]Within[50]ms; | L62: Fail
A63: Service 0x22 ReadDataByIdentifier 测试用例 ---HU-R
A64: 1 | B64: 1.General 2.DiagnosticServices | C64: Diag_0x22_Phy_053 | D64: Default Session supports reading DID: 0xF7B3 PositiveCase-$22 | E64: High | F64: 陈亚-80025578 | G64: Based on analysis of requirements | H64: 1.Power On; | I64: 1.Send DiagBy[Physical]Data[10 01]; 2.Send DiagBy[Physical]Data[22 F6 C3]; | J64: 1.Check DiagData[50 01 00 32 00 C8]Within[50]ms; 2.Check DiagData[62 F6 C3 xx xx xx xx xx]Within[50]ms; | K64: 1.测试过程与检验结果中缺少编号 2.测试过程不应该出现check结果 | L64: Fail
A65: 2 | B65: 1.General 2.DiagnosticServices | C65: Diag_0x22_Phy_054 | D65: Default Session supports reading DID: 0xF7B4 PositiveCase-$22 | E65: High | F65: 陈亚-80025578 | G65: Based on analysis of requirements | H65: 1.Power On; | I65: 1.Send DiagBy[Physical]Data[10 01]; 2.Send DiagBy[Physical]Data[22 F6 C4]; | J65: 1.Check DiagData[50 01 00 32 00 C8]Within[50]ms; SV软件编码： 2.Check DiagData[62 F6 C4 00 54 00 13 2B 8F 00 00 00]Within[50]ms; | L65: Fail
A66: 3 | B66: 1.General 2.DiagnosticServices | C66: Diag_0x22_Phy_055 | D66: Default Session supports reading DID: 0xF7B5 PositiveCase-$22 | E66: High | F66: 陈亚-80025578 | G66: Based on analysis of requirements | H66: 1.Power On; | I66: 1.Send DiagBy[Physical]Data[10 01]; 2.Send DiagBy[Physical]Data[22 F6 C5]; | J66: 1.Check DiagData[50 01 00 32 00 C8]Within[50]ms; 版本号：0.00.01 2.Check DiagData[62 F6 C5 00 00 00 00 00 00]Within[50]ms; | L66: Fail
A67: 4 | B67: 1.General 2.DiagnosticServices | C67: Diag_0x22_Phy_056 | D67: Default Session supports reading DID: 0xF7B0 PositiveCase-$22 | E67: High | F67: 陈亚-80025578 | G67: Based on analysis of requirements | H67: 1.Power On; | I67: 1.Send DiagBy[Physical]Data[10 01]; 2.Send DiagBy[Physical]Data[22 F6 C0]; | J67: 1.Check DiagData[50 01 00 32 00 C8]Within[50]ms; 2.Check DiagData[62 F6 C0 xx xx xx xx xx xx xx xx xx]Within[50]ms; | L67: Fail
A68: 1 | B68: 1.General 2.DiagnosticServices | C68: Diag_0x22_Phy_057 | D68: Extended Session supports reading DID: 0xF7B3 PositiveCase-$22 | E68: High | F68: 陈亚-80025578 | G68: Based on analysis of requirements | H68: 1.Power On; | I68: 1.Send DiagBy[Physical]Data[10 03]; 2.Send DiagBy[Physical]Data[22 F6 C3]; | J68: 1.Check DiagData[50 03 00 32 00 C8]Within[50]ms; 2.Check DiagData[62 F6 C3 xx xx xx xx xx]Within[50]ms; | K68: 1.测试过程与检验结果中缺少编号 2.测试过程不应该出现check结果 | L68: Fail
A69: 2 | B69: 1.General 2.DiagnosticServices | C69: Diag_0x22_Phy_058 | D69: Extended Session supports reading DID: 0xF7B4 PositiveCase-$22 | E69: High | F69: 陈亚-80025578 | G69: Based on analysis of requirements | H69: 1.Power On; | I69: 1.Send DiagBy[Physical]Data[10 03]; 2.Send DiagBy[Physical]Data[22 F6 C4]; | J69: 1.Check DiagData[50 03 00 32 00 C8]Within[50]ms; SV软件编码： 2.Check DiagData[62 F6 C4 00 54 00 13 2B 8F 00 00 00]Within[50]ms; | L69: Fail
A70: 3 | B70: 1.General 2.DiagnosticServices | C70: Diag_0x22_Phy_059 | D70: Extended Session supports reading DID: 0xF7B5 PositiveCase-$22 | E70: High | F70: 陈亚-80025578 | G70: Based on analysis of requirements | H70: 1.Power On; | I70: 1.Send DiagBy[Physical]Data[10 03]; 2.Send DiagBy[Physical]Data[22 F6 C5]; | J70: 1.Check DiagData[50 03 00 32 00 C8]Within[50]ms; 版本号：0.00.01 2.Check DiagData[62 F6 C5 00 00 00 00 00 00]Within[50]ms; | L70: Fail
A71: 4 | B71: 1.General 2.DiagnosticServices | C71: Diag_0x22_Phy_060 | D71: Extended Session supports reading DID: 0xF7B0 PositiveCase-$22 | E71: High | F71: 陈亚-80025578 | G71: Based on analysis of requirements | H71: 1.Power On; | I71: 1.Send DiagBy[Physical]Data[10 03]; 2.Send DiagBy[Physical]Data[22 F6 C0]; | J71: 1.Check DiagData[50 03 00 32 00 C8]Within[50]ms; 2.Check DiagData[62 F6 C0 xx xx xx xx xx xx xx xx xx]Within[50]ms; | L71: Fail
A72: 1 | B72: 1.General 2.DiagnosticServices | C72: Diag_0x22_Phy_061 | D72: Programme Session supports reading DID: 0xF7B3 PositiveCase-$22 | E72: High | F72: 陈亚-80025578 | G72: Based on analysis of requirements | H72: 1.Power On; | I72: 1.Send DiagBy[Physical]Data[10 03]; 2.Send DiagBy[Physical]Data[10 02]; 3.Send DiagBy[Physical]Data[22 F6 C3]; | J72: 1.Check DiagData[50 03 00 32 00 C8]Within[50]ms; 2.Check DiagData[50 02 00 32 00 C8]Within[50]ms; 3.Check DiagData[62 F6 C3 xx xx xx xx xx]Within[50]ms; | K72: 1.测试过程与检验结果中缺少编号 2.测试过程不应该出现check结果 | L72: Fail
A73: 2 | B73: 1.General 2.DiagnosticServices | C73: Diag_0x22_Phy_062 | D73: Programme Session supports reading DID: 0xF7B4 PositiveCase-$22 | E73: High | F73: 陈亚-80025578 | G73: Based on analysis of requirements | H73: 1.Power On; | I73: 1.Send DiagBy[Physical]Data[10 03]; 2.Send DiagBy[Physical]Data[10 02]; 3.Send DiagBy[Physical]Data[22 F6 C4]; | J73: 1.Check DiagData[50 03 00 32 00 C8]Within[50]ms; 2.Check DiagData[50 02 00 32 00 C8]Within[50]ms; SV软件编码： 3.Check DiagData[62 F6 C4 00 54 00 13 2B 8F 00 00 00]Within[50]ms; | L73: Fail
A74: 3 | B74: 1.General 2.DiagnosticServices | C74: Diag_0x22_Phy_063 | D74: Programme Session supports reading DID: 0xF7B5 PositiveCase-$22 | E74: High | F74: 陈亚-80025578 | G74: Based on analysis of requirements | H74: 1.Power On; | I74: 1.Send DiagBy[Physical]Data[10 03]; 2.Send DiagBy[Physical]Data[10 02]; 3.Send DiagBy[Physical]Data[22 F6 C5]; | J74: 1.Check DiagData[50 03 00 32 00 C8]Within[50]ms; 2.Check DiagData[50 02 00 32 00 C8]Within[50]ms; 版本号：0.00.01 3.Check DiagData[62 F6 C5 00 00 00 00 00 00]Within[50]ms; | L74: Fail
A75: 4 | B75: 1.General 2.DiagnosticServices | C75: Diag_0x22_Phy_064 | D75: Programme Session supports reading DID: 0xF7B0 PositiveCase-$22 | E75: High | F75: 陈亚-80025578 | G75: Based on analysis of requirements | H75: 1.Power On; | I75: 1.Send DiagBy[Physical]Data[10 03]; 2.Send DiagBy[Physical]Data[10 02]; 3.Send DiagBy[Physical]Data[22 F6 C0]; | J75: 1.Check DiagData[50 03 00 32 00 C8]Within[50]ms; 2.Check DiagData[50 02 00 32 00 C8]Within[50]ms; 3.Check DiagData[62 F6 C0 xx xx xx xx xx xx xx xx xx]Within[50]ms; | L75: Fail
A76: 1.2 Session Layer Test (Function)
A77: 1 | B77: 1.General 2.DiagnosticServices | C77: Diag_0x22_Fun_065 | D77: Default Session supports reading DID: 0xF7B3 PositiveCase-$22 | E77: High | F77: 陈亚-80025578 | G77: Based on analysis of requirements | H77: 1.Power On; | I77: 1.Send DiagBy[Physical]Data[10 01]; 2.Send DiagBy[Functional]Data[22 F6 C3]; | J77: 1.Check DiagData[50 01 00 32 00 C8]Within[50]ms; 2.Check No_ResponseWithin[1000]ms; | K77: 1.测试过程与检验结果中缺少编号 2.测试过程不应该出现check结果 | L77: Fail
A78: 2 | B78: 1.General 2.DiagnosticServices | C78: Diag_0x22_Fun_066 | D78: Default Session supports reading DID: 0xF7B4 PositiveCase-$22 | E78: High | F78: 陈亚-80025578 | G78: Based on analysis of requirements | H78: 1.Power On; | I78: 1.Send DiagBy[Physical]Data[10 01]; 2.Send DiagBy[Functional]Data[22 F6 C4]; | J78: 1.Check DiagData[50 01 00 32 00 C8]Within[50]ms; SV软件编码： 2.Check No_ResponseWithin[1000]ms; | L78: Fail
A79: 3 | B79: 1.General 2.DiagnosticServices | C79: Diag_0x22_Fun_067 | D79: Default Session supports reading DID: 0xF7B5 PositiveCase-$22 | E79: High | F79: 陈亚-80025578 | G79: Based on analysis of requirements | H79: 1.Power On; | I79: 1.Send DiagBy[Physical]Data[10 01]; 2.Send DiagBy[Functional]Data[22 F6 C5]; | J79: 1.Check DiagData[50 01 00 32 00 C8]Within[50]ms; 版本号：0.00.01 2.Check No_ResponseWithin[1000]ms; | L79: Fail
A80: 4 | B80: 1.General 2.DiagnosticServices | C80: Diag_0x22_Fun_068 | D80: Default Session supports reading DID: 0xF7B0 PositiveCase-$22 | E80: High | F80: 陈亚-80025578 | G80: Based on analysis of requirements | H80: 1.Power On; | I80: 1.Send DiagBy[Physical]Data[10 01]; 2.Send DiagBy[Functional]Data[22 F6 C0]; | J80: 1.Check DiagData[50 01 00 32 00 C8]Within[50]ms; 2.Check No_ResponseWithin[1000]ms; | L80: Fail
A81: 1 | B81: 1.General 2.DiagnosticServices | C81: Diag_0x22_Fun_069 | D81: Extended Session supports reading DID: 0xF7B3 PositiveCase-$22 | E81: High | F81: 陈亚-80025578 | G81: Based on analysis of requirements | H81: 1.Power On; | I81: 1.Send DiagBy[Physical]Data[10 03]; 2.Send DiagBy[Functional]Data[22 F6 C3]; | J81: 1.Check DiagData[50 03 00 32 00 C8]Within[50]ms; 2.Check No_ResponseWithin[1000]ms; | K81: 1.测试过程与检验结果中缺少编号 2.测试过程不应该出现check结果 | L81: Fail
A82: 2 | B82: 1.General 2.DiagnosticServices | C82: Diag_0x22_Fun_070 | D82: Extended Session supports reading DID: 0xF7B4 PositiveCase-$22 | E82: High | F82: 陈亚-80025578 | G82: Based on analysis of requirements | H82: 1.Power On; | I82: 1.Send DiagBy[Physical]Data[10 03]; 2.Send DiagBy[Functional]Data[22 F6 C4]; | J82: 1.Check DiagData[50 03 00 32 00 C8]Within[50]ms; SV软件编码： 2.Check No_ResponseWithin[1000]ms; | L82: Fail
A83: 3 | B83: 1.General 2.DiagnosticServices | C83: Diag_0x22_Fun_071 | D83: Extended Session supports reading DID: 0xF7B5 PositiveCase-$22 | E83: High | F83: 陈亚-80025578 | G83: Based on analysis of requirements | H83: 1.Power On; | I83: 1.Send DiagBy[Physical]Data[10 03]; 2.Send DiagBy[Functional]Data[22 F6 C5]; | J83: 1.Check DiagData[50 03 00 32 00 C8]Within[50]ms; 版本号：0.00.01 2.Check No_ResponseWithin[1000]ms; | L83: Fail
A84: 4 | B84: 1.General 2.DiagnosticServices | C84: Diag_0x22_Fun_072 | D84: Extended Session supports reading DID: 0xF7B0 PositiveCase-$22 | E84: High | F84: 陈亚-80025578 | G84: Based on analysis of requirements | H84: 1.Power On; | I84: 1.Send DiagBy[Physical]Data[10 03]; 2.Send DiagBy[Functional]Data[22 F6 C0]; | J84: 1.Check DiagData[50 03 00 32 00 C8]Within[50]ms; 2.Check No_ResponseWithin[1000]ms; | L84: Fail
A85: 1 | B85: 1.General 2.DiagnosticServices | C85: Diag_0x22_Fun_073 | D85: Programme Session supports reading DID: 0xF7B3 PositiveCase-$22 | E85: High | F85: 陈亚-80025578 | G85: Based on analysis of requirements | H85: 1.Power On; | I85: 1.Send DiagBy[Physical]Data[10 03]; 2.Send DiagBy[Physical]Data[10 02]; 3.Send DiagBy[Functional]Data[22 F6 C3]; | J85: 1.Check DiagData[50 03 00 32 00 C8]Within[50]ms; 2.Check DiagData[50 02 00 32 00 C8]Within[50]ms; 3.Check No_ResponseWithin[1000]ms; | K85: 1.测试过程与检验结果中缺少编号 2.测试过程不应该出现check结果 | L85: Fail
A86: 2 | B86: 1.General 2.DiagnosticServices | C86: Diag_0x22_Fun_074 | D86: Programme Session supports reading DID: 0xF7B4 PositiveCase-$22 | E86: High | F86: 陈亚-80025578 | G86: Based on analysis of requirements | H86: 1.Power On; | I86: 1.Send DiagBy[Physical]Data[10 03]; 2.Send DiagBy[Physical]Data[10 02]; 3.Send DiagBy[Functional]Data[22 F6 C4]; | J86: 1.Check DiagData[50 03 00 32 00 C8]Within[50]ms; 2.Check DiagData[50 02 00 32 00 C8]Within[50]ms; SV软件编码： 3.Check No_ResponseWithin[1000]ms; | L86: Fail
A87: 3 | B87: 1.General 2.DiagnosticServices | C87: Diag_0x22_Fun_075 | D87: Programme Session supports reading DID: 0xF7B5 PositiveCase-$22 | E87: High | F87: 陈亚-80025578 | G87: Based on analysis of requirements | H87: 1.Power On; | I87: 1.Send DiagBy[Physical]Data[10 03]; 2.Send DiagBy[Physical]Data[10 02]; 3.Send DiagBy[Functional]Data[22 F6 C5]; | J87: 1.Check DiagData[50 03 00 32 00 C8]Within[50]ms; 2.Check DiagData[50 02 00 32 00 C8]Within[50]ms; 版本号：0.00.01 3.Check No_ResponseWithin[1000]ms; | L87: Fail
A88: 4 | B88: 1.General 2.DiagnosticServices | C88: Diag_0x22_Fun_076 | D88: Programme Session supports reading DID: 0xF7B0 PositiveCase-$22 | E88: High | F88: 陈亚-80025578 | G88: Based on analysis of requirements | H88: 1.Power On; | I88: 1.Send DiagBy[Physical]Data[10 03]; 2.Send DiagBy[Physical]Data[10 02]; 3.Send DiagBy[Functional]Data[22 F6 C0]; | J88: 1.Check DiagData[50 03 00 32 00 C8]Within[50]ms; 2.Check DiagData[50 02 00 32 00 C8]Within[50]ms; 3.Check No_ResponseWithin[1000]ms; | L88: Fail
A89: 1.3 NRC test
B90: 1.General 2.DiagnosticServices | C90: Diag_0x22_Phy_077 | D90: Programing Session NRC 0x31 | E90: Low | F90: 陈亚-80025578 | G90: Based on analysis of requirements | H90: 1.Power On | I90: 1.Send DiagBy[Physical]Data[10 03 ]; 2.Send DiagBy[Physical]Data[22 F6 C0 F1]; | J90: 1.Check DiagData[50 03 00 32 01 F4]Within[50]ms; 2.Check DiagData[7F 22 31]Within[50]ms; | L90: Fail
B91: 1.General 2.DiagnosticServices | C91: Diag_0x22_Phy_078 | D91: Programing Session NRC 0x13>0x31 | E91: Low | F91: 陈亚-80025578 | G91: Based on analysis of requirements | H91: 1.Power On | I91: 1.Send DiagBy[Physical]Data[10 03 ]; 2.Send DiagBy[Physical]Data[22 F6 C0]WithLen[3]; | J91: 1.Check DiagData[50 03 00 32 01 F4]Within[50]ms; 2.Check DiagData[7F 22 13]Within[50]ms; | L91: Fail
A92: 1.3 Boot Session Layer Test
A93: 1 | B93: 1.General 2.DiagnosticServices | C93: Diag_0x22_Phy_079 | D93: Default Session supports reading DID: 0xF7B3 PositiveCase-$22 | E93: High | F93: 陈亚-80025578 | G93: Based on analysis of requirements | H93: 1.Power On; | I93: 1.Send DiagBy[Physical]Data[10 01]; 2.Send DiagBy[Physical]Data[22 F6 C3]; | J93: 1.Check DiagData[50 01 00 32 00 C8]Within[50]ms; 2.Check DiagData[62 F6 C3 xx xx xx xx xx]Within[50]ms; | K93: 1.测试过程与检验结果中缺少编号 2.测试过程不应该出现check结果 | L93: Fail
A94: 2 | B94: 1.General 2.DiagnosticServices | C94: Diag_0x22_Phy_080 | D94: Default Session supports reading DID: 0xF7B4 PositiveCase-$22 | E94: High | F94: 陈亚-80025578 | G94: Based on analysis of requirements | H94: 1.Power On; | I94: 1.Send DiagBy[Physical]Data[10 01]; 2.Send DiagBy[Physical]Data[22 F6 C4]; | J94: 1.Check DiagData[50 01 00 32 00 C8]Within[50]ms; SV软件编码： 2.Check DiagData[62 F6 C4 00 54 00 13 2B 8F 00 00 00]Within[50]ms; | L94: Fail
A95: 3 | B95: 1.General 2.DiagnosticServices | C95: Diag_0x22_Phy_081 | D95: Default Session supports reading DID: 0xF7B5 PositiveCase-$22 | E95: High | F95: 陈亚-80025578 | G95: Based on analysis of requirements | H95: 1.Power On; | I95: 1.Send DiagBy[Physical]Data[10 01]; 2.Send DiagBy[Physical]Data[22 F6 C5]; | J95: 1.Check DiagData[50 01 00 32 00 C8]Within[50]ms; 版本号：0.00.01 2.Check DiagData[62 F6 C5 00 00 00 00 00 00]Within[50]ms; | L95: Fail
A96: 4 | B96: 1.General 2.DiagnosticServices | C96: Diag_0x22_Phy_082 | D96: Default Session supports reading DID: 0xF7B0 PositiveCase-$22 | E96: High | F96: 陈亚-80025578 | G96: Based on analysis of requirements | H96: 1.Power On; | I96: 1.Send DiagBy[Physical]Data[10 01]; 2.Send DiagBy[Physical]Data[22 F6 C0]; | J96: 1.Check DiagData[50 01 00 32 00 C8]Within[50]ms; 2.Check DiagData[62 F6 C0 xx xx xx xx xx xx xx xx xx]Within[50]ms; | L96: Fail
A97: 1 | B97: 1.General 2.DiagnosticServices | C97: Diag_0x22_Phy_083 | D97: Extended Session supports reading DID: 0xF7B3 PositiveCase-$22 | E97: High | F97: 陈亚-80025578 | G97: Based on analysis of requirements | H97: 1.Power On; | I97: 1.Send DiagBy[Physical]Data[10 03]; 2.Send DiagBy[Physical]Data[22 F6 C3]; | J97: 1.Check DiagData[50 03 00 32 00 C8]Within[50]ms; 2.Check DiagData[62 F6 C3 xx xx xx xx xx]Within[50]ms; | K97: 1.测试过程与检验结果中缺少编号 2.测试过程不应该出现check结果 | L97: Fail
A98: 2 | B98: 1.General 2.DiagnosticServices | C98: Diag_0x22_Phy_084 | D98: Extended Session supports reading DID: 0xF7B4 PositiveCase-$22 | E98: High | F98: 陈亚-80025578 | G98: Based on analysis of requirements | H98: 1.Power On; | I98: 1.Send DiagBy[Physical]Data[10 03]; 2.Send DiagBy[Physical]Data[22 F6 C4]; | J98: 1.Check DiagData[50 03 00 32 00 C8]Within[50]ms; SV软件编码： 2.Check DiagData[62 F6 C4 00 54 00 13 2B 8F 00 00 00]Within[50]ms; | L98: Fail
A99: 3 | B99: 1.General 2.DiagnosticServices | C99: Diag_0x22_Phy_085 | D99: Extended Session supports reading DID: 0xF7B5 PositiveCase-$22 | E99: High | F99: 陈亚-80025578 | G99: Based on analysis of requirements | H99: 1.Power On; | I99: 1.Send DiagBy[Physical]Data[10 03]; 2.Send DiagBy[Physical]Data[22 F6 C5]; | J99: 1.Check DiagData[50 03 00 32 00 C8]Within[50]ms; 版本号：0.00.01 2.Check DiagData[62 F6 C5 00 00 00 00 00 00]Within[50]ms; | L99: Fail
A100: 4 | B100: 1.General 2.DiagnosticServices | C100: Diag_0x22_Phy_086 | D100: Extended Session supports reading DID: 0xF7B0 PositiveCase-$22 | E100: High | F100: 陈亚-80025578 | G100: Based on analysis of requirements | H100: 1.Power On; | I100: 1.Send DiagBy[Physical]Data[10 03]; 2.Send DiagBy[Physical]Data[22 F6 C0]; | J100: 1.Check DiagData[50 03 00 32 00 C8]Within[50]ms; 2.Check DiagData[62 F6 C0 xx xx xx xx xx xx xx xx xx]Within[50]ms; | L100: Fail
...

Sheet SecurityAccess_0x27
B1: Test Level | C1: SYS.5
A2: Sequence Number | B2: System Requirement ID | C2: Test Case | G2: Design Method | H2: Precondition | I2: Test Procedure | J2: Expected Output | K2: Actual Output | L2: Judgement Result | M2: Defect ID
C3: ID | D3: Name | E3: Priority | F3: Author
A4: APP Physical Addressing Test Cases
A5: 1.1 Session Layer Test
A6: 1 | B6: 1.General 2.DiagnosticServices | C6: Diag_0x27_Phy_001 | D6: Default Session nonsupport 0x27 Service security access level 1 Negativecase-$27 | E6: High | F6: 陈亚-80025578 | G6: Based on analysis of requirements | H6: 1.Power On; | I6: Send DiagBy[Physical]Data[10 01]; Send DiagBy[Physical]Data[27 01]; | J6: 1.Check DiagData[50 01 00 32 00 C8]Within[50]ms; 2.Check DiagData[7F 27 7F]Within[50]ms; | K6: 测试过程中不能出现check结果检查 | L6: Fail
A7: 2 | B7: 1.General 2.DiagnosticServices | C7: Diag_0x27_Phy_002 | D7: Default Session nonsupport 0x27 Service security access level 2 Negativecase-$27 | E7: High | F7: 陈亚-80025578 | G7: Based on analysis of requirements | H7: 1.Power On; | I7: Send DiagBy[Physical]Data[10 01]; Send DiagBy[Physical]Data[27 03]; | J7: 1.Check DiagData[50 01 00 32 00 C8]Within[50]ms; 2.Check DiagData[7F 27 12]Within[50]ms; | K7: UDS协议中NRC优先级从高到低排列为：0x11 > 0x7F > 0x13 > 0x12 > 0x7E > 0x33 > 0x24 > 0x31 > 0x22 > 0x78。 | L7: Fail
A8: 3 | B8: 1.General 2.DiagnosticServices | C8: Diag_0x27_Phy_003 | D8: Programming Session support 0x27 Service security access level 1 PositiveResponsecase-$27 | E8: High | F8: 陈亚-80025578 | G8: Based on analysis of requirements | H8: 1.Power On; | I8: Send DiagBy[Physical]Data[10 01]; Check DiagData[50 01 00 32 00 C8]Within[50]ms; Delay[1000]ms; Send DiagBy[Physical]Data[10 03]; Check DiagData[50 03 00 32 00 C8]Within[50]ms; Send DiagBy[Physical]Data[31 01 02 03]; Check DiagData[71 01 02 03 00]Within[50]ms; Send DiagBy[Physical]Data[10 02]; Check DiagData[50 02 00 32 00 C8]Within[50]ms; Send DiagBy[Physical]Data[27 01]AndCheckResp[PositiveResponse]; Send Security Right KeyBy[Physical]Level[02]; | J8: Check DiagData[67 02]Within[50]ms; | K8: 测试过程与预期结果检查中，没有编号，且过程中存在check函数 | L8: Fail
A9: 4 | B9: 1.General 2.DiagnosticServices | C9: Diag_0x27_Phy_004 | D9: Programming Session support 0x27 Service security access level 2 PositiveResponsecase-$27 | E9: High | F9: 陈亚-80025578 | G9: Based on analysis of requirements | H9: 1.Power On; | I9: Send DiagBy[Physical]Data[10 01]; Check DiagData[50 01 00 32 00 C8]Within[50]ms; Delay[1000]ms; Send DiagBy[Physical]Data[10 03]; Check DiagData[50 03 00 32 00 C8]Within[50]ms; Send DiagBy[Physical]Data[31 01 02 03]; Check DiagData[71 01 02 03 00]Within[50]ms; Send DiagBy[Physical]Data[10 02]; Check DiagData[50 02 00 32 00 C8]Within[50]ms; Send DiagBy[Physical]Data[27 03]AndCheckResp[PositiveResponse]; Send Security Right KeyBy[Physical]Level[04]; | J9: Check DiagData[67 04]Within[50]ms; | L9: Fail
A10: 5 | B10: 1.General 2.DiagnosticServices | C10: Diag_0x27_Phy_005 | D10: Extended Session support 0x27 Service security access level 1 PositiveResponsecase-$27 | E10: High | F10: 陈亚-80025578 | G10: Based on analysis of requirements | H10: 1.Power On; | I10: Send DiagBy[Physical]Data[10 03]; Check DiagData[50 03 00 32 00 C8]Within[50]ms; Send DiagBy[Physical]Data[27 01]AndCheckResp[PositiveResponse]; Send Security Right KeyBy[Physical]Level[02]; | J10: Check DiagData[67 02]Within[50]ms; | L10: Fail
A11: 6 | B11: 1.General 2.DiagnosticServices | C11: Diag_0x27_Phy_006 | D11: Extended Session support 0x27 Service security access level 2 PositiveResponsecase-$27 | E11: High | F11: 陈亚-80025578 | G11: Based on analysis of requirements | H11: 1.Power On; | I11: Send DiagBy[Physical]Data[10 03]; Check DiagData[50 03 00 32 00 C8]Within[50]ms; Send DiagBy[Physical]Data[27 03]AndCheckResp[PositiveResponse]; Send Security Right KeyBy[Physical]Level[04]; | J11: Check DiagData[67 04]Within[50]ms; | L11: Fail
A12: 1.2 Secure Access Process Test
A13: 7 | B13: 1.General 2.DiagnosticServices | C13: Diag_0x27_Phy_007 | D13: Does not meet the secure access process, only requests seeds, a negative test case where secure access cannot be unlocked | E13: High | F13: 陈亚-80025578 | G13: Based on analysis of requirements | H13: 1.Power On; | I13: Send DiagBy[Physical]Data[10 03]; Check DiagData[50 03 00 32 00 C8]Within[50]ms; Send DiagBy[Physical]Data[27 01]; | J13: Check DiagData[67 01 XX XX XX XX]Within[50]ms; | L13: Fail
A14: 8 | B14: 1.General 2.DiagnosticServices | C14: Diag_0x27_Phy_008 | D14: Does not meet the secure access process, only sending the key; a negative test case | E14: High | F14: 陈亚-80025578 | G14: Based on analysis of requirements | H14: 1.Power On; | I14: Send DiagBy[Physical]Data[10 03]; Check DiagData[50 03 00 32 00 C8]Within[50]ms; Send DiagBy[Physical]Data[27 02 FF FF FF FF]; | J14: Check DiagData[7F 27 24]Within[50]ms; | L14: Fail
A15: 9 | B15: 1.General 2.DiagnosticServices | C15: Diag_0x27_Phy_009 | D15: Meet the secure access process: request the seed first, then send the key – a PositiveResponse use case | E15: High | F15: 陈亚-80025578 | G15: Based on analysis of requirements | H15: 1.Power On; | I15: Send DiagBy[Physical]Data[10 03]; Check DiagData[50 03 00 32 00 C8]Within[50]ms; Send DiagBy[Physical]Data[27 01]AndCheckResp[PositiveResponse]; Send Security Right KeyBy[Physical]Level[02]; | J15: Check DiagData[67 02]Within[50]ms; | L15: Fail
A16: 10 | B16: 1.General 2.DiagnosticServices | C16: Diag_0x27_Phy_010 | D16: Failure to comply with the secure access process: sending the key first, then requesting the seed (same level) | E16: High | F16: 陈亚-80025578 | G16: Based on analysis of requirements | H16: 1.Power On; | I16: Send DiagBy[Physical]Data[10 03]; Check DiagData[50 03 00 32 00 C8]Within[50]ms; Send DiagBy[Physical]Data[27 02 FF FF FF FF]; Check DiagData[7F 27 24]Within[50]ms; Send DiagBy[Physical]Data[27 01]; | J16: Check DiagData[67 01 XX XX XX XX]Within[50]ms; | L16: Fail
A17: 11 | B17: 1.General 2.DiagnosticServices | C17: Diag_0x27_Phy_011 | D17: Failure to comply with the secure access process: sending the key first, then requesting the seed (cross level) | E17: High | F17: 陈亚-80025578 | G17: Based on analysis of requirements | H17: 1.Power On; | I17: Send DiagBy[Physical]Data[10 03]; Check DiagData[50 03 00 32 00 C8]Within[50]ms; Send DiagBy[Physical]Data[27 04 FF FF FF FF]; Check DiagData[7F 27 24]Within[50]ms; Send DiagBy[Physical]Data[27 01]; | J17: Check DiagData[67 01 XX XX XX XX]Within[50]ms; | L17: Fail
A18: 12 | B18: 1.General 2.DiagnosticServices | C18: Diag_0x27_Phy_012 | D18: Repeated seed requests return the same seed data - PositiveResponse | E18: High | F18: 陈亚-80025578 | G18: Based on analysis of requirements | H18: 1.Power On; | I18: Send DiagBy[Physical]Data[10 03]; Check DiagData[50 03 00 32 00 C8]Within[50]ms; Send DiagBy[Physical]Data[27 01]AndCheckResp[PositiveResponse]; Send DiagBy[Physical]Data[27 01]AndCheckResp[PositiveResponse]; | J18: Check DiagData[67 01 XX XX XX XX]Within[50]ms; (两次返回的 seed 数据完全相同) | L18: Fail
A19: 13 | B19: 1.General 2.DiagnosticServices | C19: Diag_0x27_Phy_013 | D19: After successful unlock, request seed returns all zeros - PositiveResponse | E19: High | F19: 陈亚-80025578 | G19: Based on analysis of requirements | H19: 1.Power On; | I19: Send DiagBy[Physical]Data[10 03]; Check DiagData[50 03 00 32 00 C8]Within[50]ms; Send DiagBy[Physical]Data[27 01]AndCheckResp[PositiveResponse]; Send Security Right KeyBy[Physical]Level[02]; Check DiagData[67 02]Within[50]ms; Send DiagBy[Physical]Data[27 01]; | J19: Check DiagData[67 01 00 00 00 00]Within[50]ms; | L19: Fail
A20: Path A: Wrong Key Path
A21: 14 | B21: 1.General 2.DiagnosticServices | C21: Diag_0x27_Phy_014 | D21: Meets the maximum of 3 failed attempts (wrong key); does not meet the reverse test case with a lockout time of 10 seconds | E21: High | F21: 陈亚-80025578 | G21: Based on analysis of requirements | H21: 1.Power On; | I21: Send DiagBy[Physical]Data[10 03]; Check DiagData[50 03 00 32 00 C8]Within[50]ms; Send DiagBy[Physical]Data[27 01]AndCheckResp[PositiveResponse]; Send Security Wrong KeyBy[Physical]Level[02]; Check DiagData[7F 27 35]Within[50]ms; Send DiagBy[Physical]Data[27 01]AndCheckResp[PositiveResponse]; Send Security Wrong KeyBy[Physical]Level[02]; Check DiagData[7F 27 35]Within[50]ms; Send DiagBy[Physical]Data[27 01]AndCheckResp[PositiveResponse]; Send Security Wrong KeyBy[Physical]Level[02]; Check DiagData[7F 27 36]Within[50]ms; Send DiagBy[Physical]Data[27 01]; | J21: Check DiagData[7F 27 37]Within[50]ms; | L21: Fail
A22: 15 | B22: 1.General 2.DiagnosticServices | C22: Diag_0x27_Phy_015 | D22: A PositiveResponse test case that meets a maximum of 3 failed attempts (wrong key) and a lockout duration of 10 seconds | E22: High | F22: 陈亚-80025578 | G22: Based on analysis of requirements | H22: 1.Power On; | I22: Send DiagBy[Physical]Data[10 03]; Check DiagData[50 03 00 32 00 C8]Within[50]ms; Send DiagBy[Physical]Data[27 01]AndCheckResp[PositiveResponse]; Send Security Wrong KeyBy[Physical]Level[02]; Check DiagData[7F 27 35]Within[50]ms; Send DiagBy[Physical]Data[27 01]AndCheckResp[PositiveResponse]; Send Security Wrong KeyBy[Physical]Level[02]; Check DiagData[7F 27 35]Within[50]ms; Send DiagBy[Physical]Data[27 01]AndCheckResp[PositiveResponse]; Send Security Wrong KeyBy[Physical]Level[02]; Check DiagData[7F 27 36]Within[50]ms; Delay[10000]ms; Send DiagBy[Physical]Data[27 01]; | J22: Check DiagData[67 01 XX XX XX XX]Within[50]ms; | L22: Fail
A23: 16 | B23: 1.General 2.DiagnosticServices | C23: Diag_0x27_Phy_016 | D23: A negative test case where the maximum number of secure access attempts (with incorrect keys) is reached and the 10-second delay has not expired | E23: Low | F23: 陈亚-80025578 | G23: Based on analysis of requirements | H23: 1.Power On; | I23: Send DiagBy[Physical]Data[10 03]; Check DiagData[50 03 00 32 00 C8]Within[50]ms; Send DiagBy[Physical]Data[27 01]AndCheckResp[PositiveResponse]; Send Security Wrong KeyBy[Physical]Level[02]; Check DiagData[7F 27 35]Within[50]ms; Send DiagBy[Physical]Data[27 01]AndCheckResp[PositiveResponse]; Send Security Wrong KeyBy[Physical]Level[02]; Check DiagData[7F 27 35]Within[50]ms; Send DiagBy[Physical]Data[27 01]AndCheckResp[PositiveResponse]; Send Security Wrong KeyBy[Physical]Level[02]; Check DiagData[7F 27 36]Within[50]ms; Delay[5000]ms; Send DiagBy[Physical]Data[27 01]; | J23: Check DiagData[7F 27 37]Within[50]ms; | L23: Fail
A24: 17 | B24: 1.General 2.DiagnosticServices | C24: Diag_0x27_Phy_017 | D24: When the maximum number of safe access attempts (wrong key) = 4 is reached, successfully unlock once to reset counter | E24: High | F24: 陈亚-80025578 | G24: Based on analysis of requirements | H24: 1.Power On; | I24: Send DiagBy[Physical]Data[10 03]; Check DiagData[50 03 00 32 00 C8]Within[50]ms; Send DiagBy[Physical]Data[27 01]AndCheckResp[PositiveResponse]; Send Security Wrong KeyBy[Physical]Level[02]; Check DiagData[7F 27 35]Within[50]ms; Send DiagBy[Physical]Data[27 01]AndCheckResp[PositiveResponse]; Send Security Wrong KeyBy[Physical]Level[02]; Check DiagData[7F 27 35]Within[50]ms; Send DiagBy[Physical]Data[27 01]AndCheckResp[PositiveResponse]; Send Security Right KeyBy[Physical]Level[02]; Check DiagData[67 02]Within[50]ms; Send DiagBy[Physical]Data[27 01]AndCheckResp[PositiveResponse]; Send Security Wrong KeyBy[Physical]Level[02]; Check DiagData[7F 27 35]Within[50]ms; Send DiagBy[Physical]Data[27 01]AndCheckResp[PositiveResponse]; Send Security Wrong KeyBy[Physical]Level[02]; Check DiagData[7F 27 35]Within[50]ms; Send DiagBy[Physical]Data[27 01]AndCheckResp[PositiveResponse]; Send Security Wrong KeyBy[Physical]Level[02]; | J24: Check DiagData[7F 27 36]Within[50]ms; | L24: Fail
A25: 18 | B25: 1.General 2.DiagnosticServices | C25: Diag_0x27_Phy_018 | D25: SAcounter equals 3 after reset when FAAflag = True (wrong key) - PositiveResponse | E25: High | F25: 陈亚-80025578 | G25: Based on analysis of requirements | H25: 1.Power On; | I25: Send DiagBy[Physical]Data[10 03]; Check DiagData[50 03 00 32 00 C8]Within[50]ms; Send DiagBy[Physical]Data[27 01]AndCheckResp[PositiveResponse]; Send Security Wrong KeyBy[Physical]Level[02]; Check DiagData[7F 27 35]Within[50]ms; Send DiagBy[Physical]Data[27 01]AndCheckResp[PositiveResponse]; Send Security Wrong KeyBy[Physical]Level[02]; Check DiagData[7F 27 35]Within[50]ms; Send DiagBy[Physical]Data[27 01]AndCheckResp[PositiveResponse]; Send Security Wrong KeyBy[Physical]Level[02]; Check DiagData[7F 27 36]Within[50]ms; Set Voltage[0]V; Delay[1000]ms; Set Voltage[12]V; Delay[1000]ms; Send DiagBy[Physical]Data[10 03]; Check DiagData[50 03 00 32 00 C8]Within[50]ms; Send DiagBy[Physical]Data[27 01]; | J25: Check DiagData[7F 27 37]Within[50]ms; | L25: Fail
A26: 19 | B26: 1.General 2.DiagnosticServices | C26: Diag_0x27_Phy_019 | D26: SAcounter after reset when FAAflag = False (wrong key) - PositiveResponse | E26: High | F26: 陈亚-80025578 | G26: Based on analysis of requirements | H26: 1.Power On; | I26: Send DiagBy[Physical]Data[10 03]; Check DiagData[50 03 00 32 00 C8]Within[50]ms; Send DiagBy[Physical]Data[27 01]AndCheckResp[PositiveResponse]; Send Security Wrong KeyBy[Physical]Level[02]; Check DiagData[7F 27 35]Within[50]ms; Send DiagBy[Physical]Data[27 01]AndCheckResp[PositiveResponse]; Send Security Wrong KeyBy[Physical]Level[02]; Check DiagData[7F 27 35]Within[50]ms; Send DiagBy[Physical]Data[27 01]AndCheckResp[PositiveResponse]; Send Security Wrong KeyBy[Physical]Level[02]; Check DiagData[7F 27 36]Within[50]ms; Set Voltage[0]V; Delay[1000]ms; Set Voltage[12]V; Delay[1000]ms; Send DiagBy[Physical]Data[10 03]; Check DiagData[50 03 00 32 00 C8]Within[50]ms; Send DiagBy[Physical]Data[27 01]; | J26: Check DiagData[67 01 XX XX XX XX]Within[50]ms; | L26: Fail
A27: 20 | B27: 1.General 2.DiagnosticServices | C27: Diag_0x27_Phy_020 | D27: Hardware reset enabled 10s delay time (wrong key) - PositiveResponse | E27: High | F27: 陈亚-80025578 | G27: Based on analysis of requirements | H27: 1.Power On; | I27: Send DiagBy[Physical]Data[10 03]; Check DiagData[50 03 00 32 00 C8]Within[50]ms; Send DiagBy[Physical]Data[27 01]AndCheckResp[PositiveResponse]; Send Security Wrong KeyBy[Physical]Level[02]; Check DiagData[7F 27 35]Within[50]ms; Send DiagBy[Physical]Data[27 01]AndCheckResp[PositiveResponse]; Send Security Wrong KeyBy[Physical]Level[02]; Check DiagData[7F 27 35]Within[50]ms; Send DiagBy[Physical]Data[27 01]AndCheckResp[PositiveResponse]; Send Security Wrong KeyBy[Physical]Level[02]; Check DiagData[7F 27 36]Within[50]ms; Send DiagBy[Physical]Data[11 01]; Check DiagData[51 01]Within[50]ms; Delay[2000]ms; Send DiagBy[Physical]Data[10 03]; Check DiagData[50 03 00 32 00 C8]Within[50]ms; Delay[10000]ms; Send DiagBy[Physical]Data[27 01]; | J27: Check DiagData[67 01 XX XX XX XX]Within[50]ms; | L27: Fail
A28: 21 | B28: 1.General 2.DiagnosticServices | C28: Diag_0x27_Phy_021 | D28: Reverse test case for reaching the maximum number of safe access attempts (wrong key) and the 10-second delay | E28: High | F28: 陈亚-80025578 | G28: Based on analysis of requirements | H28: 1.Power On; | I28: Send DiagBy[Physical]Data[10 03]; Check DiagData[50 03 00 32 00 C8]Within[50]ms; Send DiagBy[Physical]Data[27 01]AndCheckResp[PositiveResponse]; Send Security Wrong KeyBy[Physical]Level[02]; Check DiagData[7F 27 35]Within[50]ms; Send DiagBy[Physical]Data[27 01]AndCheckResp[PositiveResponse]; Send Security Wrong KeyBy[Physical]Level[02]; Check DiagData[7F 27 35]Within[50]ms; Send DiagBy[Physical]Data[27 01]AndCheckResp[PositiveResponse]; Send Security Wrong KeyBy[Physical]Level[02]; Check DiagData[7F 27 36]Within[50]ms; Send DiagBy[Physical]Data[27 01]; Check DiagData[7F 27 37]Within[50]ms; Send DiagBy[Physical]Data[27 01]; | J28: Check DiagData[7F 27 37]Within[50]ms; | L28: Fail
A29: Path B: Consecutive Seed Request Path
A30: 22 | B30: 1.General 2.DiagnosticServices | C30: Diag_0x27_Phy_022 | D30: Meets the maximum of 3 failed attempts (request seed); does not meet the reverse test case with a lockout time of 10 seconds | E30: High | F30: 陈亚-80025578 | G30: Based on analysis of requirements | H30: 1.Power On; | I30: Send DiagBy[Physical]Data[10 03]; Check DiagData[50 03 00 32 00 C8]Within[50]ms; Send DiagBy[Physical]Data[27 01]; Check DiagData[67 01 XX XX XX XX]Within[50]ms; Send DiagBy[Physical]Data[27 01]; Check DiagData[67 01 XX XX XX XX]Within[50]ms; Send DiagBy[Physical]Data[27 01]; Check DiagData[67 01 XX XX XX XX]Within[50]ms; Send DiagBy[Physical]Data[27 01]; | J30: Check DiagData[7F 27 36]Within[50]ms; | L30: Fail
A31: 23 | B31: 1.General 2.DiagnosticServices | C31: Diag_0x27_Phy_023 | D31: A PositiveResponse test case that meets a maximum of 3 failed attempts (request seed) and a lockout duration of 10 seconds | E31: High | F31: 陈亚-80025578 | G31: Based on analysis of requirements | H31: 1.Power On; | I31: Send DiagBy[Physical]Data[10 03]; Check DiagData[50 03 00 32 00 C8]Within[50]ms; Send DiagBy[Physical]Data[27 01]; Check DiagData[67 01 XX XX XX XX]Within[50]ms; Send DiagBy[Physical]Data[27 01]; Check DiagData[67 01 XX XX XX XX]Within[50]ms; Send DiagBy[Physical]Data[27 01]; Check DiagData[67 01 XX XX XX XX]Within[50]ms; Send DiagBy[Physical]Data[27 01]; Check DiagData[7F 27 36]Within[50]ms; Delay[10000]ms; Send DiagBy[Physical]Data[27 01]; | J31: Check DiagData[67 01 XX XX XX XX]Within[50]ms; | L31: Fail
A32: 24 | B32: 1.General 2.DiagnosticServices | C32: Diag_0x27_Phy_024 | D32: A negative test case where the maximum number of secure access attempts (request seed) is reached and the 10-second delay has not expired | E32: High | F32: 陈亚-80025578 | G32: Based on analysis of requirements | H32: 1.Power On; | I32: Send DiagBy[Physical]Data[10 03]; Check DiagData[50 03 00 32 00 C8]Within[50]ms; Send DiagBy[Physical]Data[27 01]; Check DiagData[67 01 XX XX XX XX]Within[50]ms; Send DiagBy[Physical]Data[27 01]; Check DiagData[67 01 XX XX XX XX]Within[50]ms; Send DiagBy[Physical]Data[27 01]; Check DiagData[67 01 XX XX XX XX]Within[50]ms; Send DiagBy[Physical]Data[27 01]; Check DiagData[7F 27 36]Within[50]ms; Delay[5000]ms; Send DiagBy[Physical]Data[27 01]; | J32: Check DiagData[7F 27 37]Within[50]ms; | L32: Fail
A33: 25 | B33: 1.General 2.DiagnosticServices | C33: Diag_0x27_Phy_025 | D33: When the maximum number of safe access attempts (request seed) = 4 is reached, successfully unlock once to reset counter | E33: High | F33: 陈亚-80025578 | G33: Based on analysis of requirements | H33: 1.Power On; | I33: Send DiagBy[Physical]Data[10 03]; Check DiagData[50 03 00 32 00 C8]Within[50]ms; Send DiagBy[Physical]Data[27 01]; Check DiagData[67 01 XX XX XX XX]Within[50]ms; Send DiagBy[Physical]Data[27 01]; Check DiagData[67 01 XX XX XX XX]Within[50]ms; Send DiagBy[Physical]Data[27 01]AndCheckResp[PositiveResponse]; Send Security Right KeyBy[Physical]Level[02]; Check DiagData[67 02]Within[50]ms; Send DiagBy[Physical]Data[27 01]; Check DiagData[67 01 00 00 00 00]Within[50]ms; Send DiagBy[Physical]Data[27 01]; Check DiagData[67 01 00 00 00 00]Within[50]ms; Send DiagBy[Physical]Data[27 01]; Check DiagData[67 01 00 00 00 00]Within[50]ms; Send DiagBy[Physical]Data[27 01]; | J33: Check DiagData[7F 27 36]Within[50]ms; | L33: Fail
A34: 26 | B34: 1.General 2.DiagnosticServices | C34: Diag_0x27_Phy_026 | D34: SAcounter equals 3 after reset when FAAflag = True (request seed) - PositiveResponse | E34: High | F34: 陈亚-80025578 | G34: Based on analysis of requirements | H34: 1.Power On; | I34: Send DiagBy[Physical]Data[10 03]; Check DiagData[50 03 00 32 00 C8]Within[50]ms; Send DiagBy[Physical]Data[27 01]; Check DiagData[67 01 XX XX XX XX]Within[50]ms; Send DiagBy[Physical]Data[27 01]; Check DiagData[67 01 XX XX XX XX]Within[50]ms; Send DiagBy[Physical]Data[27 01]; Check DiagData[67 01 XX XX XX XX]Within[50]ms; Send DiagBy[Physical]Data[27 01]; Check DiagData[7F 27 36]Within[50]ms; Set Voltage[0]V; Delay[1000]ms; Set Voltage[12]V; Delay[1000]ms; Send DiagBy[Physical]Data[10 03]; Check DiagData[50 03 00 32 00 C8]Within[50]ms; Send DiagBy[Physical]Data[27 01]; | J34: Check DiagData[7F 27 37]Within[50]ms; | L34: Fail
A35: 27 | B35: 1.General 2.DiagnosticServices | C35: Diag_0x27_Phy_027 | D35: SAcounter after reset when FAAflag = False (request seed) - PositiveResponse | E35: High | F35: 陈亚-80025578 | G35: Based on analysis of requirements | H35: 1.Power On; | I35: Send DiagBy[Physical]Data[10 03]; Check DiagData[50 03 00 32 00 C8]Within[50]ms; Send DiagBy[Physical]Data[27 01]; Check DiagData[67 01 XX XX XX XX]Within[50]ms; Send DiagBy[Physical]Data[27 01]; Check DiagData[67 01 XX XX XX XX]Within[50]ms; Send DiagBy[Physical]Data[27 01]; Check DiagData[67 01 XX XX XX XX]Within[50]ms; Send DiagBy[Physical]Data[27 01]; Check DiagData[7F 27 36]Within[50]ms; Set Voltage[0]V; Delay[1000]ms; Set Voltage[12]V; Delay[1000]ms; Send DiagBy[Physical]Data[10 03]; Check DiagData[50 03 00 32 00 C8]Within[50]ms; Send DiagBy[Physical]Data[27 01]; | J35: Check DiagData[67 01 XX XX XX XX]Within[50]ms; | L35: Fail
A36: 28 | B36: 1.General 2.DiagnosticServices | C36: Diag_0x27_Phy_028 | D36: Hardware reset enabled 10s delay time (request seed) - PositiveResponse | E36: High | F36: 陈亚-80025578 | G36: Based on analysis of requirements | H36: 1.Power On; | I36: Send DiagBy[Physical]Data[10 03]; Check DiagData[50 03 00 32 00 C8]Within[50]ms; Send DiagBy[Physical]Data[27 01]; Check DiagData[67 01 XX XX XX XX]Within[50]ms; Send DiagBy[Physical]Data[27 01]; Check DiagData[67 01 XX XX XX XX]Within[50]ms; Send DiagBy[Physical]Data[27 01]; Check DiagData[67 01 XX XX XX XX]Within[50]ms; Send DiagBy[Physical]Data[27 01]; Check DiagData[7F 27 36]Within[50]ms; Send DiagBy[Physical]Data[11 01]; Check DiagData[51 01]Within[50]ms; Delay[2000]ms; Send DiagBy[Physical]Data[10 03]; Check DiagData[50 03 00 32 00 C8]Within[50]ms; Delay[10000]ms; Send DiagBy[Physical]Data[27 01]; | J36: Check DiagData[67 01 XX XX XX XX]Within[50]ms; | L36: Fail
A37: 29 | B37: 1.General 2.DiagnosticServices | C37: Diag_0x27_Phy_029 | D37: Reverse test case for reaching the maximum number of safe access attempts (request seed) and the 10-second delay | E37: High | F37: 陈亚-80025578 | G37: Based on analysis of requirements | H37: 1.Power On; | I37: Send DiagBy[Physical]Data[10 03]; Check DiagData[50 03 00 32 00 C8]Within[50]ms; Send DiagBy[Physical]Data[27 01]; Check DiagData[67 01 XX XX XX XX]Within[50]ms; Send DiagBy[Physical]Data[27 01]; Check DiagData[67 01 XX XX XX XX]Within[50]ms; Send DiagBy[Physical]Data[27 01]; Check DiagData[67 01 XX XX XX XX]Within[50]ms; Send DiagBy[Physical]Data[27 01]; Check DiagData[7F 27 36]Within[50]ms; Send DiagBy[Physical]Data[27 01]; Check DiagData[7F 27 37]Within[50]ms; Send DiagBy[Physical]Data[27 01]; | J37: Check DiagData[7F 27 37]Within[50]ms; | L37: Fail
A38: 1.4 Secure Access Time Test
A39: 30 | B39: 1.General 2.DiagnosticServices | C39: Diag_0x27_Phy_030 | D39: Duration after unlocking: 5s - PositiveResponse Response Case-$27 | E39: High | F39: 陈亚-80025578 | G39: Based on analysis of requirements | H39: 1.Power On; | I39: Send DiagBy[Physical]Data[10 03]; Check DiagData[50 03 00 32 00 C8]Within[50]ms; Send DiagBy[Physical]Data[27 01]AndCheckResp[PositiveResponse]; Send Security Right KeyBy[Physical]Level[02]; Check DiagData[67 02]Within[50]ms; Delay[4900]ms; Send DiagBy[Physical]Data[3E 00]; Check DiagData[7E 00]Within[50]ms; Delay[4900]ms; Send DiagBy[Physical]Data[27 01]; | J39: Check DiagData[67 01 00 00 00 00]Within[50]ms; | L39: Fail
A40: 1.5 ECU Reset Test
A41: 31 | B41: 1.General 2.DiagnosticServices | C41: Diag_0x27_Phy_031 | D41: ECU power reset Session returns to the DefaultSession PositiveResponseCase-$27 | E41: Low | F41: 陈亚-80025578 | G41: Based on analysis of requirements | H41: 1.Power On; | I41: Send DiagBy[Physical]Data[10 03]; Check DiagData[50 03 00 32 00 C8]Within[50]ms; Send DiagBy[Physical]Data[27 01]AndCheckResp[PositiveResponse]; Send Security Right KeyBy[Physical]Level[02]; Check DiagData[67 02]Within[50]ms; Set Voltage[0]V; Delay[1000]ms; Set Voltage[12]V; Delay[1000]ms; Send DiagBy[Physical]Data[10 03]; Check DiagData[50 03 00 32 00 C8]Within[50]ms; Send DiagBy[Physical]Data[27 01]; | J41: Check DiagData[67 01 XX XX XX XX]Within[50]ms; | L41: Fail
A42: 32 | B42: 1.General 2.DiagnosticServices | C42: Diag_0x27_Phy_032 | D42: ECU Hardware reset Session returns to the DefaultSession PositiveResponseCase-$27 | E42: Low | F42: 陈亚-80025578 | G42: Based on analysis of requirements | H42: 1.Power On; | I42: Send DiagBy[Physical]Data[10 03]; Check DiagData[50 03 00 32 00 C8]Within[50]ms; Send DiagBy[Physical]Data[27 01]AndCheckResp[PositiveResponse]; Send Security Right KeyBy[Physical]Level[02]; Check DiagData[67 02]Within[50]ms; Send DiagBy[Physical]Data[11 01]; Check DiagData[51 01]Within[50]ms; Delay[2000]ms; Send DiagBy[Physical]Data[10 03]; Check DiagData[50 03 00 32 00 C8]Within[50]ms; Send DiagBy[Physical]Data[27 01]; | J42: Check DiagData[67 01 XX XX XX XX]Within[50]ms; | L42: Fail
A43: 33 | B43: 1.General 2.DiagnosticServices | C43: Diag_0x27_Phy_033 | D43: Switch default Session 0x27 Security access level reset NegativeCase-$27 | E43: Low | F43: 陈亚-80025578 | G43: Based on analysis of requirements | H43: 1.Power On; | I43: Send DiagBy[Physical]Data[10 03]; Check DiagData[50 03 00 32 00 C8]Within[50]ms; Send DiagBy[Physical]Data[27 01]AndCheckResp[PositiveResponse]; Send Security Right KeyBy[Physical]Level[02]; Check DiagData[67 02]Within[50]ms; Send DiagBy[Physical]Data[10 01]; Check DiagData[50 01 00 32 00 C8]Within[50]ms; Send DiagBy[Physical]Data[10 03]; Check DiagData[50 03 00 32 00 C8]Within[50]ms; Send DiagBy[Physical]Data[27 01]; | J43: Check DiagData[67 01 XX XX XX XX]Within[50]ms; | L43: Fail
A44: 34 | B44: 1.General 2.DiagnosticServices | C44: Diag_0x27_Phy_034 | D44: Software reset, security access function normal request to the seed PositiveResponsecase-$27 | E44: High | F44: 陈亚-80025578 | G44: Based on analysis of requirements | H44: 1.Power On; | I44: Send DiagBy[Physical]Data[10 03]; Check DiagData[50 03 00 32 00 C8]Within[50]ms; Send DiagBy[Physical]Data[11 01]; Check DiagData[51 01]Within[50]ms; Delay[2000]ms; Send DiagBy[Physical]Data[10 03]; Check DiagData[50 03 00 32 00 C8]Within[50]ms; Send DiagBy[Physical]Data[27 01]; | J44: Check DiagData[67 01 XX XX XX XX]Within[50]ms; | L44: Fail
A45: 1.6 SPRMIB Test
A46: 35 | B46: 1.General 2.DiagnosticServices | C46: Diag_0x27_Phy_035 | D46: The 0x27 nonsupport SPRMIB Negativecase-$27 | E46: High | F46: 陈亚-80025578 | G46: Based on analysis of requirements | H46: 1.Power On; | I46: Send DiagBy[Physical]Data[10 03]; Check DiagData[50 03 00 32 00 C8]Within[50]ms; Send DiagBy[Physical]Data[27 81]; Check DiagData[7F 27 12]Within[50]ms; Send DiagBy[Physical]Data[27 82]; | J46: Check DiagData[7F 27 12]Within[50]ms; | L46: Fail
A47: 1.7 Incorrect Diagnostic Command Test
A48: 36 | B48: 1.General 2.DiagnosticServices | C48: Diag_0x27_Phy_036 | D48: Valid SF_DL=2, invalid SF_DL > 2, and those with invalid equivalence class SF_DL=3 NegativeCase-$27 | E48: Low | F48: 陈亚-80025578 | G48: Based on analysis of requirements | H48: 1.Power On; | I48: Send DiagBy[Physical]Data[10 03]; Check DiagData[50 03 00 32 00 C8]Within[50]ms; Send DiagBy[Physical]Data[27 01 00]WithLen[3]; | J48: Check DiagData[7F 27 13]Within[50]ms; | L48: Fail
A49: 37 | B49: 1.General 2.DiagnosticServices | C49: Diag_0x27_Phy_037 | D49: Valid SF_DL=2, invalid SF_DL < 2, and those with invalid equivalence class SF_DL=1 NegativeCase-$27 | E49: Low | F49: 陈亚-80025578 | G49: Based on analysis of requirements | H49: 1.Power On; | I49: Send DiagBy[Physical]Data[10 03]; Check DiagData[50 03 00 32 00 C8]Within[50]ms; Send DiagBy[Physical]Data[27]WithLen[1]; | J49: Check DiagData[7F 27 13]Within[50]ms; | L49: Fail
A50: 1.8 NRC Priority Test
A51: 38 | B51: 1.General 2.DiagnosticServices | C51: Diag_0x27_Phy_038 | D51: NRC 13>12>37>22 | E51: High | F51: 陈亚-80025578 | G51: Based on analysis of requirements | H51: 1.Power On; | I51: Send DiagBy[Physical]Data[10 03]; Check DiagData[50 03 00 32 00 C8]Within[50]ms; Send DiagBy[Physical]Data[27]WithLen[1]; | J51: Check DiagData[7F 27 13]Within[50]ms; | L51: Fail
A52: APP Functional Addressing Test Cases
A53: 1.9 Functional Addressing Test (APP)
A54: 39 | B54: 1.General 2.DiagnosticServices | C54: Diag_0x27_Fun_039 | D54: Default Session Functional addressing 0x27 Service No_Response case-$27 | E54: High | F54: 陈亚-80025578 | G54: Based on analysis of requirements | H54: 1.Power On; | I54: Send DiagBy[Physical]Data[10 01]; Check DiagData[50 01 00 32 00 C8]Within[50]ms; Send DiagBy[Function]Data[27 01]; | J54: Check No_Response Within[1000]ms; | L54: Fail
A55: 40 | B55: 1.General 2.DiagnosticServices | C55: Diag_0x27_Fun_040 | D55: Extended Session Functional addressing 0x27 Service No_Response case-$27 | E55: High | F55: 陈亚-80025578 | G55: Based on analysis of requirements | H55: 1.Power On; | I55: Send DiagBy[Physical]Data[10 03]; Check DiagData[50 03 00 32 00 C8]Within[50]ms; Send DiagBy[Function]Data[27 01]; | J55: Check No_Response Within[1000]ms; | L55: Fail
A56: Boot Physical Addressing Test Cases
A57: 2.1 Boot Session Layer Test
A58: 41 | B58: 1.General 2.DiagnosticServices | C58: Diag_0x27_Phy_041 | D58: Boot Default Session nonsupport 0x27 Service security access level 1 Negativecase-$27 | E58: High | F58: 陈亚-80025578 | G58: Based on analysis of requirements | H58: 1.Power On; | I58: Send DiagBy[Physical]Data[10 01]; Check DiagData[50 01 00 32 00 C8]Within[50]ms; Delay[1000]ms; Send DiagBy[Physical]Data[10 03]; Check DiagData[50 03 00 32 00 C8]Within[50]ms; Send DiagBy[Physical]Data[31 01 02 03]; Check DiagData[71 01 02 03 00]Within[50]ms; Send DiagBy[Physical]Data[10 02]; Check DiagData[50 02 00 32 00 C8]Within[50]ms; Send DiagBy[Physical]Data[10 01]; Check DiagData[50 01 00 32 00 C8]Within[50]ms; Send DiagBy[Physical]Data[27 01]; | J58: Check DiagData[7F 27 7F]Within[50]ms; | L58: Fail
A59: 42 | B59: 1.General 2.DiagnosticServices | C59: Diag_0x27_Phy_042 | D59: Boot Default Session nonsupport 0x27 Service security access level 2 Negativecase-$27 | E59: High | F59: 陈亚-80025578 | G59: Based on analysis of requirements | H59: 1.Power On; | I59: Send DiagBy[Physical]Data[10 01]; Check DiagData[50 01 00 32 00 C8]Within[50]ms; Delay[1000]ms; Send DiagBy[Physical]Data[10 03]; Check DiagData[50 03 00 32 00 C8]Within[50]ms; Send DiagBy[Physical]Data[31 01 02 03]; Check DiagData[71 01 02 03 00]Within[50]ms; Send DiagBy[Physical]Data[10 02]; Check DiagData[50 02 00 32 00 C8]Within[50]ms; Send DiagBy[Physical]Data[10 01]; Check DiagData[50 01 00 32 00 C8]Within[50]ms; Send DiagBy[Physical]Data[27 03]; | J59: Check DiagData[7F 27 7F]Within[50]ms; | L59: Fail
A60: 43 | B60: 1.General 2.DiagnosticServices | C60: Diag_0x27_Phy_043 | D60: Boot Programming Session support 0x27 Service security access level 1 PositiveResponsecase-$27 | E60: High | F60: 陈亚-80025578 | G60: Based on analysis of requirements | H60: 1.Power On; | I60: Send DiagBy[Physical]Data[10 01]; Check DiagData[50 01 00 32 00 C8]Within[50]ms; Delay[1000]ms; Send DiagBy[Physical]Data[10 03]; Check DiagData[50 03 00 32 00 C8]Within[50]ms; Send DiagBy[Physical]Data[31 01 02 03]; Check DiagData[71 01 02 03 00]Within[50]ms; Send DiagBy[Physical]Data[10 02]; Check DiagData[50 02 00 32 00 C8]Within[50]ms; Send DiagBy[Physical]Data[27 01]AndCheckResp[PositiveResponse]; Send Security Right KeyBy[Physical]Level[02]; | J60: Check DiagData[67 02]Within[50]ms; | L60: Fail
A61: 44 | B61: 1.General 2.DiagnosticServices | C61: Diag_0x27_Phy_044 | D61: Boot Programming Session support 0x27 Service security access level 2 PositiveResponsecase-$27 | E61: High | F61: 陈亚-80025578 | G61: Based on analysis of requirements | H61: 1.Power On; | I61: Send DiagBy[Physical]Data[10 01]; Check DiagData[50 01 00 32 00 C8]Within[50]ms; Delay[1000]ms; Send DiagBy[Physical]Data[10 03]; Check DiagData[50 03 00 32 00 C8]Within[50]ms; Send DiagBy[Physical]Data[31 01 02 03]; Check DiagData[71 01 02 03 00]Within[50]ms; Send DiagBy[Physical]Data[10 02]; Check DiagData[50 02 00 32 00 C8]Within[50]ms; Send DiagBy[Physical]Data[27 03]AndCheckResp[PositiveResponse]; Send Security Right KeyBy[Physical]Level[04]; | J61: Check DiagData[67 04]Within[50]ms; | L61: Fail
A62: 45 | B62: 1.General 2.DiagnosticServices | C62: Diag_0x27_Phy_045 | D62: Boot Extended Session support 0x27 Service security access level 1 PositiveResponsecase-$27 | E62: High | F62: 陈亚-80025578 | G62: Based on analysis of requirements | H62: 1.Power On; | I62: Send DiagBy[Physical]Data[10 01]; Check DiagData[50 01 00 32 00 C8]Within[50]ms; Delay[1000]ms; Send DiagBy[Physical]Data[10 03]; Check DiagData[50 03 00 32 00 C8]Within[50]ms; Send DiagBy[Physical]Data[31 01 02 03]; Check DiagData[71 01 02 03 00]Within[50]ms; Send DiagBy[Physical]Data[10 02]; Check DiagData[50 02 00 32 00 C8]Within[50]ms; Send DiagBy[Physical]Data[10 03]; Check DiagData[50 03 00 32 00 C8]Within[50]ms; Send DiagBy[Physical]Data[27 01]AndCheckResp[PositiveResponse]; Send Security Right KeyBy[Physical]Level[02]; | J62: Check DiagData[67 02]Within[50]ms; | L62: Fail
A63: 46 | B63: 1.General 2.DiagnosticServices | C63: Diag_0x27_Phy_046 | D63: Boot Extended Session support 0x27 Service security access level 2 PositiveResponsecase-$27 | E63: High | F63: 陈亚-80025578 | G63: Based on analysis of requirements | H63: 1.Power On; | I63: Send DiagBy[Physical]Data[10 01]; Check DiagData[50 01 00 32 00 C8]Within[50]ms; Delay[1000]ms; Send DiagBy[Physical]Data[10 03]; Check DiagData[50 03 00 32 00 C8]Within[50]ms; Send DiagBy[Physical]Data[31 01 02 03]; Check DiagData[71 01 02 03 00]Within[50]ms; Send DiagBy[Physical]Data[10 02]; Check DiagData[50 02 00 32 00 C8]Within[50]ms; Send DiagBy[Physical]Data[10 03]; Check DiagData[50 03 00 32 00 C8]Within[50]ms; Send DiagBy[Physical]Data[27 03]AndCheckResp[PositiveResponse]; Send Security Right KeyBy[Physical]Level[04]; | J63: Check DiagData[67 04]Within[50]ms; | L63: Fail
A64: 2.2 Boot Secure Access Process Test
A65: 47 | B65: 1.General 2.DiagnosticServices | C65: Diag_0x27_Phy_047 | D65: Boot - Does not meet the secure access process, only requests seeds | E65: High | F65: 陈亚-80025578 | G65: Based on analysis of requirements | H65: 1.Power On; | I65: Send DiagBy[Physical]Data[10 01]; Check DiagData[50 01 00 32 00 C8]Within[50]ms; Delay[1000]ms; Send DiagBy[Physical]Data[10 03]; Check DiagData[50 03 00 32 00 C8]Within[50]ms; Send DiagBy[Physical]Data[31 01 02 03]; Check DiagData[71 01 02 03 00]Within[50]ms; Send DiagBy[Physical]Data[10 02]; Check DiagData[50 02 00 32 00 C8]Within[50]ms; Send DiagBy[Physical]Data[27 01]; | J65: Check DiagData[67 01 XX XX XX XX]Within[50]ms; | L65: Fail
A66: 48 | B66: 1.General 2.DiagnosticServices | C66: Diag_0x27_Phy_048 | D66: Boot - Does not meet the secure access process, only sending the key; a negative test case | E66: High | F66: 陈亚-80025578 | G66: Based on analysis of requirements | H66: 1.Power On; | I66: Send DiagBy[Physical]Data[10 01]; Check DiagData[50 01 00 32 00 C8]Within[50]ms; Delay[1000]ms; Send DiagBy[Physical]Data[10 03]; Check DiagData[50 03 00 32 00 C8]Within[50]ms; Send DiagBy[Physical]Data[31 01 02 03]; Check DiagData[71 01 02 03 00]Within[50]ms; Send DiagBy[Physical]Data[10 02]; Check DiagData[50 02 00 32 00 C8]Within[50]ms; Send DiagBy[Physical]Data[27 02 FF FF FF FF]; | J66: Check DiagData[7F 27 24]Within[50]ms; | L66: Fail
A67: 49 | B67: 1.General 2.DiagnosticServices | C67: Diag_0x27_Phy_049 | D67: Boot - Meet the secure access process: request the seed first, then send the key – a PositiveResponse use case | E67: High | F67: 陈亚-80025578 | G67: Based on analysis of requirements | H67: 1.Power On; | I67: Send DiagBy[Physical]Data[10 01]; Check DiagData[50 01 00 32 00 C8]Within[50]ms; Delay[1000]ms; Send DiagBy[Physical]Data[10 03]; Check DiagData[50 03 00 32 00 C8]Within[50]ms; Send DiagBy[Physical]Data[31 01 02 03]; Check DiagData[71 01 02 03 00]Within[50]ms; Send DiagBy[Physical]Data[10 02]; Check DiagData[50 02 00 32 00 C8]Within[50]ms; Send DiagBy[Physical]Data[27 01]AndCheckResp[PositiveResponse]; Send Security Right KeyBy[Physical]Level[02]; | J67: Check DiagData[67 02]Within[50]ms; | L67: Fail
A68: 50 | B68: 1.General 2.DiagnosticServices | C68: Diag_0x27_Phy_050 | D68: Boot - Failure to comply with the secure access process: sending the key first, then requesting the seed (same level) | E68: High | F68: 陈亚-80025578 | G68: Based on analysis of requirements | H68: 1.Power On; | I68: Send DiagBy[Physical]Data[10 01]; Check DiagData[50 01 00 32 00 C8]Within[50]ms; Delay[1000]ms; Send DiagBy[Physical]Data[10 03]; Check DiagData[50 03 00 32 00 C8]Within[50]ms; Send DiagBy[Physical]Data[31 01 02 03]; Check DiagData[71 01 02 03 00]Within[50]ms; Send DiagBy[Physical]Data[10 02]; Check DiagData[50 02 00 32 00 C8]Within[50]ms; Send DiagBy[Physical]Data[27 02 FF FF FF FF]; Check DiagData[7F 27 24]Within[50]ms; Send DiagBy[Physical]Data[27 01]; | J68: Check DiagData[67 01 XX XX XX XX]Within[50]ms; | L68: Fail
A69: 51 | B69: 1.General 2.DiagnosticServices | C69: Diag_0x27_Phy_051 | D69: Boot - Failure to comply with the secure access process: sending the key first, then requesting the seed (cross level) | E69: High | F69: 陈亚-80025578 | G69: Based on analysis of requirements | H69: 1.Power On; | I69: Send DiagBy[Physical]Data[10 01]; Check DiagData[50 01 00 32 00 C8]Within[50]ms; Delay[1000]ms; Send DiagBy[Physical]Data[10 03]; Check DiagData[50 03 00 32 00 C8]Within[50]ms; Send DiagBy[Physical]Data[31 01 02 03]; Check DiagData[71 01 02 03 00]Within[50]ms; Send DiagBy[Physical]Data[10 02]; Check DiagData[50 02 00 32 00 C8]Within[50]ms; Send DiagBy[Physical]Data[27 04 FF FF FF FF]; Check DiagData[7F 27 24]Within[50]ms; Send DiagBy[Physical]Data[27 01]; | J69: Check DiagData[67 01 XX XX XX XX]Within[50]ms; | L69: Fail
A70: 52 | B70: 1.General 2.DiagnosticServices | C70: Diag_0x27_Phy_052 | D70: Boot - Repeated seed requests return the same seed data - PositiveResponse | E70: High | F70: 陈亚-80025578 | G70: Based on analysis of requirements | H70: 1.Power On; | I70: Send DiagBy[Physical]Data[10 01]; Check DiagData[50 01 00 32 00 C8]Within[50]ms; Delay[1000]ms; Send DiagBy[Physical]Data[10 03]; Check DiagData[50 03 00 32 00 C8]Within[50]ms; Send DiagBy[Physical]Data[31 01 02 03]; Check DiagData[71 01 02 03 00]Within[50]ms; Send DiagBy[Physical]Data[10 02]; Check DiagData[50 02 00 32 00 C8]Within[50]ms; Send DiagBy[Physical]Data[27 01]AndCheckResp[PositiveResponse]; Send DiagBy[Physical]Data[27 01]AndCheckResp[PositiveResponse]; | J70: Check DiagData[67 01 XX XX XX XX]Within[50]ms; (两次返回的 seed 数据完全相同) | L70: Fail
A71: 53 | B71: 1.General 2.DiagnosticServices | C71: Diag_0x27_Phy_053 | D71: Boot - After successful unlock, request seed returns all zeros - PositiveResponse | E71: High | F71: 陈亚-80025578 | G71: Based on analysis of requirements | H71: 1.Power On; | I71: Send DiagBy[Physical]Data[10 01]; Check DiagData[50 01 00 32 00 C8]Within[50]ms; Delay[1000]ms; Send DiagBy[Physical]Data[10 03]; Check DiagData[50 03 00 32 00 C8]Within[50]ms; Send DiagBy[Physical]Data[31 01 02 03]; Check DiagData[71 01 02 03 00]Within[50]ms; Send DiagBy[Physical]Data[10 02]; Check DiagData[50 02 00 32 00 C8]Within[50]ms; Send DiagBy[Physical]Data[27 01]AndCheckResp[PositiveResponse]; Send Security Right KeyBy[Physical]Level[02]; Check DiagData[67 02]Within[50]ms; Send DiagBy[Physical]Data[27 01]; | J71: Check DiagData[67 01 00 00 00 00]Within[50]ms; | L71: Fail
A72: Path A: Wrong Key Path
A73: 54 | B73: 1.General 2.DiagnosticServices | C73: Diag_0x27_Phy_054 | D73: Boot - Meets the maximum of 3 failed attempts (wrong key); does not meet the reverse test case with a lockout time of 10 seconds | E73: High | F73: 陈亚-80025578 | G73: Based on analysis of requirements | H73: 1.Power On; | I73: Send DiagBy[Physical]Data[10 01]; Check DiagData[50 01 00 32 00 C8]Within[50]ms; Delay[1000]ms; Send DiagBy[Physical]Data[10 03]; Check DiagData[50 03 00 32 00 C8]Within[50]ms; Send DiagBy[Physical]Data[31 01 02 03]; Check DiagData[71 01 02 03 00]Within[50]ms; Send DiagBy[Physical]Data[10 02]; Check DiagData[50 02 00 32 00 C8]Within[50]ms; Send DiagBy[Physical]Data[27 01]AndCheckResp[PositiveResponse]; Send Security Wrong KeyBy[Physical]Level[02]; Check DiagData[7F 27 35]Within[50]ms; Send DiagBy[Physical]Data[27 01]AndCheckResp[PositiveResponse]; Send Security Wrong KeyBy[Physical]Level[02]; Check DiagData[7F 27 35]Within[50]ms; Send DiagBy[Physical]Data[27 01]AndCheckResp[PositiveResponse]; Send Security Wrong KeyBy[Physical]Level[02]; Check DiagData[7F 27 36]Within[50]ms; Send DiagBy[Physical]Data[27 01]; | J73: Check DiagData[7F 27 37]Within[50]ms; | L73: Fail
A74: 55 | B74: 1.General 2.DiagnosticServices | C74: Diag_0x27_Phy_055 | D74: Boot - A PositiveResponse test case that meets a maximum of 3 failed attempts (wrong key) and a lockout duration of 10 seconds | E74: High | F74: 陈亚-80025578 | G74: Based on analysis of requirements | H74: 1.Power On; | I74: Send DiagBy[Physical]Data[10 01]; Check DiagData[50 01 00 32 00 C8]Within[50]ms; Delay[1000]ms; Send DiagBy[Physical]Data[10 03]; Check DiagData[50 03 00 32 00 C8]Within[50]ms; Send DiagBy[Physical]Data[31 01 02 03]; Check DiagData[71 01 02 03 00]Within[50]ms; Send DiagBy[Physical]Data[10 02]; Check DiagData[50 02 00 32 00 C8]Within[50]ms; Send DiagBy[Physical]Data[27 01]AndCheckResp[PositiveResponse]; Send Security Wrong KeyBy[Physical]Level[02]; Check DiagData[7F 27 35]Within[50]ms; Send DiagBy[Physical]Data[27 01]AndCheckResp[PositiveResponse]; Send Security Wrong KeyBy[Physical]Level[02]; Check DiagData[7F 27 35]Within[50]ms; Send DiagBy[Physical]Data[27 01]AndCheckResp[PositiveResponse]; Send Security Wrong KeyBy[Physical]Level[02]; Check DiagData[7F 27 36]Within[50]ms; Delay[10000]ms; Send DiagBy[Physical]Data[27 01]; | J74: Check DiagData[67 01 XX XX XX XX]Within[50]ms; | L74: Fail
A75: 56 | B75: 1.General 2.DiagnosticServices | C75: Diag_0x27_Phy_056 | D75: Boot - A negative test case where the maximum number of secure access attempts (wrong key) is reached and the 10-second delay has not expired | E75: High | F75: 陈亚-80025578 | G75: Based on analysis of requirements | H75: 1.Power On; | I75: Send DiagBy[Physical]Data[10 01]; Check DiagData[50 01 00 32 00 C8]Within[50]ms; Delay[1000]ms; Send DiagBy[Physical]Data[10 03]; Check DiagData[50 03 00 32 00 C8]Within[50]ms; Send DiagBy[Physical]Data[31 01 02 03]; Check DiagData[71 01 02 03 00]Within[50]ms; Send DiagBy[Physical]Data[10 02]; Check DiagData[50 02 00 32 00 C8]Within[50]ms; Send DiagBy[Physical]Data[27 01]AndCheckResp[PositiveResponse]; Send Security Wrong KeyBy[Physical]Level[02]; Check DiagData[7F 27 35]Within[50]ms; Send DiagBy[Physical]Data[27 01]AndCheckResp[PositiveResponse]; Send Security Wrong KeyBy[Physical]Level[02]; Check DiagData[7F 27 35]Within[50]ms; Send DiagBy[Physical]Data[27 01]AndCheckResp[PositiveResponse]; Send Security Wrong KeyBy[Physical]Level[02]; Check DiagData[7F 27 36]Within[50]ms; Delay[5000]ms; Send DiagBy[Physical]Data[27 01]; | J75: Check DiagData[7F 27 37]Within[50]ms; | L75: Fail
A76: 57 | B76: 1.General 2.DiagnosticServices | C76: Diag_0x27_Phy_057 | D76: Boot - When the maximum number of safe access attempts (wrong key) = 4 is reached, successfully unlock once to reset counter | E76: High | F76: 陈亚-80025578 | G76: Based on analysis of requirements | H76: 1.Power On; | I76: Send DiagBy[Physical]Data[10 01]; Check DiagData[50 01 00 32 00 C8]Within[50]ms; Delay[1000]ms; Send DiagBy[Physical]Data[10 03]; Check DiagData[50 03 00 32 00 C8]Within[50]ms; Send DiagBy[Physical]Data[31 01 02 03]; Check DiagData[71 01 02 03 00]Within[50]ms; Send DiagBy[Physical]Data[10 02]; Check DiagData[50 02 00 32 00 C8]Within[50]ms; Send DiagBy[Physical]Data[27 01]AndCheckResp[PositiveResponse]; Send Security Wrong KeyBy[Physical]Level[02]; Check DiagData[7F 27 35]Within[50]ms; Send DiagBy[Physical]Data[27 01]AndCheckResp[PositiveResponse]; Send Security Wrong KeyBy[Physical]Level[02]; Check DiagData[7F 27 35]Within[50]ms; Send DiagBy[Physical]Data[27 01]AndCheckResp[PositiveResponse]; Send Security Right KeyBy[Physical]Level[02]; Check DiagData[67 02]Within[50]ms; Send DiagBy[Physical]Data[27 01]AndCheckResp[PositiveResponse]; Send Security Wrong KeyBy[Physical]Level[02]; Check DiagData[7F 27 35]Within[50]ms; Send DiagBy[Physical]Data[27 01]AndCheckResp[PositiveResponse]; Send Security Wrong KeyBy[Physical]Level[02]; Check DiagData[7F 27 35]Within[50]ms; Send DiagBy[Physical]Data[27 01]AndCheckResp[PositiveResponse]; Send Security Wrong KeyBy[Physical]Level[02]; | J76: Check DiagData[7F 27 36]Within[50]ms; | L76: Fail
A77: 58 | B77: 1.General 2.DiagnosticServices | C77: Diag_0x27_Phy_058 | D77: Boot - SAcounter equals 3 after reset when FAAflag = True (wrong key) - PositiveResponse | E77: High | F77: 陈亚-80025578 | G77: Based on analysis of requirements | H77: 1.Power On; | I77: Send DiagBy[Physical]Data[10 01]; Check DiagData[50 01 00 32 00 C8]Within[50]ms; Delay[1000]ms; Send DiagBy[Physical]Data[10 03]; Check DiagData[50 03 00 32 00 C8]Within[50]ms; Send DiagBy[Physical]Data[31 01 02 03]; Check DiagData[71 01 02 03 00]Within[50]ms; Send DiagBy[Physical]Data[10 02]; Check DiagData[50 02 00 32 00 C8]Within[50]ms; Send DiagBy[Physical]Data[27 01]AndCheckResp[PositiveResponse]; Send Security Wrong KeyBy[Physical]Level[02]; Check DiagData[7F 27 35]Within[50]ms; Send DiagBy[Physical]Data[27 01]AndCheckResp[PositiveResponse]; Send Security Wrong KeyBy[Physical]Level[02]; Check DiagData[7F 27 35]Within[50]ms; Send DiagBy[Physical]Data[27 01]AndCheckResp[PositiveResponse]; Send Security Wrong KeyBy[Physical]Level[02]; Check DiagData[7F 27 36]Within[50]ms; Set Voltage[0]V; Delay[1000]ms; Set Voltage[12]V; Delay[1000]ms; Send DiagBy[Physical]Data[10 01]; Check DiagData[50 01 00 32 00 C8]Within[50]ms; Delay[1000]ms; Send DiagBy[Physical]Data[10 03]; Check DiagData[50 03 00 32 00 C8]Within[50]ms; Send DiagBy[Physical]Data[31 01 02 03]; Check DiagData[71 01 02 03 00]Within[50]ms; Send DiagBy[Physical]Data[10 02]; Check DiagData[50 02 00 32 00 C8]Within[50]ms; Send DiagBy[Physical]Data[27 01]; | J77: Check DiagData[7F 27 37]Within[50]ms; | L77: Fail
A78: 59 | B78: 1.General 2.DiagnosticServices | C78: Diag_0x27_Phy_059 | D78: Boot - SAcounter after reset when FAAflag = False (wrong key) - PositiveResponse | E78: High | F78: 陈亚-80025578 | G78: Based on analysis of requirements | H78: 1.Power On; | I78: Send DiagBy[Physical]Data[10 01]; Check DiagData[50 01 00 32 00 C8]Within[50]ms; Delay[1000]ms; Send DiagBy[Physical]Data[10 03]; Check DiagData[50 03 00 32 00 C8]Within[50]ms; Send DiagBy[Physical]Data[31 01 02 03]; Check DiagData[71 01 02 03 00]Within[50]ms; Send DiagBy[Physical]Data[10 02]; Check DiagData[50 02 00 32 00 C8]Within[50]ms; Send DiagBy[Physical]Data[27 01]AndCheckResp[PositiveResponse]; Send Security Wrong KeyBy[Physical]Level[02]; Check DiagData[7F 27 35]Within[50]ms; Send DiagBy[Physical]Data[27 01]AndCheckResp[PositiveResponse]; Send Security Wrong KeyBy[Physical]Level[02]; Check DiagData[7F 27 35]Within[50]ms; Send DiagBy[Physical]Data[27 01]AndCheckResp[PositiveResponse]; Send Security Wrong KeyBy[Physical]Level[02]; Check DiagData[7F 27 36]Within[50]ms; Set Voltage[0]V; Delay[1000]ms; Set Voltage[12]V; Delay[1000]ms; Send DiagBy[Physical]Data[10 01]; Check DiagData[50 01 00 32 00 C8]Within[50]ms; Delay[1000]ms; Send DiagBy[Physical]Data[10 03]; Check DiagData[50 03 00 32 00 C8]Within[50]ms; Send DiagBy[Physical]Data[31 01 02 03]; Check DiagData[71 01 02 03 00]Within[50]ms; Send DiagBy[Physical]Data[10 02]; Check DiagData[50 02 00 32 00 C8]Within[50]ms; Send DiagBy[Physical]Data[27 01]; | J78: Check DiagData[67 01 XX XX XX XX]Within[50]ms; | L78: Fail
A79: 60 | B79: 1.General 2.DiagnosticServices | C79: Diag_0x27_Phy_060 | D79: Boot - Hardware reset enabled 10s delay time (wrong key) - PositiveResponse | E79: High | F79: 陈亚-80025578 | G79: Based on analysis of requirements | H79: 1.Power On; | I79: Send DiagBy[Physical]Data[10 01]; Check DiagData[50 01 00 32 00 C8]Within[50]ms; Delay[1000]ms; Send DiagBy[Physical]Data[10 03]; Check DiagData[50 03 00 32 00 C8]Within[50]ms; Send DiagBy[Physical]Data[31 01 02 03]; Check DiagData[71 01 02 03 00]Within[50]ms; Send DiagBy[Physical]Data[10 02]; Check DiagData[50 02 00 32 00 C8]Within[50]ms; Send DiagBy[Physical]Data[27 01]AndCheckResp[PositiveResponse]; Send Security Wrong KeyBy[Physical]Level[02]; Check DiagData[7F 27 35]Within[50]ms; Send DiagBy[Physical]Data[27 01]AndCheckResp[PositiveResponse]; Send Security Wrong KeyBy[Physical]Level[02]; Check DiagData[7F 27 35]Within[50]ms; Send DiagBy[Physical]Data[27 01]AndCheckResp[PositiveResponse]; Send Security Wrong KeyBy[Physical]Level[02]; Check DiagData[7F 27 36]Within[50]ms; Send DiagBy[Physical]Data[11 01]; Check DiagData[51 01]Within[50]ms; Delay[2000]ms; Send DiagBy[Physical]Data[10 01]; Check DiagData[50 01 00 32 00 C8]Within[50]ms; Delay[1000]ms; Send DiagBy[Physical]Data[10 03]; Check DiagData[50 03 00 32 00 C8]Within[50]ms; Send DiagBy[Physical]Data[31 01 02 03]; Check DiagData[71 01 02 03 00]Within[50]ms; Send DiagBy[Physical]Data[10 02]; Check DiagData[50 02 00 32 00 C8]Within[50]ms; Delay[10000]ms; Send DiagBy[Physical]Data[27 01]; | J79: Check DiagData[67 01 XX XX XX XX]Within[50]ms; | L79: Fail
A80: 61 | B80: 1.General 2.DiagnosticServices | C80: Diag_0x27_Phy_061 | D80: Boot - Reverse test case for reaching the maximum number of safe access attempts (wrong key) and the 10-second delay | E80: High | F80: 陈亚-80025578 | G80: Based on analysis of requirements | H80: 1.Power On; | I80: Send DiagBy[Physical]Data[10 01]; Check DiagData[50 01 00 32 00 C8]Within[50]ms; Delay[1000]ms; Send DiagBy[Physical]Data[10 03]; Check DiagData[50 03 00 32 00 C8]Within[50]ms; Send DiagBy[Physical]Data[31 01 02 03]; Check DiagData[71 01 02 03 00]Within[50]ms; Send DiagBy[Physical]Data[10 02]; Check DiagData[50 02 00 32 00 C8]Within[50]ms; Send DiagBy[Physical]Data[27 01]AndCheckResp[PositiveResponse]; Send Security Wrong KeyBy[Physical]Level[02]; Check DiagData[7F 27 35]Within[50]ms; Send DiagBy[Physical]Data[27 01]AndCheckResp[PositiveResponse]; Send Security Wrong KeyBy[Physical]Level[02]; Check DiagData[7F 27 35]Within[50]ms; Send DiagBy[Physical]Data[27 01]AndCheckResp[PositiveResponse]; Send Security Wrong KeyBy[Physical]Level[02]; Check DiagData[7F 27 36]Within[50]ms; Send DiagBy[Physical]Data[27 01]; Check DiagData[7F 27 37]Within[50]ms; Send DiagBy[Physical]Data[27 01]; | J80: Check DiagData[7F 27 37]Within[50]ms; | L80: Fail
A81: Path B: Consecutive Seed Request Path
A82: 62 | B82: 1.General 2.DiagnosticServices | C82: Diag_0x27_Phy_062 | D82: Boot - Meets the maximum of 3 failed attempts (request seed); does not meet the reverse test case with a lockout time of 10 seconds | E82: High | F82: 陈亚-80025578 | G82: Based on analysis of requirements | H82: 1.Power On; | I82: Send DiagBy[Physical]Data[10 01]; Check DiagData[50 01 00 32 00 C8]Within[50]ms; Delay[1000]ms; Send DiagBy[Physical]Data[10 03]; Check DiagData[50 03 00 32 00 C8]Within[50]ms; Send DiagBy[Physical]Data[31 01 02 03]; Check DiagData[71 01 02 03 00]Within[50]ms; Send DiagBy[Physical]Data[10 02]; Check DiagData[50 02 00 32 00 C8]Within[50]ms; Send DiagBy[Physical]Data[27 01]; Check DiagData[67 01 XX XX XX XX]Within[50]ms; Send DiagBy[Physical]Data[27 01]; Check DiagData[67 01 XX XX XX XX]Within[50]ms; Send DiagBy[Physical]Data[27 01]; Check DiagData[67 01 XX XX XX XX]Within[50]ms; Send DiagBy[Physical]Data[27 01]; | J82: Check DiagData[7F 27 36]Within[50]ms; | L82: Fail
A83: 63 | B83: 1.General 2.DiagnosticServices | C83: Diag_0x27_Phy_063 | D83: Boot - A PositiveResponse test case that meets a maximum of 3 failed attempts (request seed) and a lockout duration of 10 seconds | E83: High | F83: 陈亚-80025578 | G83: Based on analysis of requirements | H83: 1.Power On; | I83: Send DiagBy[Physical]Data[10 01]; Check DiagData[50 01 00 32 00 C8]Within[50]ms; Delay[1000]ms; Send DiagBy[Physical]Data[10 03]; Check DiagData[50 03 00 32 00 C8]Within[50]ms; Send DiagBy[Physical]Data[31 01 02 03]; Check DiagData[71 01 02 03 00]Within[50]ms; Send DiagBy[Physical]Data[10 02]; Check DiagData[50 02 00 32 00 C8]Within[50]ms; Send DiagBy[Physical]Data[27 01]; Check DiagData[67 01 XX XX XX XX]Within[50]ms; Send DiagBy[Physical]Data[27 01]; Check DiagData[67 01 XX XX XX XX]Within[50]ms; Send DiagBy[Physical]Data[27 01]; Check DiagData[67 01 XX XX XX XX]Within[50]ms; Send DiagBy[Physical]Data[27 01]; Check DiagData[7F 27 36]Within[50]ms; Delay[10000]ms; Send DiagBy[Physical]Data[27 01]; | J83: Check DiagData[67 01 XX XX XX XX]Within[50]ms; | L83: Fail
A84: 64 | B84: 1.General 2.DiagnosticServices | C84: Diag_0x27_Phy_064 | D84: Boot - A negative test case where the maximum number of secure access attempts (request seed) is reached and the 10-second delay has not expired | E84: High | F84: 陈亚-80025578 | G84: Based on analysis of requirements | H84: 1.Power On; | I84: Send DiagBy[Physical]Data[10 01]; Check DiagData[50 01 00 32 00 C8]Within[50]ms; Delay[1000]ms; Send DiagBy[Physical]Data[10 03]; Check DiagData[50 03 00 32 00 C8]Within[50]ms; Send DiagBy[Physical]Data[31 01 02 03]; Check DiagData[71 01 02 03 00]Within[50]ms; Send DiagBy[Physical]Data[10 02]; Check DiagData[50 02 00 32 00 C8]Within[50]ms; Send DiagBy[Physical]Data[27 01]; Check DiagData[67 01 XX XX XX XX]Within[50]ms; Send DiagBy[Physical]Data[27 01]; Check DiagData[67 01 XX XX XX XX]Within[50]ms; Send DiagBy[Physical]Data[27 01]; Check DiagData[67 01 XX XX XX XX]Within[50]ms; Send DiagBy[Physical]Data[27 01]; Check DiagData[7F 27 36]Within[50]ms; Delay[5000]ms; Send DiagBy[Physical]Data[27 01]; | J84: Check DiagData[7F 27 37]Within[50]ms; | L84: Fail
A85: 65 | B85: 1.General 2.DiagnosticServices | C85: Diag_0x27_Phy_065 | D85: Boot - When the maximum number of safe access attempts (request seed) = 4 is reached, successfully unlock once to reset counter | E85: High | F85: 陈亚-80025578 | G85: Based on analysis of requirements | H85: 1.Power On; | I85: Send DiagBy[Physical]Data[10 01]; Check DiagData[50 01 00 32 00 C8]Within[50]ms; Delay[1000]ms; Send DiagBy[Physical]Data[10 03]; Check DiagData[50 03 00 32 00 C8]Within[50]ms; Send DiagBy[Physical]Data[31 01 02 03]; Check DiagData[71 01 02 03 00]Within[50]ms; Send DiagBy[Physical]Data[10 02]; Check DiagData[50 02 00 32 00 C8]Within[50]ms; Send DiagBy[Physical]Data[27 01]; Check DiagData[67 01 XX XX XX XX]Within[50]ms; Send DiagBy[Physical]Data[27 01]; Check DiagData[67 01 XX XX XX XX]Within[50]ms; Send DiagBy[Physical]Data[27 01]AndCheckResp[PositiveResponse]; Send Security Right KeyBy[Physical]Level[02]; Check DiagData[67 02]Within[50]ms; Send DiagBy[Physical]Data[27 01]; Check DiagData[67 01 00 00 00 00]Within[50]ms; Send DiagBy[Physical]Data[27 01]; Check DiagData[67 01 00 00 00 00]Within[50]ms; Send DiagBy[Physical]Data[27 01]; Check DiagData[67 01 00 00 00 00]Within[50]ms; Send DiagBy[Physical]Data[27 01]; | J85: Check DiagData[7F 27 36]Within[50]ms; | L85: Fail
A86: 66 | B86: 1.General 2.DiagnosticServices | C86: Diag_0x27_Phy_066 | D86: Boot - SAcounter equals 3 after reset when FAAflag = True (request seed) - PositiveResponse | E86: High | F86: 陈亚-80025578 | G86: Based on analysis of requirements | H86: 1.Power On; | I86: Send DiagBy[Physical]Data[10 01]; Check DiagData[50 01 00 32 00 C8]Within[50]ms; Delay[1000]ms; Send DiagBy[Physical]Data[10 03]; Check DiagData[50 03 00 32 00 C8]Within[50]ms; Send DiagBy[Physical]Data[31 01 02 03]; Check DiagData[71 01 02 03 00]Within[50]ms; Send DiagBy[Physical]Data[10 02]; Check DiagData[50 02 00 32 00 C8]Within[50]ms; Send DiagBy[Physical]Data[27 01]; Check DiagData[67 01 XX XX XX XX]Within[50]ms; Send DiagBy[Physical]Data[27 01]; Check DiagData[67 01 XX XX XX XX]Within[50]ms; Send DiagBy[Physical]Data[27 01]; Check DiagData[67 01 XX XX XX XX]Within[50]ms; Send DiagBy[Physical]Data[27 01]; Check DiagData[7F 27 36]Within[50]ms; Set Voltage[0]V; Delay[1000]ms; Set Voltage[12]V; Delay[1000]ms; Send DiagBy[Physical]Data[10 01]; Check DiagData[50 01 00 32 00 C8]Within[50]ms; Delay[1000]ms; Send DiagBy[Physical]Data[10 03]; Check DiagData[50 03 00 32 00 C8]Within[50]ms; Send DiagBy[Physical]Data[31 01 02 03]; Check DiagData[71 01 02 03 00]Within[50]ms; Send DiagBy[Physical]Data[10 02]; Check DiagData[50 02 00 32 00 C8]Within[50]ms; Send DiagBy[Physical]Data[27 01]; | J86: Check DiagData[7F 27 37]Within[50]ms; | L86: Fail
A87: 67 | B87: 1.General 2.DiagnosticServices | C87: Diag_0x27_Phy_067 | D87: Boot - SAcounter after reset when FAAflag = False (request seed) - PositiveResponse | E87: High | F87: 陈亚-80025578 | G87: Based on analysis of requirements | H87: 1.Power On; | I87: Send DiagBy[Physical]Data[10 01]; Check DiagData[50 01 00 32 00 C8]Within[50]ms; Delay[1000]ms; Send DiagBy[Physical]Data[10 03]; Check DiagData[50 03 00 32 00 C8]Within[50]ms; Send DiagBy[Physical]Data[31 01 02 03]; Check DiagData[71 01 02 03 00]Within[50]ms; Send DiagBy[Physical]Data[10 02]; Check DiagData[50 02 00 32 00 C8]Within[50]ms; Send DiagBy[Physical]Data[27 01]; Check DiagData[67 01 XX XX XX XX]Within[50]ms; Send DiagBy[Physical]Data[27 01]; Check DiagData[67 01 XX XX XX XX]Within[50]ms; Send DiagBy[Physical]Data[27 01]; Check DiagData[67 01 XX XX XX XX]Within[50]ms; Send DiagBy[Physical]Data[27 01]; Check DiagData[7F 27 36]Within[50]ms; Set Voltage[0]V; Delay[1000]ms; Set Voltage[12]V; Delay[1000]ms; Send DiagBy[Physical]Data[10 01]; Check DiagData[50 01 00 32 00 C8]Within[50]ms; Delay[1000]ms; Send DiagBy[Physical]Data[10 03]; Check DiagData[50 03 00 32 00 C8]Within[50]ms; Send DiagBy[Physical]Data[31 01 02 03]; Check DiagData[71 01 02 03 00]Within[50]ms; Send DiagBy[Physical]Data[10 02]; Check DiagData[50 02 00 32 00 C8]Within[50]ms; Send DiagBy[Physical]Data[27 01]; | J87: Check DiagData[67 01 XX XX XX XX]Within[50]ms; | L87: Fail
A88: 68 | B88: 1.General 2.DiagnosticServices | C88: Diag_0x27_Phy_068 | D88: Boot - Hardware reset enabled 10s delay time (request seed) - PositiveResponse | E88: High | F88: 陈亚-80025578 | G88: Based on analysis of requirements | H88: 1.Power On; | I88: Send DiagBy[Physical]Data[10 01]; Check DiagData[50 01 00 32 00 C8]Within[50]ms; Delay[1000]ms; Send DiagBy[Physical]Data[10 03]; Check DiagData[50 03 00 32 00 C8]Within[50]ms; Send DiagBy[Physical]Data[31 01 02 03]; Check DiagData[71 01 02 03 00]Within[50]ms; Send DiagBy[Physical]Data[10 02]; Check DiagData[50 02 00 32 00 C8]Within[50]ms; Send DiagBy[Physical]Data[27 01]; Check DiagData[67 01 XX XX XX XX]Within[50]ms; Send DiagBy[Physical]Data[27 01]; Check DiagData[67 01 XX XX XX XX]Within[50]ms; Send DiagBy[Physical]Data[27 01]; Check DiagData[67 01 XX XX XX XX]Within[50]ms; Send DiagBy[Physical]Data[27 01]; Check DiagData[7F 27 36]Within[50]ms; Send DiagBy[Physical]Data[11 01]; Check DiagData[51 01]Within[50]ms; Delay[2000]ms; Send DiagBy[Physical]Data[10 01]; Check DiagData[50 01 00 32 00 C8]Within[50]ms; Delay[1000]ms; Send DiagBy[Physical]Data[10 03]; Check DiagData[50 03 00 32 00 C8]Within[50]ms; Send DiagBy[Physical]Data[31 01 02 03]; Check DiagData[71 01 02 03 00]Within[50]ms; Send DiagBy[Physical]Data[10 02]; Check DiagData[50 02 00 32 00 C8]Within[50]ms; Delay[10000]ms; Send DiagBy[Physical]Data[27 01]; | J88: Check DiagData[67 01 XX XX XX XX]Within[50]ms; | L88: Fail
A89: 69 | B89: 1.General 2.DiagnosticServices | C89: Diag_0x27_Phy_069 | D89: Boot - Reverse test case for reaching the maximum number of safe access attempts (request seed) and the 10-second delay | E89: High | F89: 陈亚-80025578 | G89: Based on analysis of requirements | H89: 1.Power On; | I89: Send DiagBy[Physical]Data[10 01]; Check DiagData[50 01 00 32 00 C8]Within[50]ms; Delay[1000]ms; Send DiagBy[Physical]Data[10 03]; Check DiagData[50 03 00 32 00 C8]Within[50]ms; Send DiagBy[Physical]Data[31 01 02 03]; Check DiagData[71 01 02 03 00]Within[50]ms; Send DiagBy[Physical]Data[10 02]; Check DiagData[50 02 00 32 00 C8]Within[50]ms; Send DiagBy[Physical]Data[27 01]; Check DiagData[67 01 XX XX XX XX]Within[50]ms; Send DiagBy[Physical]Data[27 01]; Check DiagData[67 01 XX XX XX XX]Within[50]ms; Send DiagBy[Physical]Data[27 01]; Check DiagData[67 01 XX XX XX XX]Within[50]ms; Send DiagBy[Physical]Data[27 01]; Check DiagData[7F 27 36]Within[50]ms; Send DiagBy[Physical]Data[27 01]; Check DiagData[7F 27 37]Within[50]ms; Send DiagBy[Physical]Data[27 01]; | J89: Check DiagData[7F 27 37]Within[50]ms; | L89: Fail
A90: 2.4 Boot Secure Access Time Test
A91: 70 | B91: 1.General 2.DiagnosticServices | C91: Diag_0x27_Phy_070 | D91: Boot - Duration after unlocking: 5s - PositiveResponse Response Case-$27 | E91: High | F91: 陈亚-80025578 | G91: Based on analysis of requirements | H91: 1.Power On; | I91: Send DiagBy[Physical]Data[10 01]; Check DiagData[50 01 00 32 00 C8]Within[50]ms; Delay[1000]ms; Send DiagBy[Physical]Data[10 03]; Check DiagData[50 03 00 32 00 C8]Within[50]ms; Send DiagBy[Physical]Data[31 01 02 03]; Check DiagData[71 01 02 03 00]Within[50]ms; Send DiagBy[Physical]Data[10 02]; Check DiagData[50 02 00 32 00 C8]Within[50]ms; Send DiagBy[Physical]Data[27 01]AndCheckResp[PositiveResponse]; Send Security Right KeyBy[Physical]Level[02]; Check DiagData[67 02]Within[50]ms; Delay[4900]ms; Send DiagBy[Physical]Data[3E 00]; Check DiagData[7E 00]Within[50]ms; Delay[4900]ms; Send DiagBy[Physical]Data[27 01]; | J91: Check DiagData[67 01 00 00 00 00]Within[50]ms; | L91: Fail
A92: 2.5 Boot ECU Reset Test
A93: 71 | B93: 1.General 2.DiagnosticServices | C93: Diag_0x27_Phy_071 | D93: Boot - ECU power reset Session returns to the DefaultSession PositiveResponseCase-$27 | E93: Low | F93: 陈亚-80025578 | G93: Based on analysis of requirements | H93: 1.Power On; | I93: Send DiagBy[Physical]Data[10 01]; Check DiagData[50 01 00 32 00 C8]Within[50]ms; Delay[1000]ms; Send DiagBy[Physical]Data[10 03]; Check DiagData[50 03 00 32 00 C8]Within[50]ms; Send DiagBy[Physical]Data[31 01 02 03]; Check DiagData[71 01 02 03 00]Within[50]ms; Send DiagBy[Physical]Data[10 02]; Check DiagData[50 02 00 32 00 C8]Within[50]ms; Send DiagBy[Physical]Data[27 01]AndCheckResp[PositiveResponse]; Send Security Right KeyBy[Physical]Level[02]; Check DiagData[67 02]Within[50]ms; Set Voltage[0]V; Delay[1000]ms; Set Voltage[12]V; Delay[1000]ms; Send DiagBy[Physical]Data[10 01]; Check DiagData[50 01 00 32 00 C8]Within[50]ms; Delay[1000]ms; Send DiagBy[Physical]Data[10 03]; Check DiagData[50 03 00 32 00 C8]Within[50]ms; Send DiagBy[Physical]Data[31 01 02 03]; Check DiagData[71 01 02 03 00]Within[50]ms; Send DiagBy[Physical]Data[10 02]; Check DiagData[50 02 00 32 00 C8]Within[50]ms; Send DiagBy[Physical]Data[27 01]; | J93: Check DiagData[67 01 XX XX XX XX]Within[50]ms; | L93: Fail
A94: 72 | B94: 1.General 2.DiagnosticServices | C94: Diag_0x27_Phy_072 | D94: Boot - ECU Hardware reset Session returns to the DefaultSession PositiveResponseCase-$27 | E94: Low | F94: 陈亚-80025578 | G94: Based on analysis of requirements | H94: 1.Power On; | I94: Send DiagBy[Physical]Data[10 01]; Check DiagData[50 01 00 32 00 C8]Within[50]ms; Delay[1000]ms; Send DiagBy[Physical]Data[10 03]; Check DiagData[50 03 00 32 00 C8]Within[50]ms; Send DiagBy[Physical]Data[31 01 02 03]; Check DiagData[71 01 02 03 00]Within[50]ms; Send DiagBy[Physical]Data[10 02]; Check DiagData[50 02 00 32 00 C8]Within[50]ms; Send DiagBy[Physical]Data[27 01]AndCheckResp[PositiveResponse]; Send Security Right KeyBy[Physical]Level[02]; Check DiagData[67 02]Within[50]ms; Send DiagBy[Physical]Data[11 01]; Check DiagData[51 01]Within[50]ms; Delay[2000]ms; Send DiagBy[Physical]Data[10 01]; Check DiagData[50 01 00 32 00 C8]Within[50]ms; Delay[1000]ms; Send DiagBy[Physical]Data[10 03]; Check DiagData[50 03 00 32 00 C8]Within[50]ms; Send DiagBy[Physical]Data[31 01 02 03]; Check DiagData[71 01 02 03 00]Within[50]ms; Send DiagBy[Physical]Data[10 02]; Check DiagData[50 02 00 32 00 C8]Within[50]ms; Send DiagBy[Physical]Data[27 01]; | J94: Check DiagData[67 01 XX XX XX XX]Within[50]ms; | L94: Fail
A95: 73 | B95: 1.General 2.DiagnosticServices | C95: Diag_0x27_Phy_073 | D95: Boot - Switch default Session 0x27 Security access level reset NegativeCase-$27 | E95: Low | F95: 陈亚-80025578 | G95: Based on analysis of requirements | H95: 1.Power On; | I95: Send DiagBy[Physical]Data[10 01]; Check DiagData[50 01 00 32 00 C8]Within[50]ms; Delay[1000]ms; Send DiagBy[Physical]Data[10 03]; Check DiagData[50 03 00 32 00 C8]Within[50]ms; Send DiagBy[Physical]Data[31 01 02 03]; Check DiagData[71 01 02 03 00]Within[50]ms; Send DiagBy[Physical]Data[10 02]; Check DiagData[50 02 00 32 00 C8]Within[50]ms; Send DiagBy[Physical]Data[27 01]AndCheckResp[PositiveResponse]; Send Security Right KeyBy[Physical]Level[02]; Check DiagData[67 02]Within[50]ms; Send DiagBy[Physical]Data[10 01]; Check DiagData[50 01 00 32 00 C8]Within[50]ms; Send DiagBy[Physical]Data[10 01]; Check DiagData[50 01 00 32 00 C8]Within[50]ms; Delay[1000]ms; Send DiagBy[Physical]Data[10 03]; Check DiagData[50 03 00 32 00 C8]Within[50]ms; Send DiagBy[Physical]Data[31 01 02 03]; Check DiagData[71 01 02 03 00]Within[50]ms; Send DiagBy[Physical]Data[10 02]; Check DiagData[50 02 00 32 00 C8]Within[50]ms; Send DiagBy[Physical]Data[27 01]; | J95: Check DiagData[67 01 XX XX XX XX]Within[50]ms; | L95: Fail
A96: 74 | B96: 1.General 2.DiagnosticServices | C96: Diag_0x27_Phy_074 | D96: Boot - Software reset, security access function normal request to the seed PositiveResponsecase-$27 | E96: High | F96: 陈亚-80025578 | G96: Based on analysis of requirements | H96: 1.Power On; | I96: Send DiagBy[Physical]Data[10 01]; Check DiagData[50 01 00 32 00 C8]Within[50]ms; Delay[1000]ms; Send DiagBy[Physical]Data[10 03]; Check DiagData[50 03 00 32 00 C8]Within[50]ms; Send DiagBy[Physical]Data[31 01 02 03]; Check DiagData[71 01 02 03 00]Within[50]ms; Send DiagBy[Physical]Data[10 02]; Check DiagData[50 02 00 32 00 C8]Within[50]ms; Send DiagBy[Physical]Data[11 01]; Check DiagData[51 01]Within[50]ms; Delay[2000]ms; Send DiagBy[Physical]Data[10 01]; Check DiagData[50 01 00 32 00 C8]Within[50]ms; Delay[1000]ms; Send DiagBy[Physical]Data[10 03]; Check DiagData[50 03 00 32 00 C8]Within[50]ms; Send DiagBy[Physical]Data[31 01 02 03]; Check DiagData[71 01 02 03 00]Within[50]ms; Send DiagBy[Physical]Data[10 02]; Check DiagData[50 02 00 32 00 C8]Within[50]ms; Send DiagBy[Physical]Data[27 01]; | J96: Check DiagData[67 01 XX XX XX XX]Within[50]ms; | L96: Fail
A97: 2.6 Boot SPRMIB Test
A98: 75 | B98: 1.General 2.DiagnosticServices | C98: Diag_0x27_Phy_075 | D98: Boot - The 0x27 nonsupport SPRMIB Negativecase-$27 | E98: High | F98: 陈亚-80025578 | G98: Based on analysis of requirements | H98: 1.Power On; | I98: Send DiagBy[Physical]Data[10 01]; Check DiagData[50 01 00 32 00 C8]Within[50]ms; Delay[1000]ms; Send DiagBy[Physical]Data[10 03]; Check DiagData[50 03 00 32 00 C8]Within[50]ms; Send DiagBy[Physical]Data[31 01 02 03]; Check DiagData[71 01 02 03 00]Within[50]ms; Send DiagBy[Physical]Data[10 02]; Check DiagData[50 02 00 32 00 C8]Within[50]ms; Send DiagBy[Physical]Data[27 81]; Check DiagData[7F 27 12]Within[50]ms; Send DiagBy[Physical]Data[27 82]; | J98: Check DiagData[7F 27 12]Within[50]ms; | L98: Fail
A99: 2.7 Boot Incorrect Diagnostic Command Test
A100: 76 | B100: 1.General 2.DiagnosticServices | C100: Diag_0x27_Phy_076 | D100: Boot - Valid SF_DL=2, invalid SF_DL > 2, and those with invalid equivalence class SF_DL=3 NegativeCase-$27 | E100: Low | F100: 陈亚-80025578 | G100: Based on analysis of requirements | H100: 1.Power On; | I100: Send DiagBy[Physical]Data[10 01]; Check DiagData[50 01 00 32 00 C8]Within[50]ms; Delay[1000]ms; Send DiagBy[Physical]Data[10 03]; Check DiagData[50 03 00 32 00 C8]Within[50]ms; Send DiagBy[Physical]Data[31 01 02 03]; Check DiagData[71 01 02 03 00]Within[50]ms; Send DiagBy[Physical]Data[10 02]; Check DiagData[50 02 00 32 00 C8]Within[50]ms; Send DiagBy[Physical]Data[27 01 00]WithLen[3]; | J100: Check DiagData[7F 27 13]Within[50]ms; | L100: Fail
...

Sheet SecurityAccess_0x27_Confirm
B1: Test Level | C1: SYS.5
A2: Sequence Number | B2: System Requirement ID | C2: Test Case | G2: Design Method | H2: Precondition | I2: Test Procedure | J2: Expected Output | K2: Actual Output | L2: Judgement Result | M2: Defect ID
C3: ID | D3: Name | E3: Priority | F3: Author
A4: 1.Application Service_Physical Addressing
A5: 1.1 Session Layer Test
A6: =MAX($A$1:A5)+1 -> 1 | B6: 1.General 2.DiagnosticServices | C6: ="Diag_0x27_Phy_" & TEXT(A6, "000") -> Diag_0x27_Phy_001 | D6: Default Session nonsupport 0x27 Service security access level 2 Negativecase-$27 | E6: High | F6: 陈亚-80025578 | G6: Based on analysis of requirements | H6: 1.Power On; | I6: 1.Send DiagBy[Physical]Data[10 01]; 2.Send DiagBy[Physical]Data[27 01]AndCheckResp[0x7F]; | J6: 1.Check DiagData[50 01 00 32 00 C8]Within[50]ms; | L6: Pass
A7: =MAX($A$1:A6)+1 -> 2 | B7: 1.General 2.DiagnosticServices | C7: ="Diag_0x27_Phy_" & TEXT(A7, "000") -> Diag_0x27_Phy_002 | D7: Programing Session nonsupport 0x27 Service security access level 4 Negativecase-$27 | E7: High | F7: 陈亚-80025578 | G7: Based on analysis of requirements | H7: 1.Power On | I7: 1.Send DiagBy[Physical]Data[10 01]; 2.Send DiagBy[Physical]Data[10 03]; 4.Send DiagBy[Physical]Data[10 02]; 5.Send DiagBy[Physical]Data[27 01]AndCheckResp[PositiveResponse]; | J7: 1.Check DiagData[50 01 00 32 00 C8]Within[50]ms; 2.Check DiagData[50 03 00 32 00 C8]Within[50]ms; 4.Check DiagData[50 02 00 32 00 C8]Within[50]ms; | L7: Pass
A8: =MAX($A$1:A7)+1 -> 3 | B8: 1.General 2.DiagnosticServices | C8: ="Diag_0x27_Phy_" & TEXT(A8, "000") -> Diag_0x27_Phy_003 | D8: Extended Session support 0x27 Service security access level 2 PositiveResponsecase-$27 | E8: High | F8: 陈亚-80025578 | G8: Based on analysis of requirements | H8: 1.Power On | I8: 1.Send DiagBy[Physical]Data[10 01]; 2.Delay[5000]ms; 3.Send DiagBy[Physical]Data[10 03]; 4.Send DiagBy[Physical]Data[27 01]AndCheckResp[1]; 5.Send Security Right KeyBy[Physical]Level[0x2]; | J8: 1.Check DiagData[50 01 00 32 00 C8]Within[50]ms; 3.Check DiagData[50 03 00 32 00 C8]Within[50]ms; 5.Check DiagData[67 02]Within[50]ms; | L8: Pass
A9: =MAX($A$1:A8)+1 -> 4 | B9: 1.General 2.DiagnosticServices | C9: ="Diag_0x27_Phy_" & TEXT(A9, "000") -> Diag_0x27_Phy_004 | D9: Extended Session nonsupport 0x27 Service security access level 4 Negativecase-$27 | E9: High | F9: 陈亚-80025578 | G9: Based on analysis of requirements | H9: 1.Power On | I9: 1.Send DiagBy[Physical]Data[10 01]; 2.Send DiagBy[Physical]Data[27 01]AndCheckResp[0x12]; | J9: 1.Check DiagData[50 01 00 32 00 C8]Within[50]ms; | L9: Pass
A10: =MAX($A$1:A9)+1 -> 5 | B10: 1.General 2.DiagnosticServices | C10: ="Diag_0x27_Phy_" & TEXT(A10, "000") -> Diag_0x27_Phy_005 | D10: Extended Session nonsupport 0x27 Service security access level 4 Negativecase-$27 | E10: High | F10: 陈亚-80025578 | G10: Based on analysis of requirements | H10: 1.Power On | I10: 1.Send DiagBy[Physical]Data[10 03]; 2.Send DiagBy[Physical]Data[27 01]AndCheckResp[0x12]; | J10: 1.Check DiagData[50 03 00 32 00 C8]Within[50]ms; | L10: Pass
A11: 1.2 SPRMIB Test
A12: =MAX($A$1:A11)+1 -> 6 | B12: 1.General 2.DiagnosticServices | C12: ="Diag_0x27_Phy_" & TEXT(A12, "000") -> Diag_0x27_Phy_006 | D12: The 0x27 nonsupport SPRMIB Negativecase-$27 | E12: High | F12: 陈亚-80025578 | G12: Based on analysis of requirements | H12: 1.Power On | I12: 1.Send DiagBy[Physical]Data[10 01]; 2.Send DiagBy[Physical]Data[10 03]; 3.Send DiagBy[Physical]Data[27 81]; 4.Send DiagBy[Physical]Data[27 83]; | J12: 1.Check DiagData[50 01 00 32 00 C8]Within[50]ms; 2.Check DiagData[50 03 00 32 00 C8]Within[50]ms; 3.Check DiagData[7F 27 12]Within[50]ms; 4.Check DiagData[7F 27 12]Within[50]ms; | L12: Pass
A13: 1.3 Secure Access Test
A14: =MAX($A$1:A13)+1 -> 7 | B14: 1.General 2.DiagnosticServices | C14: ="Diag_0x27_Phy_" & TEXT(A14, "000") -> Diag_0x27_Phy_007 | D14: Does not meet the secure access process, only requests seeds, a negative test case where secure access cannot be unlocked Negativecase-$27 | E14: High | F14: 陈亚-80025578 | G14: Based on analysis of requirements | H14: 1.Power On | I14: 1.Send DiagBy[Physical]Data[10 01]; 2.Send DiagBy[Physical]Data[10 03]; 3.Send DiagBy[Physical]Data[27 02]; | J14: 1.Check DiagData[50 01 00 32 00 C8]Within[50]ms; 2.Check DiagData[50 03 00 32 00 C8]Within[50]ms; 3.Check DiagData[7F 27 24]Within[50]ms; | L14: Pass
A15: =MAX($A$1:A14)+1 -> 8 | B15: 1.General 2.DiagnosticServices | C15: ="Diag_0x27_Phy_" & TEXT(A15, "000") -> Diag_0x27_Phy_008 | D15: Does not meet the secure access process, only sending the key; a negative test case where secure access cannot be unlocked Negativecase-$27 | E15: High | F15: 陈亚-80025578 | G15: Based on analysis of requirements | H15: 1.Power On | I15: 1.Send DiagBy[Physical]Data[10 01]; 2.Send DiagBy[Physical]Data[10 03]; 3.Send DiagBy[Physical]Data[27 01]AndCheckResp[PositiveResponse]; 4.Send DiagBy[Physical]Data[2E F1 90 56 4E 53 5A 48 49 54 54 45 43 48 30 30 30 30 30 31]; | J15: 1.Check DiagData[50 01 00 32 00 C8]Within[50]ms; 2.Check DiagData[50 03 00 32 00 C8]Within[50]ms; 4.Check DiagData[7F 2E 11]Within[50]ms; | L15: Pass
